customer,letter,applied
C00001,B,No
C00002,B,No
C00003,A,No
C00004,B,No
C00005,B,No
C00006,A,No
C00007,B,No
C00008,B,Yes
C00009,B,No
C00010,B,No
C00011,B,No
C00012,B,No
C00013,A,No
C00014,A,No
C00015,A,No
C00016,B,No
C00017,A,No
C00018,B,No
C00019,B,No
C00020,A,No
C00021,A,No
C00022,A,No
C00023,B,No
C00024,B,No
C00025,B,No
C00026,A,Yes
C00027,B,No
C00028,B,No
C00029,B,No
C00030,A,No
C00031,B,No
C00032,A,No
C00033,A,No
C00034,A,No
C00035,A,No
C00036,B,No
C00037,A,No
C00038,A,No
C00039,B,No
C00040,B,Yes
C00041,B,No
C00042,A,No
C00043,B,No
C00044,B,No
C00045,A,Yes
C00046,A,No
C00047,A,No
C00048,A,No
C00049,B,No
C00050,A,Yes
C00051,A,No
C00052,B,No
C00053,B,No
C00054,A,No
C00055,A,No
C00056,A,No
C00057,B,No
C00058,B,No
C00059,A,No
C00060,B,No
C00061,A,No
C00062,B,No
C00063,A,No
C00064,B,No
C00065,A,No
C00066,A,No
C00067,A,No
C00068,A,No
C00069,B,No
C00070,B,No
C00071,B,No
C00072,B,No
C00073,B,No
C00074,B,No
C00075,B,No
C00076,B,Yes
C00077,A,No
C00078,B,No
C00079,A,No
C00080,A,No
C00081,B,No
C00082,B,Yes
C00083,A,No
C00084,B,No
C00085,A,No
C00086,B,No
C00087,A,No
C00088,A,No
C00089,B,No
C00090,B,No
C00091,B,No
C00092,B,No
C00093,A,No
C00094,A,No
C00095,B,No
C00096,A,No
C00097,B,No
C00098,B,No
C00099,B,Yes
C00100,B,No
C00101,A,No
C00102,B,No
C00103,B,Yes
C00104,A,No
C00105,B,No
C00106,A,No
C00107,A,No
C00108,B,No
C00109,B,No
C00110,B,No
C00111,B,No
C00112,A,No
C00113,B,No
C00114,B,No
C00115,B,No
C00116,A,No
C00117,A,No
C00118,A,No
C00119,A,No
C00120,B,No
C00121,A,Yes
C00122,A,No
C00123,B,No
C00124,B,No
C00125,A,No
C00126,A,No
C00127,A,No
C00128,A,No
C00129,A,No
C00130,A,No
C00131,B,No
C00132,B,No
C00133,A,No
C00134,B,No
C00135,B,No
C00136,B,No
C00137,B,No
C00138,B,No
C00139,A,No
C00140,B,No
C00141,B,No
C00142,B,No
C00143,B,No
C00144,A,No
C00145,A,No
C00146,A,Yes
C00147,A,No
C00148,A,No
C00149,A,No
C00150,A,No
C00151,A,No
C00152,A,No
C00153,B,No
C00154,B,No
C00155,B,No
C00156,B,Yes
C00157,A,No
C00158,A,No
C00159,B,No
C00160,B,No
C00161,A,No
C00162,B,No
C00163,A,No
C00164,B,No
C00165,B,No
C00166,A,No
C00167,B,No
C00168,B,No
C00169,A,No
C00170,A,No
C00171,A,No
C00172,B,No
C00173,B,Yes
C00174,A,Yes
C00175,A,No
C00176,A,No
C00177,A,No
C00178,B,No
C00179,A,No
C00180,A,No
C00181,A,No
C00182,B,No
C00183,B,No
C00184,A,No
C00185,B,No
C00186,A,No
C00187,A,No
C00188,A,No
C00189,A,No
C00190,B,No
C00191,B,No
C00192,A,No
C00193,B,No
C00194,B,No
C00195,A,No
C00196,A,Yes
C00197,A,No
C00198,B,No
C00199,B,No
C00200,B,No
C00201,B,No
C00202,A,No
C00203,B,No
C00204,A,Yes
C00205,B,No
C00206,B,No
C00207,B,No
C00208,B,No
C00209,A,No
C00210,B,No
C00211,B,Yes
C00212,A,No
C00213,B,No
C00214,B,No
C00215,A,No
C00216,B,No
C00217,B,No
C00218,A,No
C00219,B,No
C00220,A,No
C00221,B,No
C00222,A,No
C00223,B,No
C00224,B,No
C00225,A,No
C00226,B,No
C00227,A,No
C00228,A,No
C00229,A,No
C00230,B,No
C00231,A,No
C00232,A,No
C00233,A,Yes
C00234,A,No
C00235,A,No
C00236,B,No
C00237,A,No
C00238,A,No
C00239,A,No
C00240,B,Yes
C00241,B,No
C00242,A,No
C00243,B,No
C00244,B,No
C00245,B,Yes
C00246,B,No
C00247,B,No
C00248,B,No
C00249,B,Yes
C00250,B,No
C00251,A,No
C00252,A,No
C00253,A,No
C00254,B,No
C00255,A,No
C00256,B,No
C00257,A,No
C00258,A,Yes
C00259,B,No
C00260,A,No
C00261,B,No
C00262,A,No
C00263,B,No
C00264,B,No
C00265,A,No
C00266,B,No
C00267,B,No
C00268,B,No
C00269,A,No
C00270,A,No
C00271,A,No
C00272,A,No
C00273,A,No
C00274,A,No
C00275,A,No
C00276,B,No
C00277,A,No
C00278,B,No
C00279,B,Yes
C00280,A,No
C00281,B,No
C00282,B,No
C00283,B,Yes
C00284,A,No
C00285,B,No
C00286,B,No
C00287,A,No
C00288,A,No
C00289,A,No
C00290,B,No
C00291,A,No
C00292,B,No
C00293,B,No
C00294,A,No
C00295,A,No
C00296,A,No
C00297,B,No
C00298,A,No
C00299,A,No
C00300,B,No
C00301,B,No
C00302,B,No
C00303,A,No
C00304,B,No
C00305,A,No
C00306,B,No
C00307,A,No
C00308,A,No
C00309,A,No
C00310,A,No
C00311,B,No
C00312,A,No
C00313,A,No
C00314,B,No
C00315,A,No
C00316,A,No
C00317,B,No
C00318,A,No
C00319,A,No
C00320,A,Yes
C00321,A,No
C00322,B,No
C00323,A,No
C00324,A,No
C00325,A,No
C00326,B,No
C00327,B,No
C00328,A,No
C00329,B,No
C00330,A,No
C00331,A,No
C00332,B,No
C00333,A,No
C00334,A,No
C00335,A,No
C00336,A,No
C00337,A,No
C00338,B,No
C00339,B,No
C00340,A,No
C00341,A,No
C00342,A,No
C00343,A,No
C00344,A,No
C00345,A,No
C00346,B,No
C00347,A,Yes
C00348,B,No
C00349,B,No
C00350,B,No
C00351,B,No
C00352,A,No
C00353,A,No
C00354,A,Yes
C00355,A,Yes
C00356,B,No
C00357,B,No
C00358,A,No
C00359,B,No
C00360,B,No
C00361,A,No
C00362,B,No
C00363,A,No
C00364,B,No
C00365,B,No
C00366,A,No
C00367,A,No
C00368,B,No
C00369,B,Yes
C00370,B,No
C00371,A,No
C00372,A,No
C00373,A,No
C00374,B,No
C00375,B,No
C00376,B,No
C00377,B,No
C00378,B,No
C00379,B,No
C00380,A,No
C00381,A,No
C00382,B,No
C00383,A,No
C00384,B,No
C00385,A,No
C00386,A,No
C00387,B,No
C00388,B,No
C00389,B,No
C00390,B,No
C00391,B,No
C00392,A,No
C00393,B,No
C00394,B,No
C00395,A,No
C00396,A,No
C00397,A,No
C00398,B,No
C00399,B,No
C00400,B,No
C00401,A,No
C00402,A,Yes
C00403,B,No
C00404,B,No
C00405,A,No
C00406,B,No
C00407,A,No
C00408,A,No
C00409,A,No
C00410,B,No
C00411,B,No
C00412,A,Yes
C00413,B,No
C00414,A,No
C00415,A,Yes
C00416,A,No
C00417,B,No
C00418,A,No
C00419,B,No
C00420,B,No
C00421,A,No
C00422,B,No
C00423,B,No
C00424,B,No
C00425,B,No
C00426,A,No
C00427,B,No
C00428,B,No
C00429,B,No
C00430,B,No
C00431,B,No
C00432,B,No
C00433,A,No
C00434,B,Yes
C00435,A,No
C00436,A,No
C00437,A,No
C00438,A,No
C00439,B,No
C00440,B,No
C00441,B,No
C00442,A,No
C00443,B,No
C00444,A,No
C00445,B,No
C00446,A,No
C00447,A,No
C00448,A,No
C00449,B,No
C00450,B,No
C00451,A,No
C00452,A,No
C00453,B,No
C00454,A,No
C00455,A,No
C00456,B,No
C00457,A,No
C00458,B,No
C00459,A,No
C00460,B,No
C00461,B,No
C00462,A,No
C00463,A,Yes
C00464,A,No
C00465,A,No
C00466,B,No
C00467,B,No
C00468,A,No
C00469,B,No
C00470,B,No
C00471,A,No
C00472,A,No
C00473,A,No
C00474,A,No
C00475,A,No
C00476,A,No
C00477,B,No
C00478,A,No
C00479,A,No
C00480,A,No
C00481,B,No
C00482,B,No
C00483,A,No
C00484,A,No
C00485,B,No
C00486,A,No
C00487,B,No
C00488,B,No
C00489,B,No
C00490,A,No
C00491,B,No
C00492,B,No
C00493,B,No
C00494,A,No
C00495,A,No
C00496,B,No
C00497,B,No
C00498,B,No
C00499,B,No
C00500,A,No
C00501,B,No
C00502,B,No
C00503,A,Yes
C00504,B,No
C00505,B,Yes
C00506,A,No
C00507,A,No
C00508,A,No
C00509,A,No
C00510,B,No
C00511,A,No
C00512,A,Yes
C00513,A,No
C00514,B,No
C00515,A,No
C00516,A,No
C00517,B,No
C00518,B,No
C00519,B,No
C00520,B,No
C00521,A,No
C00522,A,No
C00523,A,No
C00524,B,No
C00525,B,No
C00526,A,No
C00527,B,No
C00528,A,No
C00529,A,No
C00530,B,Yes
C00531,B,No
C00532,A,No
C00533,A,No
C00534,B,No
C00535,A,No
C00536,B,No
C00537,B,No
C00538,B,No
C00539,B,No
C00540,B,No
C00541,B,No
C00542,B,No
C00543,B,No
C00544,B,No
C00545,B,No
C00546,B,No
C00547,A,No
C00548,A,No
C00549,B,No
C00550,B,No
C00551,A,No
C00552,A,No
C00553,B,No
C00554,B,No
C00555,A,No
C00556,A,No
C00557,B,No
C00558,A,No
C00559,B,No
C00560,B,No
C00561,B,Yes
C00562,A,No
C00563,A,No
C00564,B,No
C00565,B,No
C00566,A,No
C00567,B,No
C00568,A,No
C00569,A,No
C00570,A,No
C00571,A,No
C00572,A,No
C00573,A,No
C00574,B,No
C00575,A,No
C00576,A,No
C00577,A,No
C00578,B,No
C00579,B,No
C00580,A,No
C00581,B,No
C00582,A,Yes
C00583,B,No
C00584,A,No
C00585,A,No
C00586,B,No
C00587,B,No
C00588,A,No
C00589,A,No
C00590,B,No
C00591,A,No
C00592,B,No
C00593,B,No
C00594,B,No
C00595,A,No
C00596,B,No
C00597,B,No
C00598,A,No
C00599,A,No
C00600,A,No
C00601,A,No
C00602,B,No
C00603,B,No
C00604,A,Yes
C00605,B,No
C00606,A,No
C00607,A,No
C00608,B,No
C00609,A,No
C00610,B,No
C00611,A,No
C00612,A,Yes
C00613,B,No
C00614,B,No
C00615,A,No
C00616,B,Yes
C00617,B,No
C00618,A,No
C00619,A,No
C00620,B,No
C00621,B,No
C00622,B,No
C00623,B,Yes
C00624,B,No
C00625,A,No
C00626,A,No
C00627,B,No
C00628,A,No
C00629,A,No
C00630,B,No
C00631,A,No
C00632,B,No
C00633,A,No
C00634,B,No
C00635,A,No
C00636,B,No
C00637,A,No
C00638,A,No
C00639,A,No
C00640,A,No
C00641,B,No
C00642,A,No
C00643,B,No
C00644,B,No
C00645,B,No
C00646,A,No
C00647,B,No
C00648,A,No
C00649,B,No
C00650,A,No
C00651,A,No
C00652,A,No
C00653,B,No
C00654,A,No
C00655,B,No
C00656,B,No
C00657,B,No
C00658,A,No
C00659,A,No
C00660,B,No
C00661,B,No
C00662,A,No
C00663,A,No
C00664,B,No
C00665,B,No
C00666,A,No
C00667,A,No
C00668,B,No
C00669,A,No
C00670,B,Yes
C00671,B,No
C00672,A,No
C00673,B,No
C00674,A,No
C00675,A,No
C00676,B,No
C00677,A,No
C00678,A,No
C00679,B,No
C00680,A,No
C00681,B,No
C00682,A,No
C00683,B,Yes
C00684,B,No
C00685,A,No
C00686,B,No
C00687,B,No
C00688,A,No
C00689,B,No
C00690,A,Yes
C00691,B,No
C00692,B,No
C00693,A,Yes
C00694,A,No
C00695,B,No
C00696,A,Yes
C00697,B,No
C00698,A,No
C00699,B,No
C00700,B,No
C00701,B,No
C00702,B,Yes
C00703,A,No
C00704,B,No
C00705,A,No
C00706,B,No
C00707,A,No
C00708,A,No
C00709,A,Yes
C00710,B,No
C00711,A,No
C00712,A,No
C00713,B,No
C00714,B,No
C00715,A,No
C00716,A,No
C00717,A,No
C00718,A,No
C00719,B,No
C00720,B,Yes
C00721,B,No
C00722,A,No
C00723,B,No
C00724,A,No
C00725,B,No
C00726,A,No
C00727,A,No
C00728,B,No
C00729,B,No
C00730,A,Yes
C00731,A,No
C00732,B,No
C00733,A,No
C00734,B,Yes
C00735,B,No
C00736,A,No
C00737,A,Yes
C00738,A,No
C00739,B,No
C00740,B,No
C00741,B,No
C00742,B,No
C00743,A,No
C00744,B,No
C00745,B,No
C00746,A,No
C00747,B,No
C00748,B,No
C00749,B,No
C00750,B,No
C00751,B,No
C00752,B,No
C00753,A,No
C00754,A,No
C00755,B,No
C00756,B,No
C00757,B,No
C00758,B,No
C00759,A,No
C00760,A,No
C00761,B,No
C00762,B,No
C00763,A,No
C00764,B,No
C00765,B,No
C00766,A,No
C00767,A,No
C00768,B,No
C00769,B,No
C00770,A,Yes
C00771,A,No
C00772,B,No
C00773,A,Yes
C00774,B,No
C00775,A,No
C00776,A,No
C00777,A,No
C00778,B,No
C00779,A,No
C00780,A,No
C00781,A,Yes
C00782,A,No
C00783,B,No
C00784,B,No
C00785,B,No
C00786,B,No
C00787,B,No
C00788,B,No
C00789,B,No
C00790,B,No
C00791,B,No
C00792,B,No
C00793,A,No
C00794,A,No
C00795,B,No
C00796,A,No
C00797,A,No
C00798,A,No
C00799,A,Yes
C00800,B,No
C00801,A,No
C00802,B,No
C00803,A,No
C00804,A,No
C00805,A,No
C00806,A,No
C00807,A,No
C00808,B,No
C00809,B,No
C00810,B,No
C00811,A,No
C00812,B,Yes
C00813,A,No
C00814,B,No
C00815,B,No
C00816,B,Yes
C00817,B,No
C00818,B,Yes
C00819,B,No
C00820,B,No
C00821,B,No
C00822,B,No
C00823,A,No
C00824,B,No
C00825,A,No
C00826,A,No
C00827,A,No
C00828,A,No
C00829,A,No
C00830,A,Yes
C00831,B,No
C00832,B,No
C00833,B,No
C00834,B,No
C00835,A,No
C00836,B,No
C00837,A,No
C00838,B,No
C00839,A,No
C00840,B,No
C00841,B,No
C00842,A,No
C00843,B,No
C00844,B,No
C00845,A,No
C00846,A,No
C00847,A,Yes
C00848,A,No
C00849,A,No
C00850,A,No
C00851,B,No
C00852,B,No
C00853,A,No
C00854,B,No
C00855,A,No
C00856,A,No
C00857,A,No
C00858,B,No
C00859,A,No
C00860,A,No
C00861,B,No
C00862,A,No
C00863,A,No
C00864,A,No
C00865,B,No
C00866,A,No
C00867,A,No
C00868,A,No
C00869,A,No
C00870,B,No
C00871,A,No
C00872,A,Yes
C00873,B,No
C00874,A,No
C00875,A,No
C00876,B,No
C00877,A,No
C00878,B,No
C00879,A,No
C00880,B,No
C00881,B,No
C00882,A,No
C00883,A,No
C00884,B,No
C00885,A,No
C00886,A,No
C00887,A,No
C00888,A,No
C00889,A,Yes
C00890,B,No
C00891,A,No
C00892,B,No
C00893,B,No
C00894,A,No
C00895,A,No
C00896,A,No
C00897,B,No
C00898,A,No
C00899,B,No
C00900,A,Yes
C00901,B,No
C00902,A,No
C00903,A,No
C00904,A,No
C00905,A,No
C00906,A,No
C00907,A,No
C00908,A,No
C00909,B,No
C00910,A,No
C00911,B,No
C00912,B,No
C00913,B,No
C00914,A,No
C00915,B,No
C00916,A,No
C00917,A,Yes
C00918,A,No
C00919,A,Yes
C00920,A,No
C00921,A,No
C00922,B,No
C00923,A,No
C00924,A,Yes
C00925,A,No
C00926,A,No
C00927,B,No
C00928,A,No
C00929,A,No
C00930,A,No
C00931,B,No
C00932,A,No
C00933,B,No
C00934,B,No
C00935,B,No
C00936,B,No
C00937,A,No
C00938,B,No
C00939,B,No
C00940,B,No
C00941,B,No
C00942,A,No
C00943,A,No
C00944,A,No
C00945,A,No
C00946,A,Yes
C00947,B,No
C00948,B,No
C00949,B,No
C00950,A,No
C00951,B,No
C00952,A,No
C00953,A,No
C00954,A,No
C00955,A,No
C00956,A,No
C00957,A,No
C00958,A,No
C00959,A,No
C00960,B,No
C00961,A,No
C00962,A,No
C00963,B,No
C00964,A,No
C00965,B,No
C00966,A,No
C00967,A,No
C00968,A,No
C00969,B,No
C00970,A,Yes
C00971,A,No
C00972,B,No
C00973,B,No
C00974,A,No
C00975,B,No
C00976,A,No
C00977,A,Yes
C00978,A,No
C00979,A,No
C00980,B,No
C00981,B,No
C00982,A,No
C00983,B,No
C00984,A,No
C00985,B,No
C00986,B,No
C00987,A,No
C00988,B,No
C00989,B,No
C00990,A,No
C00991,A,No
C00992,A,No
C00993,B,No
C00994,B,No
C00995,B,No
C00996,A,No
C00997,A,No
C00998,A,Yes
C00999,A,No
C01000,B,No
C01001,B,No
C01002,A,No
C01003,A,No
C01004,A,No
C01005,B,No
C01006,B,No
C01007,B,No
C01008,B,No
C01009,B,No
C01010,A,No
C01011,A,No
C01012,A,No
C01013,A,No
C01014,A,No
C01015,A,No
C01016,B,No
C01017,A,No
C01018,A,No
C01019,A,No
C01020,B,No
C01021,A,No
C01022,B,No
C01023,B,No
C01024,B,No
C01025,B,No
C01026,A,No
C01027,A,No
C01028,B,Yes
C01029,A,No
C01030,A,No
C01031,B,No
C01032,B,No
C01033,B,No
C01034,A,No
C01035,A,No
C01036,A,No
C01037,A,No
C01038,B,Yes
C01039,A,No
C01040,B,No
C01041,B,No
C01042,B,No
C01043,B,No
C01044,A,No
C01045,B,No
C01046,B,Yes
C01047,A,No
C01048,A,No
C01049,A,Yes
C01050,B,No
C01051,B,No
C01052,A,No
C01053,B,No
C01054,B,No
C01055,B,No
C01056,A,No
C01057,A,Yes
C01058,A,No
C01059,B,No
C01060,A,No
C01061,A,No
C01062,B,No
C01063,A,No
C01064,B,No
C01065,B,No
C01066,A,No
C01067,B,No
C01068,B,No
C01069,A,No
C01070,A,No
C01071,B,No
C01072,A,No
C01073,A,No
C01074,B,No
C01075,A,No
C01076,A,Yes
C01077,A,No
C01078,A,No
C01079,A,No
C01080,B,No
C01081,A,No
C01082,A,No
C01083,B,No
C01084,A,No
C01085,B,No
C01086,A,No
C01087,B,No
C01088,B,No
C01089,A,No
C01090,A,No
C01091,A,No
C01092,B,No
C01093,A,No
C01094,A,No
C01095,B,No
C01096,A,No
C01097,A,No
C01098,A,No
C01099,B,No
C01100,A,No
C01101,B,No
C01102,B,No
C01103,A,No
C01104,B,Yes
C01105,A,No
C01106,B,No
C01107,B,No
C01108,A,No
C01109,B,Yes
C01110,A,No
C01111,A,Yes
C01112,A,No
C01113,B,No
C01114,A,No
C01115,B,No
C01116,A,No
C01117,A,No
C01118,A,No
C01119,B,No
C01120,A,No
C01121,A,No
C01122,A,No
C01123,A,No
C01124,A,No
C01125,B,Yes
C01126,A,No
C01127,B,No
C01128,B,No
C01129,B,No
C01130,A,No
C01131,A,No
C01132,A,No
C01133,B,No
C01134,A,No
C01135,A,No
C01136,B,No
C01137,B,No
C01138,B,No
C01139,A,No
C01140,B,No
C01141,A,No
C01142,A,No
C01143,A,No
C01144,B,No
C01145,B,No
C01146,A,No
C01147,A,No
C01148,B,No
C01149,B,No
C01150,B,No
C01151,A,No
C01152,A,No
C01153,B,No
C01154,A,No
C01155,A,No
C01156,A,No
C01157,B,No
C01158,A,No
C01159,A,No
C01160,B,No
C01161,B,No
C01162,A,No
C01163,A,No
C01164,B,No
C01165,A,No
C01166,A,No
C01167,B,No
C01168,B,No
C01169,A,No
C01170,A,No
C01171,B,No
C01172,A,No
C01173,B,No
C01174,A,No
C01175,B,No
C01176,A,No
C01177,A,No
C01178,A,No
C01179,B,No
C01180,B,No
C01181,A,No
C01182,A,No
C01183,A,No
C01184,B,No
C01185,A,No
C01186,A,No
C01187,A,Yes
C01188,B,No
C01189,B,No
C01190,B,No
C01191,A,No
C01192,B,No
C01193,A,No
C01194,A,No
C01195,A,No
C01196,B,No
C01197,A,No
C01198,A,No
C01199,A,No
C01200,B,No
C01201,A,No
C01202,A,No
C01203,B,No
C01204,A,No
C01205,A,No
C01206,B,No
C01207,B,No
C01208,A,No
C01209,A,No
C01210,B,No
C01211,B,No
C01212,B,No
C01213,B,No
C01214,B,No
C01215,B,No
C01216,A,No
C01217,A,No
C01218,B,No
C01219,A,No
C01220,B,No
C01221,B,No
C01222,A,No
C01223,B,No
C01224,B,No
C01225,B,No
C01226,B,No
C01227,B,No
C01228,A,No
C01229,B,No
C01230,B,No
C01231,A,No
C01232,B,No
C01233,B,No
C01234,A,No
C01235,B,No
C01236,B,Yes
C01237,B,No
C01238,B,No
C01239,A,No
C01240,B,No
C01241,A,No
C01242,B,No
C01243,B,No
C01244,A,No
C01245,A,No
C01246,A,No
C01247,B,No
C01248,A,No
C01249,A,No
C01250,B,No
C01251,B,No
C01252,A,No
C01253,B,No
C01254,B,No
C01255,B,No
C01256,B,No
C01257,B,No
C01258,A,No
C01259,B,No
C01260,B,No
C01261,A,No
C01262,A,No
C01263,B,No
C01264,A,No
C01265,B,No
C01266,B,No
C01267,B,No
C01268,B,No
C01269,A,No
C01270,A,No
C01271,A,No
C01272,B,No
C01273,A,No
C01274,A,No
C01275,B,No
C01276,A,No
C01277,B,No
C01278,A,No
C01279,B,No
C01280,B,No
C01281,A,No
C01282,B,No
C01283,A,No
C01284,B,No
C01285,B,No
C01286,B,Yes
C01287,A,No
C01288,A,No
C01289,A,No
C01290,B,No
C01291,B,No
C01292,B,No
C01293,A,No
C01294,B,No
C01295,B,No
C01296,A,No
C01297,B,No
C01298,B,No
C01299,B,No
C01300,A,No
C01301,B,No
C01302,B,No
C01303,A,No
C01304,A,No
C01305,A,No
C01306,A,No
C01307,A,Yes
C01308,B,No
C01309,B,No
C01310,B,No
C01311,A,No
C01312,B,No
C01313,A,No
C01314,B,No
C01315,A,No
C01316,A,No
C01317,A,No
C01318,A,No
C01319,A,No
C01320,B,No
C01321,B,No
C01322,A,No
C01323,A,Yes
C01324,A,No
C01325,B,No
C01326,B,No
C01327,A,No
C01328,B,No
C01329,A,No
C01330,A,No
C01331,B,No
C01332,A,No
C01333,A,No
C01334,A,No
C01335,B,No
C01336,B,No
C01337,B,No
C01338,A,Yes
C01339,A,No
C01340,A,No
C01341,A,No
C01342,B,No
C01343,B,Yes
C01344,A,Yes
C01345,B,No
C01346,A,No
C01347,A,No
C01348,B,No
C01349,B,No
C01350,B,No
C01351,A,No
C01352,B,No
C01353,A,No
C01354,B,No
C01355,B,No
C01356,A,No
C01357,B,No
C01358,A,No
C01359,B,No
C01360,B,No
C01361,A,No
C01362,B,No
C01363,B,Yes
C01364,A,No
C01365,B,No
C01366,A,No
C01367,B,No
C01368,A,No
C01369,B,No
C01370,A,No
C01371,B,No
C01372,B,No
C01373,A,No
C01374,A,No
C01375,A,No
C01376,B,No
C01377,A,No
C01378,B,No
C01379,A,No
C01380,A,No
C01381,B,No
C01382,A,No
C01383,B,No
C01384,B,No
C01385,B,No
C01386,B,Yes
C01387,A,No
C01388,B,No
C01389,A,No
C01390,B,No
C01391,A,No
C01392,B,No
C01393,A,No
C01394,A,No
C01395,B,No
C01396,A,No
C01397,A,No
C01398,B,No
C01399,B,No
C01400,A,No
C01401,B,No
C01402,A,No
C01403,B,No
C01404,A,No
C01405,A,No
C01406,B,No
C01407,B,No
C01408,A,No
C01409,B,No
C01410,A,No
C01411,A,No
C01412,B,No
C01413,B,No
C01414,A,No
C01415,A,No
C01416,B,Yes
C01417,B,No
C01418,A,No
C01419,B,No
C01420,B,No
C01421,B,No
C01422,B,No
C01423,A,No
C01424,B,No
C01425,B,No
C01426,B,No
C01427,A,No
C01428,A,Yes
C01429,A,No
C01430,B,No
C01431,A,No
C01432,B,No
C01433,A,No
C01434,A,No
C01435,A,No
C01436,B,No
C01437,B,No
C01438,B,No
C01439,A,No
C01440,B,No
C01441,B,No
C01442,B,No
C01443,B,No
C01444,B,No
C01445,B,No
C01446,A,No
C01447,B,No
C01448,B,No
C01449,B,No
C01450,B,No
C01451,B,No
C01452,B,No
C01453,A,No
C01454,B,No
C01455,B,No
C01456,A,No
C01457,A,No
C01458,B,No
C01459,A,No
C01460,B,No
C01461,B,No
C01462,B,No
C01463,B,No
C01464,B,No
C01465,B,No
C01466,B,No
C01467,B,No
C01468,A,No
C01469,B,No
C01470,B,No
C01471,B,No
C01472,A,No
C01473,A,No
C01474,B,No
C01475,A,No
C01476,A,No
C01477,A,No
C01478,A,No
C01479,B,No
C01480,B,No
C01481,A,No
C01482,A,No
C01483,A,No
C01484,B,No
C01485,A,No
C01486,B,No
C01487,A,No
C01488,A,No
C01489,A,No
C01490,A,No
C01491,B,No
C01492,B,No
C01493,A,No
C01494,B,No
C01495,B,Yes
C01496,B,No
C01497,A,Yes
C01498,B,No
C01499,A,No
C01500,A,No
C01501,A,No
C01502,A,No
C01503,B,No
C01504,A,No
C01505,A,No
C01506,B,No
C01507,A,No
C01508,A,No
C01509,A,No
C01510,B,No
C01511,B,No
C01512,A,No
C01513,B,No
C01514,A,No
C01515,A,No
C01516,A,No
C01517,B,No
C01518,A,No
C01519,A,No
C01520,B,No
C01521,A,No
C01522,A,No
C01523,B,No
C01524,B,No
C01525,B,Yes
C01526,B,No
C01527,A,No
C01528,A,No
C01529,A,No
C01530,A,No
C01531,B,No
C01532,B,No
C01533,A,No
C01534,B,No
C01535,B,No
C01536,B,No
C01537,A,Yes
C01538,B,No
C01539,B,No
C01540,B,No
C01541,B,No
C01542,B,Yes
C01543,A,No
C01544,A,No
C01545,A,No
C01546,B,No
C01547,B,No
C01548,A,No
C01549,A,No
C01550,B,No
C01551,A,Yes
C01552,B,No
C01553,A,No
C01554,B,No
C01555,B,No
C01556,A,Yes
C01557,B,No
C01558,A,No
C01559,A,No
C01560,A,No
C01561,B,No
C01562,B,No
C01563,B,No
C01564,B,No
C01565,B,No
C01566,B,No
C01567,B,Yes
C01568,B,No
C01569,A,No
C01570,A,No
C01571,B,No
C01572,A,No
C01573,B,No
C01574,A,No
C01575,B,No
C01576,B,Yes
C01577,A,Yes
C01578,A,No
C01579,B,Yes
C01580,A,No
C01581,A,No
C01582,B,No
C01583,A,No
C01584,B,No
C01585,B,No
C01586,A,No
C01587,B,No
C01588,A,Yes
C01589,A,No
C01590,A,No
C01591,A,No
C01592,B,No
C01593,B,No
C01594,B,No
C01595,A,No
C01596,B,No
C01597,A,No
C01598,B,No
C01599,A,No
C01600,B,No
C01601,A,No
C01602,A,No
C01603,A,No
C01604,B,No
C01605,A,No
C01606,B,No
C01607,A,No
C01608,A,No
C01609,A,No
C01610,B,No
C01611,B,No
C01612,A,No
C01613,B,No
C01614,B,No
C01615,A,No
C01616,B,Yes
C01617,B,No
C01618,A,No
C01619,A,No
C01620,A,No
C01621,B,No
C01622,B,No
C01623,A,No
C01624,A,No
C01625,B,No
C01626,B,No
C01627,A,No
C01628,A,No
C01629,B,No
C01630,B,No
C01631,A,No
C01632,B,No
C01633,A,No
C01634,A,Yes
C01635,A,Yes
C01636,B,No
C01637,B,No
C01638,A,No
C01639,B,No
C01640,A,No
C01641,B,No
C01642,B,No
C01643,B,No
C01644,A,No
C01645,A,No
C01646,A,No
C01647,A,No
C01648,A,No
C01649,B,No
C01650,A,No
C01651,A,No
C01652,A,No
C01653,B,No
C01654,B,No
C01655,B,No
C01656,A,No
C01657,B,No
C01658,A,No
C01659,A,Yes
C01660,A,No
C01661,A,No
C01662,B,No
C01663,A,No
C01664,A,No
C01665,B,No
C01666,B,No
C01667,A,No
C01668,B,No
C01669,A,No
C01670,A,No
C01671,A,No
C01672,A,No
C01673,B,No
C01674,A,No
C01675,B,Yes
C01676,B,No
C01677,B,No
C01678,B,No
C01679,B,No
C01680,A,No
C01681,A,No
C01682,B,No
C01683,A,No
C01684,A,No
C01685,A,No
C01686,A,No
C01687,A,No
C01688,B,No
C01689,A,No
C01690,B,No
C01691,B,No
C01692,B,No
C01693,B,No
C01694,B,No
C01695,A,No
C01696,B,No
C01697,B,Yes
C01698,B,Yes
C01699,B,No
C01700,B,No
C01701,A,No
C01702,B,No
C01703,A,No
C01704,A,No
C01705,A,Yes
C01706,B,Yes
C01707,A,No
C01708,A,No
C01709,A,No
C01710,A,No
C01711,A,No
C01712,A,No
C01713,B,No
C01714,B,No
C01715,B,No
C01716,B,No
C01717,A,No
C01718,A,No
C01719,B,No
C01720,B,No
C01721,A,No
C01722,B,No
C01723,B,No
C01724,B,No
C01725,B,No
C01726,A,No
C01727,B,No
C01728,A,No
C01729,B,No
C01730,A,No
C01731,A,No
C01732,A,No
C01733,A,No
C01734,B,No
C01735,A,No
C01736,B,No
C01737,A,Yes
C01738,B,No
C01739,B,No
C01740,B,No
C01741,A,No
C01742,B,No
C01743,B,No
C01744,B,No
C01745,A,No
C01746,B,No
C01747,B,No
C01748,A,No
C01749,A,No
C01750,A,No
C01751,A,Yes
C01752,B,No
C01753,A,No
C01754,A,No
C01755,B,No
C01756,B,No
C01757,B,No
C01758,A,No
C01759,A,No
C01760,B,Yes
C01761,B,No
C01762,B,No
C01763,B,No
C01764,A,No
C01765,A,No
C01766,A,No
C01767,A,No
C01768,A,No
C01769,A,No
C01770,A,No
C01771,B,No
C01772,A,No
C01773,A,No
C01774,A,No
C01775,B,No
C01776,B,No
C01777,B,No
C01778,B,No
C01779,B,No
C01780,A,No
C01781,A,No
C01782,A,No
C01783,B,No
C01784,B,No
C01785,A,No
C01786,B,No
C01787,B,No
C01788,B,No
C01789,A,No
C01790,B,No
C01791,A,No
C01792,B,No
C01793,A,No
C01794,B,No
C01795,A,No
C01796,A,No
C01797,A,No
C01798,B,No
C01799,A,No
C01800,A,No
C01801,A,No
C01802,A,Yes
C01803,B,No
C01804,B,No
C01805,A,No
C01806,A,No
C01807,A,No
C01808,B,No
C01809,B,No
C01810,B,No
C01811,A,No
C01812,B,No
C01813,A,No
C01814,A,No
C01815,B,No
C01816,A,Yes
C01817,B,No
C01818,A,No
C01819,A,No
C01820,B,No
C01821,B,No
C01822,B,No
C01823,A,No
C01824,A,No
C01825,B,No
C01826,A,No
C01827,B,No
C01828,A,No
C01829,A,No
C01830,A,No
C01831,A,No
C01832,A,No
C01833,B,No
C01834,B,No
C01835,A,No
C01836,A,No
C01837,B,No
C01838,A,No
C01839,A,No
C01840,A,No
C01841,A,No
C01842,A,No
C01843,B,No
C01844,B,No
C01845,A,No
C01846,B,No
C01847,B,No
C01848,A,No
C01849,B,No
C01850,B,No
C01851,B,No
C01852,B,No
C01853,B,No
C01854,B,No
C01855,A,No
C01856,A,Yes
C01857,B,No
C01858,A,No
C01859,B,No
C01860,B,Yes
C01861,B,No
C01862,B,No
C01863,B,No
C01864,B,No
C01865,B,Yes
C01866,B,No
C01867,A,Yes
C01868,A,Yes
C01869,A,No
C01870,A,No
C01871,A,No
C01872,B,No
C01873,B,No
C01874,A,No
C01875,A,No
C01876,B,No
C01877,A,No
C01878,A,No
C01879,A,No
C01880,B,No
C01881,B,No
C01882,A,No
C01883,B,No
C01884,B,No
C01885,B,Yes
C01886,B,No
C01887,B,No
C01888,A,No
C01889,A,No
C01890,A,No
C01891,B,No
C01892,B,No
C01893,A,No
C01894,A,No
C01895,B,Yes
C01896,B,No
C01897,B,No
C01898,A,No
C01899,B,No
C01900,B,No
C01901,A,No
C01902,B,No
C01903,B,Yes
C01904,B,No
C01905,A,No
C01906,B,No
C01907,B,No
C01908,A,No
C01909,A,No
C01910,B,No
C01911,B,No
C01912,B,No
C01913,B,No
C01914,A,No
C01915,A,No
C01916,B,No
C01917,B,No
C01918,B,No
C01919,A,No
C01920,B,No
C01921,B,No
C01922,B,No
C01923,B,No
C01924,B,No
C01925,B,No
C01926,A,No
C01927,A,No
C01928,B,No
C01929,B,No
C01930,B,No
C01931,A,No
C01932,A,No
C01933,A,No
C01934,A,No
C01935,A,No
C01936,A,No
C01937,A,No
C01938,B,No
C01939,B,No
C01940,B,No
C01941,A,No
C01942,B,No
C01943,A,No
C01944,B,No
C01945,A,No
C01946,A,No
C01947,B,No
C01948,A,No
C01949,A,No
C01950,A,No
C01951,B,No
C01952,A,No
C01953,B,No
C01954,B,No
C01955,B,Yes
C01956,B,No
C01957,A,No
C01958,B,No
C01959,A,No
C01960,A,No
C01961,A,No
C01962,A,No
C01963,B,No
C01964,B,No
C01965,A,No
C01966,B,No
C01967,A,No
C01968,A,No
C01969,A,No
C01970,A,No
C01971,B,No
C01972,B,No
C01973,A,No
C01974,B,No
C01975,B,No
C01976,B,No
C01977,A,No
C01978,A,No
C01979,B,No
C01980,B,No
C01981,A,No
C01982,A,No
C01983,A,Yes
C01984,B,No
C01985,B,No
C01986,B,Yes
C01987,A,No
C01988,B,Yes
C01989,B,No
C01990,B,No
C01991,B,No
C01992,B,No
C01993,B,No
C01994,B,No
C01995,A,No
C01996,B,No
C01997,A,No
C01998,B,No
C01999,B,No
C02000,A,No
C02001,A,No
C02002,B,Yes
C02003,A,No
C02004,A,No
C02005,B,Yes
C02006,A,No
C02007,A,No
C02008,B,No
C02009,A,No
C02010,B,Yes
C02011,B,No
C02012,B,No
C02013,A,Yes
C02014,A,No
C02015,A,No
C02016,A,No
C02017,A,No
C02018,A,No
C02019,B,No
C02020,B,No
C02021,B,No
C02022,A,No
C02023,A,No
C02024,B,No
C02025,A,No
C02026,A,No
C02027,B,No
C02028,B,No
C02029,A,No
C02030,B,No
C02031,B,No
C02032,A,No
C02033,B,No
C02034,B,No
C02035,A,No
C02036,A,No
C02037,B,No
C02038,B,No
C02039,B,No
C02040,B,No
C02041,B,No
C02042,A,No
C02043,B,No
C02044,B,No
C02045,A,No
C02046,B,No
C02047,B,No
C02048,B,Yes
C02049,B,No
C02050,A,No
C02051,A,No
C02052,B,No
C02053,B,No
C02054,A,No
C02055,A,No
C02056,A,No
C02057,A,No
C02058,B,No
C02059,B,No
C02060,B,No
C02061,A,No
C02062,B,No
C02063,B,Yes
C02064,B,No
C02065,B,No
C02066,B,No
C02067,A,No
C02068,A,No
C02069,A,No
C02070,A,No
C02071,B,No
C02072,B,No
C02073,B,No
C02074,B,No
C02075,B,No
C02076,B,No
C02077,B,No
C02078,B,No
C02079,B,No
C02080,B,No
C02081,B,No
C02082,B,No
C02083,B,No
C02084,B,No
C02085,B,No
C02086,A,No
C02087,A,No
C02088,A,No
C02089,B,No
C02090,B,No
C02091,A,No
C02092,A,No
C02093,A,No
C02094,B,No
C02095,B,No
C02096,A,No
C02097,B,No
C02098,A,No
C02099,A,No
C02100,B,No
C02101,A,No
C02102,A,No
C02103,A,No
C02104,B,No
C02105,A,No
C02106,B,No
C02107,B,No
C02108,B,No
C02109,B,No
C02110,A,No
C02111,B,Yes
C02112,B,No
C02113,B,No
C02114,B,No
C02115,B,No
C02116,B,No
C02117,B,No
C02118,B,Yes
C02119,A,No
C02120,A,No
C02121,B,Yes
C02122,B,No
C02123,B,No
C02124,A,Yes
C02125,B,No
C02126,A,No
C02127,A,No
C02128,A,No
C02129,A,No
C02130,A,No
C02131,B,No
C02132,A,No
C02133,B,No
C02134,A,No
C02135,B,No
C02136,A,No
C02137,B,No
C02138,A,No
C02139,A,No
C02140,B,No
C02141,A,Yes
C02142,A,No
C02143,A,No
C02144,B,No
C02145,B,No
C02146,B,No
C02147,A,No
C02148,A,No
C02149,B,No
C02150,B,No
C02151,B,No
C02152,A,No
C02153,B,No
C02154,A,No
C02155,A,No
C02156,B,No
C02157,A,No
C02158,B,No
C02159,A,No
C02160,A,Yes
C02161,B,No
C02162,A,No
C02163,B,No
C02164,A,No
C02165,A,No
C02166,A,No
C02167,A,No
C02168,B,No
C02169,B,No
C02170,A,No
C02171,A,No
C02172,B,No
C02173,A,No
C02174,A,No
C02175,B,No
C02176,A,No
C02177,A,Yes
C02178,A,No
C02179,B,No
C02180,B,No
C02181,A,Yes
C02182,B,No
C02183,B,Yes
C02184,B,No
C02185,B,No
C02186,A,No
C02187,A,No
C02188,B,No
C02189,B,No
C02190,A,No
C02191,B,No
C02192,B,No
C02193,B,No
C02194,A,No
C02195,B,No
C02196,B,Yes
C02197,B,No
C02198,B,No
C02199,A,No
C02200,A,No
C02201,A,No
C02202,A,Yes
C02203,B,No
C02204,B,No
C02205,A,No
C02206,B,No
C02207,A,No
C02208,B,No
C02209,A,No
C02210,B,Yes
C02211,B,Yes
C02212,A,No
C02213,B,Yes
C02214,B,No
C02215,B,No
C02216,B,No
C02217,B,No
C02218,A,No
C02219,A,No
C02220,A,No
C02221,A,No
C02222,B,No
C02223,B,No
C02224,A,No
C02225,A,Yes
C02226,A,No
C02227,A,No
C02228,A,No
C02229,A,No
C02230,B,No
C02231,B,No
C02232,B,No
C02233,B,No
C02234,A,No
C02235,B,No
C02236,B,No
C02237,A,No
C02238,A,No
C02239,B,No
C02240,A,No
C02241,A,No
C02242,B,No
C02243,B,No
C02244,A,No
C02245,A,No
C02246,A,No
C02247,A,Yes
C02248,A,Yes
C02249,A,Yes
C02250,A,No
C02251,B,No
C02252,B,No
C02253,A,No
C02254,A,No
C02255,B,No
C02256,A,No
C02257,A,No
C02258,A,No
C02259,B,No
C02260,A,No
C02261,A,No
C02262,B,No
C02263,A,No
C02264,A,No
C02265,B,No
C02266,A,No
C02267,A,No
C02268,A,No
C02269,A,No
C02270,A,No
C02271,B,No
C02272,B,No
C02273,A,No
C02274,B,No
C02275,A,No
C02276,B,No
C02277,B,No
C02278,A,No
C02279,B,No
C02280,A,No
C02281,A,No
C02282,A,No
C02283,A,No
C02284,B,No
C02285,B,No
C02286,A,No
C02287,B,No
C02288,A,No
C02289,A,No
C02290,B,No
C02291,A,Yes
C02292,A,No
C02293,A,No
C02294,A,No
C02295,A,No
C02296,B,No
C02297,B,No
C02298,B,No
C02299,A,No
C02300,A,No
C02301,A,No
C02302,B,No
C02303,A,No
C02304,A,No
C02305,A,Yes
C02306,B,No
C02307,A,No
C02308,A,No
C02309,B,No
C02310,B,No
C02311,A,No
C02312,A,No
C02313,B,No
C02314,A,No
C02315,B,Yes
C02316,B,No
C02317,B,No
C02318,A,No
C02319,B,No
C02320,A,No
C02321,B,No
C02322,A,No
C02323,A,No
C02324,B,No
C02325,A,No
C02326,B,No
C02327,A,No
C02328,A,No
C02329,A,No
C02330,A,No
C02331,A,No
C02332,B,No
C02333,B,No
C02334,B,No
C02335,B,No
C02336,A,No
C02337,A,No
C02338,A,No
C02339,B,No
C02340,B,No
C02341,A,No
C02342,B,No
C02343,B,Yes
C02344,A,No
C02345,A,No
C02346,B,No
C02347,B,No
C02348,B,No
C02349,B,No
C02350,A,No
C02351,A,No
C02352,B,No
C02353,B,No
C02354,B,No
C02355,A,No
C02356,A,No
C02357,A,No
C02358,B,No
C02359,B,No
C02360,B,No
C02361,A,No
C02362,A,No
C02363,B,No
C02364,B,No
C02365,A,No
C02366,A,No
C02367,B,No
C02368,B,No
C02369,A,No
C02370,A,No
C02371,A,No
C02372,B,No
C02373,A,No
C02374,A,No
C02375,A,No
C02376,A,Yes
C02377,B,No
C02378,B,No
C02379,B,No
C02380,B,No
C02381,B,No
C02382,A,No
C02383,B,No
C02384,A,No
C02385,A,No
C02386,A,No
C02387,B,No
C02388,A,No
C02389,B,No
C02390,B,No
C02391,A,No
C02392,A,No
C02393,A,No
C02394,B,No
C02395,A,Yes
C02396,B,No
C02397,B,No
C02398,B,No
C02399,B,No
C02400,A,No
C02401,A,No
C02402,A,No
C02403,B,No
C02404,B,Yes
C02405,A,No
C02406,B,No
C02407,B,No
C02408,A,Yes
C02409,B,No
C02410,A,No
C02411,B,No
C02412,B,No
C02413,A,No
C02414,B,No
C02415,B,No
C02416,B,No
C02417,A,No
C02418,B,No
C02419,B,No
C02420,B,No
C02421,A,No
C02422,A,No
C02423,B,No
C02424,B,No
C02425,B,No
C02426,B,No
C02427,A,No
C02428,B,No
C02429,B,No
C02430,B,No
C02431,B,No
C02432,A,No
C02433,B,No
C02434,B,No
C02435,B,No
C02436,A,No
C02437,B,No
C02438,A,No
C02439,A,No
C02440,A,No
C02441,B,No
C02442,B,No
C02443,B,Yes
C02444,B,No
C02445,A,No
C02446,B,No
C02447,B,No
C02448,A,No
C02449,A,No
C02450,B,No
C02451,B,No
C02452,A,No
C02453,B,No
C02454,A,No
C02455,B,No
C02456,A,No
C02457,A,No
C02458,B,No
C02459,A,No
C02460,A,No
C02461,B,No
C02462,A,No
C02463,A,No
C02464,A,No
C02465,B,No
C02466,B,No
C02467,A,No
C02468,A,No
C02469,B,No
C02470,A,No
C02471,B,No
C02472,B,No
C02473,A,No
C02474,A,No
C02475,A,No
C02476,A,No
C02477,A,No
C02478,A,No
C02479,B,No
C02480,B,No
C02481,B,No
C02482,A,No
C02483,A,No
C02484,A,No
C02485,A,No
C02486,A,No
C02487,B,No
C02488,B,No
C02489,A,No
C02490,A,No
C02491,A,No
C02492,A,No
C02493,A,No
C02494,A,No
C02495,A,No
C02496,A,No
C02497,B,No
C02498,A,No
C02499,B,No
C02500,B,No
C02501,B,No
C02502,B,No
C02503,A,No
C02504,A,Yes
C02505,A,No
C02506,B,No
C02507,A,No
C02508,B,No
C02509,B,No
C02510,B,No
C02511,A,No
C02512,B,No
C02513,A,No
C02514,B,No
C02515,A,No
C02516,B,No
C02517,A,No
C02518,A,Yes
C02519,B,No
C02520,B,No
C02521,B,No
C02522,A,No
C02523,A,No
C02524,B,No
C02525,B,No
C02526,A,No
C02527,A,No
C02528,A,No
C02529,B,No
C02530,A,No
C02531,A,No
C02532,B,No
C02533,B,No
C02534,A,No
C02535,B,No
C02536,A,No
C02537,B,No
C02538,B,No
C02539,A,No
C02540,A,No
C02541,B,No
C02542,B,No
C02543,A,No
C02544,A,No
C02545,B,Yes
C02546,B,No
C02547,B,No
C02548,A,No
C02549,A,No
C02550,A,No
C02551,B,No
C02552,B,No
C02553,B,No
C02554,A,No
C02555,A,No
C02556,A,No
C02557,B,No
C02558,A,No
C02559,A,No
C02560,A,No
C02561,B,No
C02562,B,No
C02563,A,No
C02564,B,No
C02565,B,No
C02566,A,No
C02567,A,Yes
C02568,B,Yes
C02569,A,No
C02570,A,No
C02571,B,No
C02572,A,No
C02573,A,No
C02574,B,No
C02575,B,Yes
C02576,B,No
C02577,A,No
C02578,B,No
C02579,B,No
C02580,A,No
C02581,B,No
C02582,A,No
C02583,B,No
C02584,B,No
C02585,B,No
C02586,B,No
C02587,A,No
C02588,A,No
C02589,B,No
C02590,B,No
C02591,B,No
C02592,B,No
C02593,A,No
C02594,B,No
C02595,A,No
C02596,B,No
C02597,B,No
C02598,A,No
C02599,B,No
C02600,B,No
C02601,B,No
C02602,B,No
C02603,B,No
C02604,A,No
C02605,A,No
C02606,A,No
C02607,B,No
C02608,B,No
C02609,A,No
C02610,B,No
C02611,B,No
C02612,B,No
C02613,A,Yes
C02614,A,No
C02615,A,No
C02616,A,No
C02617,B,No
C02618,B,No
C02619,B,No
C02620,B,No
C02621,B,No
C02622,A,No
C02623,A,No
C02624,A,No
C02625,A,Yes
C02626,A,No
C02627,A,Yes
C02628,A,No
C02629,B,No
C02630,B,No
C02631,A,No
C02632,B,No
C02633,B,No
C02634,A,No
C02635,B,No
C02636,A,No
C02637,B,No
C02638,B,No
C02639,A,No
C02640,B,No
C02641,B,No
C02642,A,No
C02643,B,Yes
C02644,A,Yes
C02645,B,No
C02646,A,No
C02647,B,No
C02648,A,No
C02649,A,No
C02650,A,No
C02651,A,No
C02652,B,No
C02653,A,No
C02654,A,No
C02655,A,No
C02656,B,No
C02657,B,Yes
C02658,B,No
C02659,A,No
C02660,A,No
C02661,A,No
C02662,A,No
C02663,B,No
C02664,B,No
C02665,A,No
C02666,B,No
C02667,A,No
C02668,B,No
C02669,B,No
C02670,B,No
C02671,A,No
C02672,A,No
C02673,A,No
C02674,B,No
C02675,A,No
C02676,A,No
C02677,A,No
C02678,A,No
C02679,B,No
C02680,A,No
C02681,A,No
C02682,A,No
C02683,B,No
C02684,A,No
C02685,B,No
C02686,B,No
C02687,B,No
C02688,A,No
C02689,A,No
C02690,B,Yes
C02691,B,No
C02692,A,No
C02693,B,Yes
C02694,A,No
C02695,B,Yes
C02696,B,No
C02697,A,No
C02698,A,No
C02699,A,No
C02700,A,No
C02701,A,No
C02702,B,Yes
C02703,A,No
C02704,B,No
C02705,A,No
C02706,A,No
C02707,A,Yes
C02708,B,No
C02709,B,No
C02710,B,No
C02711,A,No
C02712,A,No
C02713,A,No
C02714,A,No
C02715,B,No
C02716,A,No
C02717,A,No
C02718,A,No
C02719,B,No
C02720,B,No
C02721,B,No
C02722,A,No
C02723,A,No
C02724,B,No
C02725,A,No
C02726,A,No
C02727,B,No
C02728,B,No
C02729,A,No
C02730,B,No
C02731,A,No
C02732,B,No
C02733,B,Yes
C02734,B,No
C02735,A,No
C02736,A,No
C02737,B,No
C02738,B,No
C02739,B,No
C02740,B,No
C02741,A,No
C02742,B,No
C02743,A,Yes
C02744,A,No
C02745,A,No
C02746,B,No
C02747,A,Yes
C02748,A,No
C02749,A,No
C02750,A,Yes
C02751,A,No
C02752,A,No
C02753,B,No
C02754,A,No
C02755,B,No
C02756,B,No
C02757,A,Yes
C02758,A,No
C02759,A,No
C02760,B,No
C02761,B,No
C02762,A,Yes
C02763,B,No
C02764,A,No
C02765,B,No
C02766,B,No
C02767,A,No
C02768,B,No
C02769,B,No
C02770,B,No
C02771,B,No
C02772,B,No
C02773,B,No
C02774,B,No
C02775,B,No
C02776,A,No
C02777,A,No
C02778,A,No
C02779,A,No
C02780,A,No
C02781,A,No
C02782,A,No
C02783,A,No
C02784,B,No
C02785,A,No
C02786,B,Yes
C02787,A,No
C02788,A,No
C02789,A,No
C02790,B,Yes
C02791,A,No
C02792,B,No
C02793,A,No
C02794,B,No
C02795,B,No
C02796,A,No
C02797,B,No
C02798,B,No
C02799,B,No
C02800,B,No
C02801,A,No
C02802,B,No
C02803,B,No
C02804,B,No
C02805,B,No
C02806,A,No
C02807,B,No
C02808,B,No
C02809,A,No
C02810,B,No
C02811,A,No
C02812,B,No
C02813,B,No
C02814,B,No
C02815,A,No
C02816,A,No
C02817,A,No
C02818,A,No
C02819,A,No
C02820,B,No
C02821,A,No
C02822,A,No
C02823,A,No
C02824,B,No
C02825,B,No
C02826,B,No
C02827,A,No
C02828,A,No
C02829,B,No
C02830,B,No
C02831,B,No
C02832,A,No
C02833,A,No
C02834,B,No
C02835,B,No
C02836,B,No
C02837,A,No
C02838,B,No
C02839,B,No
C02840,B,No
C02841,B,No
C02842,A,No
C02843,A,No
C02844,B,No
C02845,A,No
C02846,A,No
C02847,B,No
C02848,A,No
C02849,A,No
C02850,B,No
C02851,A,No
C02852,B,No
C02853,A,No
C02854,B,No
C02855,A,No
C02856,A,Yes
C02857,A,No
C02858,A,No
C02859,B,No
C02860,B,No
C02861,A,No
C02862,A,No
C02863,A,No
C02864,A,No
C02865,A,No
C02866,A,No
C02867,B,No
C02868,A,No
C02869,B,No
C02870,B,No
C02871,A,No
C02872,A,No
C02873,A,No
C02874,A,No
C02875,B,No
C02876,B,No
C02877,B,No
C02878,B,No
C02879,A,No
C02880,A,No
C02881,B,No
C02882,B,No
C02883,A,No
C02884,A,No
C02885,A,No
C02886,B,Yes
C02887,B,No
C02888,A,No
C02889,B,No
C02890,A,Yes
C02891,B,No
C02892,B,No
C02893,A,No
C02894,B,No
C02895,B,No
C02896,B,No
C02897,A,No
C02898,B,No
C02899,A,No
C02900,B,No
C02901,A,No
C02902,A,No
C02903,B,No
C02904,A,Yes
C02905,B,No
C02906,B,Yes
C02907,B,Yes
C02908,A,No
C02909,B,No
C02910,B,No
C02911,B,No
C02912,B,No
C02913,A,No
C02914,B,No
C02915,A,No
C02916,B,No
C02917,B,Yes
C02918,A,No
C02919,B,No
C02920,A,No
C02921,A,No
C02922,B,No
C02923,B,No
C02924,A,No
C02925,B,No
C02926,A,No
C02927,B,No
C02928,A,No
C02929,B,No
C02930,A,Yes
C02931,B,No
C02932,A,No
C02933,B,No
C02934,A,No
C02935,B,No
C02936,A,Yes
C02937,A,No
C02938,B,No
C02939,A,No
C02940,A,No
C02941,A,No
C02942,A,Yes
C02943,B,Yes
C02944,A,No
C02945,B,No
C02946,B,No
C02947,A,No
C02948,A,No
C02949,A,No
C02950,A,No
C02951,A,No
C02952,B,No
C02953,B,No
C02954,B,No
C02955,A,No
C02956,A,No
C02957,A,No
C02958,B,No
C02959,B,No
C02960,A,No
C02961,B,No
C02962,A,No
C02963,A,No
C02964,B,No
C02965,A,No
C02966,B,No
C02967,B,No
C02968,A,No
C02969,A,No
C02970,B,No
C02971,B,No
C02972,B,No
C02973,A,No
C02974,B,No
C02975,A,No
C02976,B,Yes
C02977,A,No
C02978,A,No
C02979,B,No
C02980,B,No
C02981,B,No
C02982,B,No
C02983,A,No
C02984,A,No
C02985,A,No
C02986,B,No
C02987,A,No
C02988,B,Yes
C02989,B,No
C02990,B,No
C02991,A,No
C02992,A,No
C02993,A,No
C02994,A,No
C02995,B,No
C02996,A,No
C02997,B,No
C02998,B,No
C02999,A,No
C03000,A,No
C03001,A,No
C03002,A,No
C03003,A,No
C03004,B,No
C03005,B,No
C03006,A,No
C03007,B,Yes
C03008,A,No
C03009,B,No
C03010,A,No
C03011,A,No
C03012,B,No
C03013,A,No
C03014,A,No
C03015,A,No
C03016,A,No
C03017,B,No
C03018,B,No
C03019,A,No
C03020,B,Yes
C03021,A,No
C03022,A,No
C03023,A,No
C03024,B,No
C03025,A,No
C03026,B,No
C03027,A,Yes
C03028,B,No
C03029,A,No
C03030,B,No
C03031,B,No
C03032,A,No
C03033,B,No
C03034,B,No
C03035,B,No
C03036,A,No
C03037,B,No
C03038,B,No
C03039,A,No
C03040,B,No
C03041,A,No
C03042,B,Yes
C03043,A,No
C03044,A,No
C03045,B,No
C03046,A,No
C03047,B,No
C03048,A,No
C03049,A,No
C03050,B,No
C03051,B,No
C03052,A,No
C03053,A,Yes
C03054,A,No
C03055,A,No
C03056,A,No
C03057,A,No
C03058,A,No
C03059,A,No
C03060,B,No
C03061,B,No
C03062,A,No
C03063,A,No
C03064,A,No
C03065,A,No
C03066,A,No
C03067,A,No
C03068,B,No
C03069,B,No
C03070,B,No
C03071,A,Yes
C03072,A,No
C03073,B,No
C03074,B,No
C03075,B,No
C03076,B,No
C03077,B,No
C03078,B,No
C03079,B,No
C03080,A,No
C03081,B,Yes
C03082,B,No
C03083,B,No
C03084,A,No
C03085,A,No
C03086,A,No
C03087,B,No
C03088,A,No
C03089,B,No
C03090,B,No
C03091,A,No
C03092,A,No
C03093,B,No
C03094,B,No
C03095,B,No
C03096,B,No
C03097,A,No
C03098,A,No
C03099,A,No
C03100,B,Yes
C03101,A,Yes
C03102,B,No
C03103,A,No
C03104,A,No
C03105,A,No
C03106,B,No
C03107,A,No
C03108,A,No
C03109,B,No
C03110,A,No
C03111,B,No
C03112,B,No
C03113,B,No
C03114,B,No
C03115,A,No
C03116,A,No
C03117,B,No
C03118,B,No
C03119,A,No
C03120,B,No
C03121,B,No
C03122,A,No
C03123,B,No
C03124,A,No
C03125,A,No
C03126,A,No
C03127,B,Yes
C03128,A,No
C03129,B,No
C03130,B,No
C03131,A,No
C03132,B,No
C03133,A,No
C03134,B,No
C03135,B,No
C03136,A,No
C03137,A,No
C03138,A,No
C03139,B,No
C03140,B,No
C03141,B,No
C03142,B,No
C03143,B,No
C03144,A,No
C03145,A,No
C03146,A,No
C03147,B,No
C03148,A,No
C03149,B,Yes
C03150,A,No
C03151,A,No
C03152,A,No
C03153,A,No
C03154,B,No
C03155,B,No
C03156,A,No
C03157,A,No
C03158,A,No
C03159,A,No
C03160,B,No
C03161,B,No
C03162,B,No
C03163,B,No
C03164,B,No
C03165,A,No
C03166,B,No
C03167,A,No
C03168,A,No
C03169,B,No
C03170,A,No
C03171,B,No
C03172,B,No
C03173,A,No
C03174,A,No
C03175,B,No
C03176,B,No
C03177,B,No
C03178,A,No
C03179,A,No
C03180,B,No
C03181,B,No
C03182,B,No
C03183,A,No
C03184,A,No
C03185,B,No
C03186,A,No
C03187,B,No
C03188,A,No
C03189,B,No
C03190,A,No
C03191,B,No
C03192,B,Yes
C03193,A,No
C03194,B,No
C03195,B,No
C03196,B,No
C03197,B,No
C03198,A,No
C03199,B,No
C03200,B,No
C03201,A,No
C03202,A,No
C03203,A,No
C03204,A,No
C03205,A,No
C03206,A,No
C03207,B,No
C03208,A,No
C03209,B,No
C03210,B,No
C03211,B,No
C03212,A,No
C03213,A,No
C03214,B,No
C03215,A,No
C03216,A,No
C03217,B,No
C03218,A,No
C03219,A,No
C03220,B,No
C03221,A,No
C03222,B,No
C03223,B,No
C03224,B,No
C03225,B,No
C03226,B,No
C03227,B,No
C03228,A,No
C03229,B,No
C03230,B,No
C03231,A,No
C03232,B,Yes
C03233,B,No
C03234,B,No
C03235,B,Yes
C03236,B,No
C03237,B,No
C03238,B,No
C03239,B,No
C03240,B,No
C03241,B,Yes
C03242,B,No
C03243,A,No
C03244,A,No
C03245,A,No
C03246,B,No
C03247,B,No
C03248,A,No
C03249,A,No
C03250,B,No
C03251,B,No
C03252,B,No
C03253,B,No
C03254,B,No
C03255,A,Yes
C03256,B,No
C03257,A,Yes
C03258,A,No
C03259,B,No
C03260,A,No
C03261,B,No
C03262,B,No
C03263,B,No
C03264,B,No
C03265,A,No
C03266,A,No
C03267,B,No
C03268,B,No
C03269,A,No
C03270,B,No
C03271,A,No
C03272,A,No
C03273,A,No
C03274,A,No
C03275,A,No
C03276,B,No
C03277,B,No
C03278,A,Yes
C03279,A,No
C03280,B,No
C03281,A,No
C03282,A,No
C03283,A,No
C03284,B,No
C03285,A,No
C03286,A,No
C03287,A,Yes
C03288,A,No
C03289,B,No
C03290,A,No
C03291,B,No
C03292,A,No
C03293,B,No
C03294,A,No
C03295,B,No
C03296,B,No
C03297,A,No
C03298,A,No
C03299,B,No
C03300,A,No
C03301,A,No
C03302,A,No
C03303,A,Yes
C03304,A,No
C03305,B,No
C03306,A,No
C03307,B,No
C03308,A,No
C03309,A,No
C03310,B,No
C03311,B,No
C03312,B,No
C03313,B,Yes
C03314,B,No
C03315,B,No
C03316,B,No
C03317,B,Yes
C03318,A,No
C03319,B,No
C03320,A,No
C03321,A,No
C03322,A,No
C03323,B,Yes
C03324,B,No
C03325,B,No
C03326,B,No
C03327,B,No
C03328,A,No
C03329,A,No
C03330,A,Yes
C03331,A,No
C03332,B,No
C03333,B,No
C03334,B,No
C03335,A,No
C03336,A,Yes
C03337,A,No
C03338,A,No
C03339,B,No
C03340,B,No
C03341,A,No
C03342,B,No
C03343,B,No
C03344,A,No
C03345,A,No
C03346,B,No
C03347,B,No
C03348,A,Yes
C03349,B,No
C03350,B,No
C03351,B,No
C03352,A,No
C03353,A,No
C03354,B,No
C03355,B,No
C03356,B,No
C03357,B,No
C03358,B,No
C03359,A,No
C03360,B,No
C03361,A,No
C03362,A,No
C03363,A,No
C03364,B,No
C03365,A,No
C03366,A,No
C03367,B,No
C03368,B,No
C03369,A,No
C03370,B,No
C03371,A,No
C03372,A,No
C03373,B,No
C03374,A,No
C03375,B,No
C03376,A,No
C03377,A,No
C03378,A,No
C03379,A,No
C03380,A,No
C03381,A,No
C03382,A,No
C03383,A,No
C03384,B,No
C03385,B,No
C03386,A,No
C03387,B,No
C03388,A,No
C03389,A,No
C03390,A,Yes
C03391,B,No
C03392,A,No
C03393,A,No
C03394,A,No
C03395,B,No
C03396,A,No
C03397,B,No
C03398,A,No
C03399,A,No
C03400,A,No
C03401,A,No
C03402,B,No
C03403,B,No
C03404,A,No
C03405,B,No
C03406,A,No
C03407,A,No
C03408,B,No
C03409,A,No
C03410,B,No
C03411,B,No
C03412,B,No
C03413,B,Yes
C03414,B,No
C03415,A,No
C03416,B,No
C03417,A,No
C03418,B,No
C03419,B,No
C03420,A,No
C03421,A,No
C03422,A,No
C03423,A,Yes
C03424,B,No
C03425,A,No
C03426,A,No
C03427,A,No
C03428,B,No
C03429,B,No
C03430,A,Yes
C03431,B,No
C03432,B,No
C03433,A,No
C03434,A,No
C03435,B,No
C03436,B,No
C03437,A,Yes
C03438,A,No
C03439,A,Yes
C03440,A,No
C03441,A,No
C03442,A,No
C03443,A,No
C03444,A,No
C03445,A,No
C03446,B,No
C03447,A,No
C03448,B,No
C03449,B,No
C03450,B,No
C03451,B,No
C03452,B,No
C03453,A,No
C03454,A,No
C03455,B,No
C03456,B,No
C03457,B,No
C03458,A,No
C03459,B,No
C03460,B,No
C03461,B,No
C03462,B,Yes
C03463,B,No
C03464,A,No
C03465,A,No
C03466,A,No
C03467,B,No
C03468,B,No
C03469,A,No
C03470,A,No
C03471,B,No
C03472,A,No
C03473,A,No
C03474,B,Yes
C03475,A,No
C03476,B,No
C03477,B,No
C03478,B,No
C03479,B,No
C03480,B,No
C03481,B,No
C03482,A,No
C03483,B,No
C03484,B,Yes
C03485,A,No
C03486,B,No
C03487,A,No
C03488,A,No
C03489,B,No
C03490,A,No
C03491,B,No
C03492,A,No
C03493,A,No
C03494,A,No
C03495,A,No
C03496,A,No
C03497,B,No
C03498,B,No
C03499,A,No
C03500,A,No
C03501,B,No
C03502,B,No
C03503,B,No
C03504,B,No
C03505,A,No
C03506,B,No
C03507,A,No
C03508,B,Yes
C03509,A,No
C03510,B,No
C03511,A,Yes
C03512,A,No
C03513,A,No
C03514,B,No
C03515,A,No
C03516,B,No
C03517,A,No
C03518,B,No
C03519,A,No
C03520,A,No
C03521,A,No
C03522,B,No
C03523,B,No
C03524,A,No
C03525,B,No
C03526,A,No
C03527,B,No
C03528,B,No
C03529,B,No
C03530,B,Yes
C03531,A,No
C03532,A,No
C03533,A,No
C03534,A,No
C03535,A,No
C03536,A,No
C03537,B,No
C03538,A,No
C03539,A,No
C03540,B,No
C03541,B,No
C03542,A,No
C03543,A,No
C03544,A,No
C03545,B,Yes
C03546,A,No
C03547,A,No
C03548,A,No
C03549,B,No
C03550,B,No
C03551,B,No
C03552,A,Yes
C03553,A,No
C03554,B,No
C03555,A,No
C03556,A,No
C03557,B,No
C03558,B,No
C03559,A,No
C03560,B,No
C03561,B,No
C03562,A,No
C03563,A,No
C03564,A,No
C03565,B,No
C03566,A,No
C03567,B,No
C03568,A,No
C03569,A,No
C03570,A,No
C03571,A,No
C03572,B,No
C03573,A,No
C03574,A,No
C03575,B,No
C03576,A,No
C03577,A,No
C03578,A,No
C03579,B,No
C03580,B,No
C03581,A,No
C03582,A,No
C03583,B,No
C03584,B,No
C03585,A,No
C03586,B,No
C03587,B,No
C03588,B,No
C03589,B,No
C03590,B,No
C03591,B,No
C03592,A,No
C03593,B,No
C03594,A,No
C03595,A,No
C03596,B,No
C03597,B,No
C03598,B,No
C03599,A,No
C03600,A,No
C03601,B,No
C03602,B,No
C03603,B,No
C03604,A,No
C03605,A,No
C03606,B,No
C03607,B,No
C03608,A,No
C03609,A,No
C03610,A,No
C03611,A,No
C03612,A,No
C03613,A,No
C03614,A,No
C03615,B,No
C03616,B,No
C03617,A,No
C03618,B,No
C03619,B,No
C03620,A,No
C03621,A,No
C03622,A,No
C03623,A,No
C03624,B,No
C03625,B,No
C03626,B,No
C03627,A,No
C03628,A,No
C03629,B,No
C03630,A,No
C03631,A,No
C03632,A,No
C03633,A,Yes
C03634,B,No
C03635,B,No
C03636,A,No
C03637,A,No
C03638,A,No
C03639,B,No
C03640,A,No
C03641,A,No
C03642,B,No
C03643,B,No
C03644,B,No
C03645,B,No
C03646,B,No
C03647,B,No
C03648,B,No
C03649,B,No
C03650,A,No
C03651,B,No
C03652,B,No
C03653,A,No
C03654,B,No
C03655,A,No
C03656,B,No
C03657,A,No
C03658,B,No
C03659,B,No
C03660,A,No
C03661,B,No
C03662,A,No
C03663,A,No
C03664,B,Yes
C03665,B,No
C03666,A,No
C03667,A,No
C03668,B,No
C03669,B,No
C03670,B,No
C03671,B,No
C03672,B,No
C03673,A,No
C03674,A,No
C03675,A,No
C03676,A,No
C03677,B,No
C03678,B,No
C03679,B,No
C03680,A,No
C03681,B,No
C03682,B,No
C03683,A,No
C03684,A,No
C03685,B,No
C03686,B,No
C03687,B,No
C03688,B,No
C03689,B,No
C03690,A,No
C03691,B,No
C03692,B,No
C03693,A,No
C03694,B,No
C03695,A,No
C03696,A,No
C03697,B,No
C03698,B,No
C03699,B,No
C03700,A,No
C03701,B,No
C03702,B,No
C03703,A,No
C03704,B,No
C03705,B,No
C03706,A,No
C03707,B,No
C03708,A,No
C03709,A,No
C03710,B,No
C03711,A,No
C03712,B,Yes
C03713,B,No
C03714,A,No
C03715,B,No
C03716,A,No
C03717,A,No
C03718,A,Yes
C03719,B,No
C03720,B,No
C03721,A,Yes
C03722,A,No
C03723,B,No
C03724,A,No
C03725,B,No
C03726,A,No
C03727,B,No
C03728,B,No
C03729,A,No
C03730,A,No
C03731,A,No
C03732,A,No
C03733,B,No
C03734,B,No
C03735,A,No
C03736,A,No
C03737,B,Yes
C03738,A,No
C03739,A,No
C03740,B,No
C03741,B,No
C03742,B,No
C03743,A,No
C03744,A,No
C03745,B,No
C03746,B,No
C03747,A,No
C03748,A,No
C03749,A,No
C03750,A,Yes
C03751,A,Yes
C03752,B,No
C03753,A,No
C03754,A,No
C03755,A,No
C03756,B,No
C03757,A,No
C03758,B,No
C03759,A,No
C03760,B,No
C03761,A,No
C03762,B,Yes
C03763,B,No
C03764,A,No
C03765,B,No
C03766,A,No
C03767,B,No
C03768,B,No
C03769,A,No
C03770,B,No
C03771,B,No
C03772,A,No
C03773,B,No
C03774,A,No
C03775,A,No
C03776,B,Yes
C03777,B,No
C03778,A,No
C03779,B,No
C03780,A,No
C03781,A,No
C03782,B,No
C03783,B,No
C03784,B,No
C03785,A,No
C03786,B,No
C03787,A,No
C03788,A,No
C03789,A,No
C03790,B,No
C03791,A,No
C03792,A,No
C03793,B,No
C03794,A,No
C03795,A,No
C03796,B,Yes
C03797,A,No
C03798,B,Yes
C03799,B,No
C03800,A,No
C03801,A,No
C03802,A,No
C03803,A,No
C03804,A,No
C03805,A,No
C03806,A,No
C03807,A,No
C03808,B,No
C03809,B,No
C03810,B,No
C03811,B,No
C03812,A,No
C03813,A,No
C03814,A,No
C03815,B,No
C03816,B,Yes
C03817,A,No
C03818,B,No
C03819,A,No
C03820,B,No
C03821,B,No
C03822,A,No
C03823,B,No
C03824,B,No
C03825,A,No
C03826,A,No
C03827,B,No
C03828,B,No
C03829,B,Yes
C03830,A,No
C03831,B,No
C03832,A,No
C03833,A,Yes
C03834,B,No
C03835,A,No
C03836,B,No
C03837,A,No
C03838,B,No
C03839,B,No
C03840,A,No
C03841,B,No
C03842,B,No
C03843,B,No
C03844,B,No
C03845,A,No
C03846,B,No
C03847,A,No
C03848,A,No
C03849,B,No
C03850,B,No
C03851,B,No
C03852,B,No
C03853,A,No
C03854,A,No
C03855,B,Yes
C03856,A,No
C03857,B,No
C03858,B,No
C03859,B,Yes
C03860,A,No
C03861,B,No
C03862,B,No
C03863,A,No
C03864,B,No
C03865,A,No
C03866,B,No
C03867,B,No
C03868,B,No
C03869,A,No
C03870,B,No
C03871,B,No
C03872,A,No
C03873,A,No
C03874,A,No
C03875,A,No
C03876,B,No
C03877,A,No
C03878,B,No
C03879,A,No
C03880,B,No
C03881,B,No
C03882,A,No
C03883,B,No
C03884,B,No
C03885,A,No
C03886,B,No
C03887,A,No
C03888,A,No
C03889,A,No
C03890,B,No
C03891,B,No
C03892,A,No
C03893,A,No
C03894,A,No
C03895,B,No
C03896,B,No
C03897,B,No
C03898,A,No
C03899,B,Yes
C03900,A,No
C03901,B,No
C03902,A,No
C03903,B,No
C03904,A,No
C03905,A,No
C03906,B,No
C03907,A,No
C03908,A,No
C03909,A,No
C03910,B,No
C03911,B,No
C03912,B,No
C03913,A,No
C03914,A,No
C03915,B,No
C03916,B,No
C03917,A,No
C03918,B,No
C03919,A,No
C03920,A,No
C03921,B,No
C03922,A,No
C03923,A,No
C03924,B,No
C03925,B,No
C03926,A,No
C03927,A,Yes
C03928,B,No
C03929,B,No
C03930,A,No
C03931,A,Yes
C03932,B,No
C03933,B,No
C03934,A,No
C03935,A,No
C03936,B,No
C03937,A,No
C03938,A,No
C03939,B,No
C03940,B,No
C03941,B,No
C03942,A,Yes
C03943,A,No
C03944,A,No
C03945,B,Yes
C03946,B,No
C03947,A,No
C03948,B,No
C03949,A,No
C03950,A,No
C03951,B,No
C03952,B,No
C03953,A,Yes
C03954,B,No
C03955,A,No
C03956,B,No
C03957,A,No
C03958,B,No
C03959,A,No
C03960,B,Yes
C03961,A,No
C03962,A,No
C03963,B,No
C03964,B,No
C03965,B,No
C03966,A,No
C03967,A,No
C03968,B,No
C03969,A,No
C03970,A,No
C03971,A,No
C03972,B,No
C03973,B,No
C03974,A,No
C03975,A,No
C03976,A,Yes
C03977,B,No
C03978,A,No
C03979,B,No
C03980,B,No
C03981,B,No
C03982,A,No
C03983,B,No
C03984,B,No
C03985,A,Yes
C03986,B,No
C03987,A,No
C03988,B,No
C03989,B,No
C03990,A,No
C03991,B,No
C03992,A,No
C03993,A,No
C03994,A,No
C03995,A,No
C03996,A,No
C03997,B,No
C03998,B,No
C03999,B,No
C04000,B,No
C04001,A,Yes
C04002,B,No
C04003,A,No
C04004,A,No
C04005,A,No
C04006,B,No
C04007,B,No
C04008,B,No
C04009,A,No
C04010,B,No
C04011,B,No
C04012,A,No
C04013,A,No
C04014,A,No
C04015,A,No
C04016,A,No
C04017,A,No
C04018,A,No
C04019,A,No
C04020,A,No
C04021,A,No
C04022,A,No
C04023,B,No
C04024,B,No
C04025,B,No
C04026,B,Yes
C04027,A,No
C04028,B,No
C04029,B,No
C04030,B,No
C04031,B,No
C04032,B,No
C04033,B,No
C04034,A,No
C04035,A,No
C04036,A,Yes
C04037,B,No
C04038,A,No
C04039,B,No
C04040,A,No
C04041,B,No
C04042,A,No
C04043,A,No
C04044,A,No
C04045,B,No
C04046,B,No
C04047,A,No
C04048,B,No
C04049,B,No
C04050,B,No
C04051,B,No
C04052,A,No
C04053,B,No
C04054,B,No
C04055,B,No
C04056,B,No
C04057,B,No
C04058,A,No
C04059,A,No
C04060,B,No
C04061,A,No
C04062,B,No
C04063,B,No
C04064,A,No
C04065,A,No
C04066,B,Yes
C04067,A,No
C04068,A,No
C04069,A,No
C04070,B,No
C04071,A,No
C04072,B,No
C04073,A,No
C04074,B,No
C04075,B,No
C04076,B,No
C04077,B,No
C04078,B,No
C04079,B,No
C04080,A,No
C04081,A,No
C04082,A,No
C04083,A,No
C04084,A,No
C04085,A,No
C04086,A,No
C04087,B,No
C04088,B,No
C04089,B,No
C04090,B,No
C04091,B,No
C04092,A,No
C04093,B,No
C04094,B,No
C04095,B,No
C04096,A,No
C04097,B,No
C04098,B,No
C04099,B,No
C04100,A,No
C04101,A,No
C04102,A,No
C04103,A,No
C04104,B,No
C04105,A,No
C04106,B,No
C04107,B,No
C04108,A,No
C04109,B,No
C04110,B,No
C04111,B,No
C04112,B,No
C04113,A,No
C04114,A,No
C04115,B,Yes
C04116,A,No
C04117,B,No
C04118,A,No
C04119,A,No
C04120,A,No
C04121,B,No
C04122,B,No
C04123,A,No
C04124,B,No
C04125,A,No
C04126,A,No
C04127,A,No
C04128,A,No
C04129,B,No
C04130,A,No
C04131,B,No
C04132,B,No
C04133,A,No
C04134,B,No
C04135,B,No
C04136,B,No
C04137,B,No
C04138,B,No
C04139,A,No
C04140,B,No
C04141,A,No
C04142,A,No
C04143,A,No
C04144,B,No
C04145,A,No
C04146,B,No
C04147,A,No
C04148,A,No
C04149,A,No
C04150,A,No
C04151,B,No
C04152,A,No
C04153,B,No
C04154,A,No
C04155,B,No
C04156,B,No
C04157,A,No
C04158,B,No
C04159,A,No
C04160,A,No
C04161,B,No
C04162,A,No
C04163,A,No
C04164,B,No
C04165,B,No
C04166,B,No
C04167,A,No
C04168,A,No
C04169,A,No
C04170,A,Yes
C04171,A,No
C04172,A,No
C04173,B,No
C04174,A,No
C04175,A,No
C04176,A,No
C04177,B,No
C04178,B,No
C04179,A,No
C04180,B,No
C04181,A,No
C04182,A,Yes
C04183,A,No
C04184,B,Yes
C04185,B,No
C04186,A,No
C04187,A,No
C04188,B,Yes
C04189,B,Yes
C04190,A,No
C04191,A,No
C04192,A,No
C04193,A,No
C04194,A,No
C04195,A,No
C04196,A,No
C04197,B,No
C04198,A,No
C04199,B,No
C04200,B,No
C04201,A,Yes
C04202,A,No
C04203,B,No
C04204,B,No
C04205,B,No
C04206,B,Yes
C04207,A,No
C04208,B,No
C04209,A,No
C04210,B,No
C04211,A,No
C04212,B,No
C04213,B,No
C04214,A,No
C04215,B,No
C04216,B,No
C04217,B,No
C04218,B,No
C04219,A,No
C04220,B,No
C04221,B,No
C04222,A,No
C04223,B,No
C04224,B,No
C04225,A,No
C04226,B,No
C04227,B,No
C04228,A,No
C04229,B,No
C04230,B,No
C04231,B,No
C04232,B,No
C04233,A,No
C04234,B,No
C04235,A,Yes
C04236,A,No
C04237,A,No
C04238,B,No
C04239,B,No
C04240,B,No
C04241,A,No
C04242,B,No
C04243,B,No
C04244,A,No
C04245,A,No
C04246,B,No
C04247,A,No
C04248,B,No
C04249,B,No
C04250,B,No
C04251,B,Yes
C04252,A,No
C04253,A,No
C04254,A,No
C04255,B,Yes
C04256,A,No
C04257,A,Yes
C04258,B,No
C04259,A,No
C04260,A,No
C04261,A,No
C04262,B,No
C04263,B,No
C04264,B,No
C04265,B,No
C04266,B,No
C04267,B,No
C04268,A,No
C04269,A,Yes
C04270,A,No
C04271,A,No
C04272,A,No
C04273,B,No
C04274,B,No
C04275,A,No
C04276,A,No
C04277,B,No
C04278,B,No
C04279,A,No
C04280,A,No
C04281,B,No
C04282,A,No
C04283,B,No
C04284,A,No
C04285,B,No
C04286,A,No
C04287,B,No
C04288,A,No
C04289,A,No
C04290,B,No
C04291,A,No
C04292,B,No
C04293,B,No
C04294,B,No
C04295,B,No
C04296,B,No
C04297,A,No
C04298,A,No
C04299,A,No
C04300,A,No
C04301,B,No
C04302,B,No
C04303,B,No
C04304,A,No
C04305,B,No
C04306,A,No
C04307,B,No
C04308,B,No
C04309,B,No
C04310,B,No
C04311,A,No
C04312,A,No
C04313,A,No
C04314,A,No
C04315,B,No
C04316,B,No
C04317,A,No
C04318,A,No
C04319,B,No
C04320,A,No
C04321,A,Yes
C04322,A,No
C04323,B,No
C04324,A,No
C04325,A,No
C04326,A,No
C04327,B,No
C04328,A,No
C04329,A,No
C04330,B,No
C04331,A,Yes
C04332,B,Yes
C04333,B,No
C04334,B,No
C04335,A,Yes
C04336,B,Yes
C04337,B,No
C04338,B,No
C04339,B,Yes
C04340,B,No
C04341,A,No
C04342,B,No
C04343,B,No
C04344,B,No
C04345,A,No
C04346,A,No
C04347,A,No
C04348,B,No
C04349,A,No
C04350,A,No
C04351,A,Yes
C04352,B,No
C04353,A,Yes
C04354,A,No
C04355,A,No
C04356,A,No
C04357,B,No
C04358,A,No
C04359,A,No
C04360,B,No
C04361,A,No
C04362,B,Yes
C04363,B,No
C04364,A,No
C04365,A,No
C04366,B,No
C04367,B,No
C04368,B,No
C04369,A,No
C04370,B,No
C04371,A,No
C04372,B,No
C04373,B,No
C04374,A,No
C04375,B,No
C04376,A,No
C04377,A,No
C04378,A,No
C04379,A,No
C04380,A,No
C04381,B,No
C04382,A,No
C04383,B,No
C04384,A,No
C04385,A,No
C04386,B,No
C04387,A,No
C04388,B,No
C04389,A,No
C04390,A,No
C04391,A,No
C04392,B,No
C04393,B,No
C04394,A,No
C04395,B,No
C04396,A,No
C04397,A,Yes
C04398,B,No
C04399,A,Yes
C04400,B,No
C04401,A,No
C04402,B,No
C04403,A,No
C04404,B,No
C04405,B,No
C04406,A,No
C04407,B,No
C04408,A,No
C04409,A,No
C04410,A,Yes
C04411,A,No
C04412,B,No
C04413,A,No
C04414,B,No
C04415,B,No
C04416,A,No
C04417,B,No
C04418,A,No
C04419,A,No
C04420,B,No
C04421,A,No
C04422,A,No
C04423,B,No
C04424,B,No
C04425,A,No
C04426,A,No
C04427,B,No
C04428,B,No
C04429,B,No
C04430,B,No
C04431,A,No
C04432,B,No
C04433,A,No
C04434,A,No
C04435,A,No
C04436,B,Yes
C04437,A,No
C04438,B,No
C04439,B,No
C04440,B,No
C04441,B,No
C04442,B,No
C04443,B,No
C04444,A,No
C04445,B,No
C04446,B,No
C04447,B,No
C04448,A,No
C04449,A,No
C04450,A,Yes
C04451,A,No
C04452,B,No
C04453,B,No
C04454,A,No
C04455,A,No
C04456,A,No
C04457,A,No
C04458,B,No
C04459,A,No
C04460,A,No
C04461,A,No
C04462,B,No
C04463,B,No
C04464,B,No
C04465,A,No
C04466,A,Yes
C04467,B,No
C04468,A,No
C04469,B,No
C04470,B,No
C04471,A,No
C04472,B,No
C04473,B,No
C04474,A,No
C04475,A,No
C04476,A,No
C04477,B,No
C04478,A,No
C04479,B,No
C04480,A,No
C04481,B,No
C04482,B,No
C04483,B,No
C04484,A,No
C04485,B,Yes
C04486,A,No
C04487,B,No
C04488,A,No
C04489,A,No
C04490,A,No
C04491,B,No
C04492,A,No
C04493,A,No
C04494,A,No
C04495,A,No
C04496,A,No
C04497,A,No
C04498,A,No
C04499,A,No
C04500,B,No
C04501,B,No
C04502,B,No
C04503,A,Yes
C04504,A,No
C04505,A,No
C04506,A,No
C04507,A,No
C04508,B,No
C04509,B,No
C04510,B,No
C04511,A,No
C04512,A,No
C04513,A,No
C04514,A,No
C04515,A,No
C04516,B,No
C04517,A,No
C04518,A,No
C04519,B,No
C04520,A,No
C04521,A,No
C04522,A,No
C04523,A,No
C04524,B,No
C04525,B,No
C04526,A,No
C04527,B,No
C04528,A,No
C04529,A,No
C04530,B,No
C04531,B,No
C04532,A,No
C04533,B,No
C04534,A,Yes
C04535,B,No
C04536,A,No
C04537,A,No
C04538,A,No
C04539,A,No
C04540,A,No
C04541,A,No
C04542,B,Yes
C04543,B,No
C04544,A,No
C04545,B,No
C04546,A,No
C04547,B,No
C04548,B,Yes
C04549,A,No
C04550,B,No
C04551,A,Yes
C04552,A,No
C04553,A,No
C04554,A,No
C04555,A,No
C04556,B,No
C04557,A,No
C04558,B,No
C04559,A,No
C04560,A,No
C04561,B,No
C04562,B,No
C04563,A,Yes
C04564,A,No
C04565,A,No
C04566,A,No
C04567,B,No
C04568,B,No
C04569,A,No
C04570,A,No
C04571,B,No
C04572,B,No
C04573,B,No
C04574,A,No
C04575,A,No
C04576,A,No
C04577,A,No
C04578,A,No
C04579,A,No
C04580,B,No
C04581,B,No
C04582,A,No
C04583,A,No
C04584,B,No
C04585,A,No
C04586,A,No
C04587,A,No
C04588,A,No
C04589,B,No
C04590,B,No
C04591,A,Yes
C04592,A,No
C04593,A,No
C04594,B,No
C04595,B,No
C04596,B,No
C04597,A,No
C04598,B,No
C04599,A,No
C04600,B,No
C04601,A,Yes
C04602,B,No
C04603,A,No
C04604,B,No
C04605,B,No
C04606,A,No
C04607,B,No
C04608,B,No
C04609,B,Yes
C04610,A,No
C04611,B,No
C04612,A,No
C04613,A,No
C04614,A,No
C04615,A,Yes
C04616,B,No
C04617,B,No
C04618,A,No
C04619,A,No
C04620,A,Yes
C04621,B,No
C04622,A,No
C04623,A,No
C04624,B,No
C04625,B,No
C04626,A,Yes
C04627,B,No
C04628,A,No
C04629,A,No
C04630,B,Yes
C04631,B,No
C04632,B,No
C04633,B,No
C04634,A,No
C04635,B,No
C04636,A,No
C04637,B,No
C04638,A,No
C04639,A,No
C04640,A,No
C04641,B,No
C04642,A,No
C04643,A,No
C04644,A,No
C04645,A,No
C04646,B,No
C04647,B,Yes
C04648,A,No
C04649,A,No
C04650,A,No
C04651,A,Yes
C04652,B,No
C04653,B,No
C04654,A,No
C04655,B,No
C04656,B,No
C04657,A,No
C04658,B,No
C04659,B,No
C04660,A,No
C04661,B,No
C04662,B,No
C04663,A,No
C04664,A,Yes
C04665,A,No
C04666,A,No
C04667,B,No
C04668,B,No
C04669,B,No
C04670,A,No
C04671,B,No
C04672,B,No
C04673,B,No
C04674,A,No
C04675,A,No
C04676,A,No
C04677,A,Yes
C04678,A,Yes
C04679,A,No
C04680,A,No
C04681,B,No
C04682,B,No
C04683,A,No
C04684,B,No
C04685,A,No
C04686,A,No
C04687,A,No
C04688,A,No
C04689,A,No
C04690,A,No
C04691,A,No
C04692,A,No
C04693,B,No
C04694,B,No
C04695,A,No
C04696,A,No
C04697,A,Yes
C04698,B,No
C04699,B,No
C04700,A,No
C04701,B,No
C04702,A,No
C04703,A,No
C04704,B,No
C04705,B,No
C04706,A,No
C04707,A,No
C04708,B,No
C04709,B,No
C04710,A,No
C04711,B,No
C04712,B,No
C04713,B,No
C04714,B,No
C04715,A,No
C04716,B,No
C04717,A,No
C04718,A,No
C04719,B,No
C04720,B,No
C04721,B,No
C04722,B,No
C04723,B,No
C04724,B,Yes
C04725,A,No
C04726,A,No
C04727,A,No
C04728,A,No
C04729,A,No
C04730,A,No
C04731,A,No
C04732,B,No
C04733,A,No
C04734,B,No
C04735,B,Yes
C04736,A,No
C04737,A,No
C04738,A,No
C04739,B,No
C04740,B,No
C04741,B,No
C04742,A,No
C04743,B,No
C04744,B,No
C04745,B,No
C04746,B,No
C04747,A,Yes
C04748,A,No
C04749,B,No
C04750,B,No
C04751,A,No
C04752,B,No
C04753,A,No
C04754,A,No
C04755,A,No
C04756,A,No
C04757,A,No
C04758,B,No
C04759,A,No
C04760,A,No
C04761,A,No
C04762,A,No
C04763,B,No
C04764,A,No
C04765,B,No
C04766,B,No
C04767,B,No
C04768,A,No
C04769,A,No
C04770,A,No
C04771,A,No
C04772,A,No
C04773,B,No
C04774,B,No
C04775,A,No
C04776,A,No
C04777,B,Yes
C04778,A,No
C04779,A,No
C04780,B,No
C04781,B,No
C04782,A,No
C04783,A,No
C04784,B,No
C04785,B,No
C04786,B,No
C04787,B,No
C04788,A,No
C04789,B,No
C04790,B,No
C04791,B,No
C04792,B,No
C04793,A,Yes
C04794,A,No
C04795,A,No
C04796,B,No
C04797,B,No
C04798,A,No
C04799,B,No
C04800,A,No
C04801,A,No
C04802,B,No
C04803,A,No
C04804,B,No
C04805,A,No
C04806,B,No
C04807,B,No
C04808,B,No
C04809,B,No
C04810,B,No
C04811,A,No
C04812,B,No
C04813,B,No
C04814,A,No
C04815,A,Yes
C04816,A,No
C04817,B,No
C04818,A,No
C04819,B,No
C04820,A,No
C04821,A,No
C04822,B,No
C04823,A,No
C04824,A,No
C04825,B,No
C04826,B,No
C04827,A,No
C04828,A,No
C04829,B,No
C04830,B,No
C04831,B,No
C04832,B,No
C04833,A,No
C04834,A,No
C04835,A,No
C04836,B,No
C04837,B,No
C04838,A,No
C04839,B,Yes
C04840,A,No
C04841,B,No
C04842,A,No
C04843,A,No
C04844,A,No
C04845,A,Yes
C04846,B,No
C04847,A,No
C04848,B,No
C04849,B,No
C04850,B,No
C04851,A,No
C04852,B,No
C04853,A,No
C04854,B,No
C04855,A,Yes
C04856,B,No
C04857,A,No
C04858,A,No
C04859,A,No
C04860,A,No
C04861,A,No
C04862,A,No
C04863,B,No
C04864,B,No
C04865,B,No
C04866,A,No
C04867,B,No
C04868,B,No
C04869,A,No
C04870,A,No
C04871,A,No
C04872,B,No
C04873,B,No
C04874,B,No
C04875,A,No
C04876,B,No
C04877,B,No
C04878,A,No
C04879,B,No
C04880,B,No
C04881,A,No
C04882,B,No
C04883,A,No
C04884,B,No
C04885,A,No
C04886,B,No
C04887,B,No
C04888,B,No
C04889,A,No
C04890,B,No
C04891,A,No
C04892,A,No
C04893,B,No
C04894,B,No
C04895,A,No
C04896,A,Yes
C04897,A,No
C04898,A,No
C04899,A,No
C04900,B,No
C04901,A,No
C04902,A,No
C04903,A,Yes
C04904,B,No
C04905,A,No
C04906,A,No
C04907,A,No
C04908,B,No
C04909,B,No
C04910,B,No
C04911,A,No
C04912,B,Yes
C04913,A,No
C04914,A,No
C04915,B,No
C04916,A,No
C04917,A,No
C04918,A,No
C04919,B,No
C04920,A,No
C04921,B,No
C04922,B,No
C04923,A,No
C04924,B,No
C04925,A,No
C04926,B,No
C04927,B,No
C04928,A,No
C04929,A,No
C04930,B,No
C04931,B,No
C04932,A,No
C04933,A,No
C04934,A,No
C04935,A,No
C04936,B,No
C04937,B,No
C04938,A,No
C04939,A,No
C04940,A,No
C04941,B,Yes
C04942,A,No
C04943,A,No
C04944,A,Yes
C04945,B,No
C04946,B,No
C04947,A,No
C04948,B,No
C04949,A,Yes
C04950,B,No
C04951,A,No
C04952,B,Yes
C04953,B,No
C04954,A,No
C04955,B,No
C04956,B,No
C04957,A,No
C04958,A,No
C04959,B,No
C04960,A,No
C04961,A,No
C04962,A,No
C04963,A,No
C04964,A,No
C04965,A,No
C04966,A,No
C04967,B,No
C04968,B,No
C04969,A,No
C04970,A,No
C04971,A,Yes
C04972,B,No
C04973,A,No
C04974,B,No
C04975,B,No
C04976,B,No
C04977,B,No
C04978,B,No
C04979,B,No
C04980,A,No
C04981,B,No
C04982,B,No
C04983,B,No
C04984,B,No
C04985,B,No
C04986,B,Yes
C04987,A,No
C04988,B,No
C04989,A,No
C04990,A,No
C04991,A,No
C04992,A,No
C04993,B,No
C04994,A,No
C04995,B,No
C04996,A,No
C04997,A,No
C04998,B,No
C04999,B,No
C05000,A,No
C05001,A,No
C05002,B,No
C05003,A,No
C05004,B,No
C05005,B,No
C05006,A,No
C05007,A,No
C05008,B,No
C05009,B,No
C05010,A,No
C05011,A,No
C05012,B,No
C05013,B,Yes
C05014,A,No
C05015,A,No
C05016,B,No
C05017,B,No
C05018,A,No
C05019,A,No
C05020,A,No
C05021,A,No
C05022,B,No
C05023,B,No
C05024,A,No
C05025,B,No
C05026,A,No
C05027,B,No
C05028,B,No
C05029,A,No
C05030,B,No
C05031,B,No
C05032,B,No
C05033,A,No
C05034,B,No
C05035,A,No
C05036,A,No
C05037,A,No
C05038,B,No
C05039,B,No
C05040,B,No
C05041,B,No
C05042,A,No
C05043,B,No
C05044,A,No
C05045,B,Yes
C05046,B,No
C05047,A,No
C05048,A,No
C05049,B,No
C05050,B,No
C05051,A,No
C05052,B,No
C05053,B,No
C05054,A,No
C05055,B,No
C05056,B,No
C05057,B,No
C05058,B,No
C05059,B,No
C05060,B,No
C05061,B,Yes
C05062,A,No
C05063,A,No
C05064,A,Yes
C05065,B,No
C05066,A,No
C05067,B,Yes
C05068,A,No
C05069,B,No
C05070,A,No
C05071,B,No
C05072,B,Yes
C05073,B,No
C05074,B,No
C05075,A,No
C05076,B,No
C05077,A,No
C05078,A,No
C05079,B,No
C05080,A,No
C05081,B,No
C05082,A,No
C05083,B,No
C05084,A,No
C05085,B,No
C05086,A,No
C05087,A,No
C05088,A,No
C05089,A,No
C05090,B,No
C05091,A,No
C05092,B,No
C05093,B,No
C05094,A,No
C05095,A,No
C05096,B,No
C05097,A,No
C05098,B,No
C05099,A,No
C05100,A,No
C05101,A,Yes
C05102,A,No
C05103,A,No
C05104,A,No
C05105,A,No
C05106,A,No
C05107,A,No
C05108,A,No
C05109,B,No
C05110,A,No
C05111,A,Yes
C05112,A,No
C05113,A,No
C05114,B,No
C05115,B,No
C05116,B,No
C05117,B,No
C05118,A,No
C05119,B,No
C05120,B,No
C05121,B,No
C05122,B,No
C05123,A,No
C05124,B,No
C05125,B,No
C05126,A,No
C05127,A,No
C05128,A,No
C05129,A,No
C05130,B,No
C05131,B,No
C05132,A,No
C05133,A,No
C05134,A,No
C05135,A,No
C05136,B,No
C05137,B,No
C05138,A,No
C05139,A,No
C05140,B,No
C05141,A,No
C05142,B,No
C05143,B,No
C05144,A,No
C05145,B,No
C05146,B,No
C05147,A,No
C05148,A,No
C05149,A,No
C05150,A,No
C05151,A,No
C05152,B,No
C05153,B,No
C05154,B,Yes
C05155,A,No
C05156,B,No
C05157,B,No
C05158,A,No
C05159,A,No
C05160,B,No
C05161,B,No
C05162,A,No
C05163,B,No
C05164,B,No
C05165,B,No
C05166,B,No
C05167,A,No
C05168,B,No
C05169,A,No
C05170,B,No
C05171,B,No
C05172,B,No
C05173,A,No
C05174,A,No
C05175,B,No
C05176,A,No
C05177,B,No
C05178,B,No
C05179,B,No
C05180,A,No
C05181,B,No
C05182,A,No
C05183,B,Yes
C05184,B,No
C05185,B,No
C05186,B,No
C05187,A,No
C05188,A,No
C05189,A,No
C05190,A,No
C05191,A,No
C05192,B,No
C05193,A,No
C05194,B,No
C05195,A,No
C05196,B,No
C05197,B,No
C05198,B,No
C05199,B,No
C05200,B,No
C05201,A,No
C05202,A,No
C05203,A,Yes
C05204,A,No
C05205,B,No
C05206,A,No
C05207,B,No
C05208,B,Yes
C05209,A,No
C05210,B,No
C05211,B,No
C05212,B,No
C05213,A,No
C05214,B,No
C05215,B,No
C05216,B,No
C05217,B,No
C05218,B,No
C05219,B,No
C05220,B,No
C05221,A,Yes
C05222,A,No
C05223,B,No
C05224,B,No
C05225,A,No
C05226,A,No
C05227,B,No
C05228,A,Yes
C05229,A,Yes
C05230,B,No
C05231,B,No
C05232,B,No
C05233,B,Yes
C05234,B,No
C05235,A,No
C05236,A,No
C05237,A,Yes
C05238,B,No
C05239,A,Yes
C05240,A,Yes
C05241,B,Yes
C05242,B,No
C05243,B,No
C05244,B,No
C05245,A,No
C05246,A,No
C05247,A,No
C05248,A,No
C05249,A,No
C05250,B,No
C05251,B,No
C05252,B,No
C05253,B,No
C05254,B,No
C05255,B,No
C05256,A,No
C05257,A,No
C05258,A,No
C05259,B,Yes
C05260,B,No
C05261,B,No
C05262,B,No
C05263,A,No
C05264,A,No
C05265,B,No
C05266,B,No
C05267,B,No
C05268,A,No
C05269,A,No
C05270,A,No
C05271,B,No
C05272,A,No
C05273,B,No
C05274,A,No
C05275,B,No
C05276,A,No
C05277,B,No
C05278,B,No
C05279,B,No
C05280,A,No
C05281,A,No
C05282,B,No
C05283,B,No
C05284,B,No
C05285,A,No
C05286,B,No
C05287,B,No
C05288,A,No
C05289,A,No
C05290,B,No
C05291,B,No
C05292,A,No
C05293,A,No
C05294,B,No
C05295,A,No
C05296,B,No
C05297,A,No
C05298,B,No
C05299,A,No
C05300,A,No
C05301,B,No
C05302,B,No
C05303,A,No
C05304,B,No
C05305,A,No
C05306,B,No
C05307,A,No
C05308,B,No
C05309,B,No
C05310,B,No
C05311,B,No
C05312,B,No
C05313,A,No
C05314,B,No
C05315,B,No
C05316,B,No
C05317,A,No
C05318,A,No
C05319,B,No
C05320,B,No
C05321,A,No
C05322,A,No
C05323,A,No
C05324,A,No
C05325,B,No
C05326,A,No
C05327,A,No
C05328,B,No
C05329,B,No
C05330,A,No
C05331,B,No
C05332,B,No
C05333,B,No
C05334,A,No
C05335,B,No
C05336,A,No
C05337,A,No
C05338,A,No
C05339,B,No
C05340,B,No
C05341,A,No
C05342,B,No
C05343,A,No
C05344,B,No
C05345,A,No
C05346,A,No
C05347,A,No
C05348,A,No
C05349,A,No
C05350,A,No
C05351,A,No
C05352,B,No
C05353,A,No
C05354,B,Yes
C05355,A,No
C05356,A,No
C05357,B,No
C05358,A,No
C05359,B,No
C05360,A,No
C05361,B,No
C05362,A,No
C05363,A,Yes
C05364,A,No
C05365,A,No
C05366,B,No
C05367,A,No
C05368,A,No
C05369,A,No
C05370,A,No
C05371,B,No
C05372,A,No
C05373,A,No
C05374,B,No
C05375,B,No
C05376,A,Yes
C05377,B,No
C05378,A,No
C05379,A,No
C05380,A,No
C05381,A,No
C05382,B,No
C05383,A,Yes
C05384,B,No
C05385,B,No
C05386,B,No
C05387,A,No
C05388,A,No
C05389,A,No
C05390,B,No
C05391,B,No
C05392,A,No
C05393,A,Yes
C05394,A,No
C05395,B,No
C05396,B,No
C05397,B,No
C05398,B,No
C05399,A,Yes
C05400,B,No
C05401,A,Yes
C05402,A,No
C05403,B,No
C05404,B,No
C05405,A,No
C05406,A,No
C05407,A,No
C05408,B,No
C05409,A,No
C05410,A,No
C05411,B,No
C05412,B,No
C05413,A,No
C05414,B,Yes
C05415,A,No
C05416,B,No
C05417,A,No
C05418,B,No
C05419,B,No
C05420,A,No
C05421,B,No
C05422,A,No
C05423,A,No
C05424,A,Yes
C05425,B,No
C05426,B,No
C05427,A,No
C05428,A,No
C05429,B,No
C05430,A,No
C05431,B,No
C05432,A,No
C05433,B,No
C05434,B,No
C05435,B,No
C05436,B,No
C05437,A,No
C05438,B,No
C05439,B,No
C05440,A,Yes
C05441,B,No
C05442,B,No
C05443,B,No
C05444,B,No
C05445,B,No
C05446,B,No
C05447,B,No
C05448,A,No
C05449,A,No
C05450,A,No
C05451,A,No
C05452,B,No
C05453,A,No
C05454,B,No
C05455,A,No
C05456,B,No
C05457,B,No
C05458,B,No
C05459,A,No
C05460,B,No
C05461,B,No
C05462,A,No
C05463,A,No
C05464,B,No
C05465,B,No
C05466,B,No
C05467,B,No
C05468,B,No
C05469,A,No
C05470,B,No
C05471,A,No
C05472,A,No
C05473,B,No
C05474,A,No
C05475,A,No
C05476,A,No
C05477,A,No
C05478,B,No
C05479,A,No
C05480,A,No
C05481,A,No
C05482,A,No
C05483,A,Yes
C05484,A,Yes
C05485,B,No
C05486,B,No
C05487,B,No
C05488,A,No
C05489,B,No
C05490,B,No
C05491,B,No
C05492,A,No
C05493,A,No
C05494,B,No
C05495,A,No
C05496,B,Yes
C05497,A,Yes
C05498,A,No
C05499,B,No
C05500,B,No
C05501,B,No
C05502,B,No
C05503,B,No
C05504,B,No
C05505,B,No
C05506,A,No
C05507,B,No
C05508,A,No
C05509,A,No
C05510,B,No
C05511,B,No
C05512,B,No
C05513,B,No
C05514,B,No
C05515,A,No
C05516,A,No
C05517,B,No
C05518,A,No
C05519,B,No
C05520,A,No
C05521,B,No
C05522,B,Yes
C05523,A,No
C05524,A,No
C05525,B,No
C05526,A,No
C05527,A,No
C05528,A,No
C05529,A,No
C05530,B,No
C05531,B,No
C05532,A,No
C05533,A,No
C05534,B,No
C05535,A,No
C05536,B,No
C05537,A,No
C05538,B,No
C05539,A,No
C05540,A,No
C05541,A,No
C05542,B,No
C05543,A,No
C05544,B,No
C05545,B,No
C05546,A,No
C05547,A,No
C05548,B,No
C05549,A,Yes
C05550,B,No
C05551,B,No
C05552,A,No
C05553,A,No
C05554,B,No
C05555,A,No
C05556,B,No
C05557,B,No
C05558,A,No
C05559,B,No
C05560,B,No
C05561,B,No
C05562,A,No
C05563,A,No
C05564,A,No
C05565,B,No
C05566,A,No
C05567,B,No
C05568,B,No
C05569,B,No
C05570,A,No
C05571,A,No
C05572,B,No
C05573,A,No
C05574,A,No
C05575,A,No
C05576,A,No
C05577,B,No
C05578,B,No
C05579,B,No
C05580,B,No
C05581,B,No
C05582,B,No
C05583,B,No
C05584,A,Yes
C05585,B,No
C05586,B,No
C05587,B,No
C05588,A,No
C05589,A,No
C05590,A,No
C05591,B,No
C05592,A,No
C05593,A,No
C05594,A,No
C05595,B,No
C05596,B,No
C05597,B,No
C05598,A,No
C05599,B,No
C05600,B,No
C05601,A,No
C05602,B,No
C05603,A,No
C05604,A,No
C05605,B,Yes
C05606,B,No
C05607,B,No
C05608,B,No
C05609,B,No
C05610,A,No
C05611,A,No
C05612,B,No
C05613,B,No
C05614,B,No
C05615,A,No
C05616,A,No
C05617,B,No
C05618,A,No
C05619,A,No
C05620,A,No
C05621,A,No
C05622,A,No
C05623,A,No
C05624,A,No
C05625,B,No
C05626,A,No
C05627,B,No
C05628,A,Yes
C05629,A,No
C05630,A,No
C05631,A,No
C05632,A,No
C05633,B,No
C05634,B,No
C05635,B,No
C05636,B,No
C05637,B,No
C05638,A,No
C05639,B,No
C05640,A,No
C05641,A,No
C05642,B,No
C05643,B,No
C05644,B,No
C05645,B,Yes
C05646,B,No
C05647,B,No
C05648,B,No
C05649,A,No
C05650,A,Yes
C05651,B,No
C05652,B,No
C05653,A,No
C05654,B,No
C05655,A,No
C05656,B,No
C05657,B,No
C05658,A,No
C05659,A,No
C05660,B,No
C05661,B,No
C05662,B,No
C05663,B,No
C05664,A,No
C05665,A,No
C05666,A,No
C05667,A,No
C05668,B,No
C05669,A,Yes
C05670,A,No
C05671,A,No
C05672,A,No
C05673,A,No
C05674,B,No
C05675,B,Yes
C05676,B,No
C05677,A,No
C05678,A,No
C05679,A,No
C05680,A,No
C05681,B,No
C05682,B,No
C05683,B,No
C05684,A,No
C05685,A,No
C05686,B,No
C05687,B,No
C05688,A,No
C05689,B,Yes
C05690,B,No
C05691,B,No
C05692,A,No
C05693,B,No
C05694,B,No
C05695,A,Yes
C05696,A,No
C05697,A,No
C05698,B,No
C05699,A,No
C05700,A,No
C05701,A,No
C05702,A,Yes
C05703,B,No
C05704,B,No
C05705,B,No
C05706,B,No
C05707,B,Yes
C05708,B,No
C05709,B,No
C05710,A,Yes
C05711,B,No
C05712,A,No
C05713,A,Yes
C05714,B,No
C05715,B,No
C05716,A,No
C05717,B,No
C05718,B,No
C05719,A,No
C05720,B,No
C05721,B,No
C05722,B,No
C05723,A,No
C05724,B,No
C05725,A,No
C05726,A,No
C05727,A,No
C05728,A,No
C05729,A,No
C05730,B,No
C05731,A,No
C05732,A,No
C05733,A,No
C05734,A,No
C05735,B,No
C05736,A,No
C05737,B,No
C05738,A,No
C05739,A,No
C05740,B,No
C05741,A,No
C05742,B,No
C05743,B,No
C05744,A,No
C05745,A,No
C05746,B,No
C05747,A,No
C05748,A,No
C05749,A,No
C05750,B,No
C05751,A,No
C05752,A,No
C05753,A,No
C05754,B,No
C05755,B,No
C05756,A,No
C05757,A,No
C05758,B,No
C05759,A,No
C05760,A,No
C05761,B,No
C05762,B,No
C05763,A,Yes
C05764,B,No
C05765,B,No
C05766,A,No
C05767,B,No
C05768,B,No
C05769,A,Yes
C05770,A,No
C05771,A,No
C05772,A,No
C05773,B,No
C05774,B,No
C05775,B,No
C05776,B,No
C05777,B,No
C05778,A,No
C05779,B,No
C05780,A,No
C05781,A,No
C05782,B,No
C05783,A,No
C05784,B,No
C05785,A,No
C05786,B,No
C05787,A,No
C05788,A,No
C05789,A,No
C05790,B,No
C05791,A,No
C05792,B,No
C05793,A,No
C05794,B,No
C05795,B,No
C05796,A,No
C05797,A,No
C05798,A,No
C05799,B,No
C05800,A,No
C05801,A,No
C05802,B,No
C05803,A,No
C05804,B,No
C05805,B,No
C05806,B,No
C05807,B,No
C05808,B,No
C05809,A,No
C05810,A,No
C05811,B,No
C05812,A,No
C05813,B,No
C05814,A,No
C05815,B,No
C05816,B,No
C05817,B,No
C05818,A,No
C05819,B,No
C05820,A,No
C05821,B,No
C05822,B,No
C05823,B,No
C05824,A,No
C05825,A,No
C05826,A,No
C05827,A,No
C05828,A,No
C05829,B,No
C05830,B,No
C05831,A,No
C05832,A,No
C05833,B,No
C05834,B,No
C05835,B,No
C05836,B,No
C05837,B,No
C05838,B,No
C05839,B,No
C05840,B,No
C05841,A,No
C05842,B,No
C05843,A,No
C05844,A,No
C05845,B,No
C05846,B,No
C05847,B,No
C05848,B,No
C05849,A,No
C05850,A,No
C05851,A,No
C05852,B,No
C05853,A,No
C05854,B,Yes
C05855,B,No
C05856,B,No
C05857,B,No
C05858,A,No
C05859,B,No
C05860,B,No
C05861,B,No
C05862,B,No
C05863,B,No
C05864,A,No
C05865,A,No
C05866,A,No
C05867,B,No
C05868,B,No
C05869,B,No
C05870,B,No
C05871,A,Yes
C05872,A,No
C05873,B,No
C05874,B,No
C05875,B,No
C05876,B,No
C05877,B,No
C05878,B,No
C05879,A,No
C05880,B,No
C05881,B,No
C05882,B,No
C05883,A,No
C05884,A,Yes
C05885,B,No
C05886,A,No
C05887,A,No
C05888,A,No
C05889,B,No
C05890,B,No
C05891,A,No
C05892,B,No
C05893,A,No
C05894,B,No
C05895,A,No
C05896,B,Yes
C05897,B,No
C05898,A,No
C05899,B,No
C05900,A,No
C05901,B,No
C05902,B,No
C05903,A,No
C05904,A,No
C05905,B,No
C05906,B,No
C05907,A,No
C05908,B,No
C05909,A,No
C05910,B,No
C05911,B,No
C05912,B,No
C05913,B,No
C05914,B,No
C05915,B,No
C05916,B,No
C05917,A,No
C05918,A,No
C05919,A,Yes
C05920,B,No
C05921,B,No
C05922,B,No
C05923,B,No
C05924,B,No
C05925,A,No
C05926,B,No
C05927,A,No
C05928,A,No
C05929,A,No
C05930,B,No
C05931,A,No
C05932,B,No
C05933,A,Yes
C05934,B,No
C05935,A,No
C05936,B,No
C05937,A,No
C05938,A,No
C05939,A,No
C05940,B,No
C05941,A,No
C05942,A,No
C05943,B,Yes
C05944,B,No
C05945,B,Yes
C05946,B,No
C05947,B,No
C05948,B,No
C05949,B,No
C05950,B,No
C05951,B,No
C05952,A,Yes
C05953,A,Yes
C05954,A,No
C05955,A,No
C05956,A,No
C05957,B,No
C05958,B,No
C05959,B,No
C05960,B,No
C05961,B,No
C05962,B,No
C05963,A,No
C05964,A,No
C05965,B,No
C05966,B,No
C05967,A,No
C05968,A,No
C05969,B,No
C05970,A,No
C05971,A,No
C05972,B,No
C05973,A,No
C05974,B,No
C05975,A,No
C05976,A,No
C05977,B,No
C05978,B,No
C05979,B,No
C05980,A,No
C05981,B,No
C05982,A,No
C05983,B,No
C05984,B,No
C05985,B,No
C05986,B,No
C05987,B,No
C05988,A,No
C05989,B,No
C05990,B,No
C05991,B,No
C05992,B,No
C05993,B,No
C05994,B,No
C05995,A,No
C05996,A,No
C05997,B,No
C05998,A,No
C05999,A,No
C06000,A,Yes
C06001,B,No
C06002,A,No
C06003,B,Yes
C06004,B,No
C06005,B,No
C06006,B,No
C06007,B,No
C06008,B,No
C06009,A,No
C06010,A,No
C06011,B,Yes
C06012,A,No
C06013,A,No
C06014,A,No
C06015,A,No
C06016,A,No
C06017,B,No
C06018,A,No
C06019,A,No
C06020,B,No
C06021,A,No
C06022,B,No
C06023,B,No
C06024,A,No
C06025,A,No
C06026,A,No
C06027,A,No
C06028,A,No
C06029,A,No
C06030,A,No
C06031,B,No
C06032,A,No
C06033,B,No
C06034,A,No
C06035,B,No
C06036,B,No
C06037,B,No
C06038,B,No
C06039,A,Yes
C06040,A,Yes
C06041,A,No
C06042,A,No
C06043,A,No
C06044,A,No
C06045,B,No
C06046,B,No
C06047,B,No
C06048,A,No
C06049,B,No
C06050,A,No
C06051,A,No
C06052,B,No
C06053,B,No
C06054,A,No
C06055,B,No
C06056,B,No
C06057,A,No
C06058,A,No
C06059,B,No
C06060,A,No
C06061,B,No
C06062,A,No
C06063,B,No
C06064,B,No
C06065,A,Yes
C06066,A,No
C06067,A,No
C06068,B,No
C06069,B,Yes
C06070,B,No
C06071,A,Yes
C06072,B,No
C06073,B,No
C06074,B,No
C06075,A,No
C06076,A,No
C06077,B,No
C06078,A,No
C06079,B,No
C06080,B,Yes
C06081,A,No
C06082,A,No
C06083,B,No
C06084,A,No
C06085,B,Yes
C06086,A,No
C06087,A,Yes
C06088,B,No
C06089,B,No
C06090,A,No
C06091,A,No
C06092,B,No
C06093,B,No
C06094,B,No
C06095,B,No
C06096,A,No
C06097,A,No
C06098,A,No
C06099,A,No
C06100,B,No
C06101,A,No
C06102,A,No
C06103,A,No
C06104,B,Yes
C06105,A,No
C06106,B,No
C06107,B,No
C06108,A,No
C06109,B,Yes
C06110,B,No
C06111,B,No
C06112,B,No
C06113,B,No
C06114,B,No
C06115,A,No
C06116,B,No
C06117,B,No
C06118,B,No
C06119,A,No
C06120,A,No
C06121,B,No
C06122,A,No
C06123,A,No
C06124,B,No
C06125,B,No
C06126,A,No
C06127,B,No
C06128,A,No
C06129,B,No
C06130,B,No
C06131,A,No
C06132,B,No
C06133,A,No
C06134,B,No
C06135,B,No
C06136,A,No
C06137,A,No
C06138,A,No
C06139,A,No
C06140,A,No
C06141,A,No
C06142,A,No
C06143,A,No
C06144,B,No
C06145,B,No
C06146,B,No
C06147,B,No
C06148,A,No
C06149,B,Yes
C06150,B,No
C06151,A,No
C06152,A,Yes
C06153,B,No
C06154,B,No
C06155,A,No
C06156,A,No
C06157,A,Yes
C06158,A,No
C06159,B,No
C06160,A,No
C06161,A,No
C06162,B,No
C06163,B,No
C06164,B,No
C06165,B,No
C06166,B,No
C06167,A,No
C06168,B,No
C06169,A,No
C06170,B,No
C06171,A,No
C06172,B,No
C06173,B,No
C06174,A,No
C06175,B,No
C06176,A,No
C06177,A,Yes
C06178,A,No
C06179,A,No
C06180,A,No
C06181,A,No
C06182,B,No
C06183,A,No
C06184,A,No
C06185,B,No
C06186,A,No
C06187,A,No
C06188,B,No
C06189,B,No
C06190,A,No
C06191,B,No
C06192,A,No
C06193,A,No
C06194,B,No
C06195,A,No
C06196,B,No
C06197,B,No
C06198,A,No
C06199,A,No
C06200,A,No
C06201,B,No
C06202,A,No
C06203,A,Yes
C06204,A,Yes
C06205,A,No
C06206,B,No
C06207,B,No
C06208,B,Yes
C06209,A,Yes
C06210,B,No
C06211,A,No
C06212,B,Yes
C06213,B,No
C06214,B,No
C06215,B,No
C06216,B,No
C06217,B,No
C06218,A,No
C06219,B,No
C06220,B,No
C06221,A,No
C06222,A,No
C06223,B,No
C06224,B,No
C06225,A,No
C06226,B,No
C06227,B,No
C06228,A,No
C06229,A,No
C06230,B,No
C06231,B,No
C06232,A,No
C06233,A,No
C06234,A,Yes
C06235,B,No
C06236,A,No
C06237,B,No
C06238,B,No
C06239,B,No
C06240,A,No
C06241,B,No
C06242,A,Yes
C06243,A,No
C06244,B,No
C06245,B,No
C06246,B,No
C06247,B,No
C06248,A,No
C06249,B,No
C06250,B,No
C06251,B,No
C06252,B,No
C06253,A,No
C06254,B,No
C06255,A,No
C06256,B,No
C06257,A,No
C06258,A,No
C06259,B,No
C06260,A,No
C06261,B,No
C06262,A,No
C06263,A,No
C06264,B,No
C06265,B,No
C06266,B,No
C06267,B,No
C06268,A,No
C06269,A,No
C06270,A,No
C06271,A,No
C06272,B,No
C06273,B,No
C06274,B,No
C06275,A,Yes
C06276,A,No
C06277,B,No
C06278,A,No
C06279,A,No
C06280,B,No
C06281,B,No
C06282,A,No
C06283,A,No
C06284,B,No
C06285,A,No
C06286,B,No
C06287,A,Yes
C06288,A,No
C06289,B,No
C06290,A,No
C06291,B,No
C06292,B,No
C06293,A,No
C06294,B,No
C06295,A,No
C06296,B,No
C06297,B,No
C06298,A,No
C06299,B,No
C06300,A,No
C06301,A,No
C06302,A,No
C06303,A,No
C06304,B,Yes
C06305,B,No
C06306,A,No
C06307,B,No
C06308,A,No
C06309,A,No
C06310,B,No
C06311,A,No
C06312,A,No
C06313,A,No
C06314,A,No
C06315,A,No
C06316,B,No
C06317,A,No
C06318,B,No
C06319,B,No
C06320,A,No
C06321,B,No
C06322,B,No
C06323,B,Yes
C06324,B,Yes
C06325,B,No
C06326,B,No
C06327,B,No
C06328,A,No
C06329,B,No
C06330,A,No
C06331,B,No
C06332,B,No
C06333,B,No
C06334,A,No
C06335,A,No
C06336,A,No
C06337,B,No
C06338,A,No
C06339,B,No
C06340,B,No
C06341,A,No
C06342,A,No
C06343,B,No
C06344,A,No
C06345,B,No
C06346,B,No
C06347,A,No
C06348,B,No
C06349,B,No
C06350,A,Yes
C06351,A,No
C06352,B,No
C06353,A,No
C06354,B,No
C06355,A,No
C06356,B,Yes
C06357,B,No
C06358,B,No
C06359,B,No
C06360,B,No
C06361,B,No
C06362,A,No
C06363,A,No
C06364,A,Yes
C06365,B,No
C06366,A,No
C06367,B,No
C06368,B,No
C06369,A,No
C06370,A,No
C06371,A,No
C06372,A,No
C06373,A,No
C06374,A,No
C06375,B,No
C06376,A,No
C06377,A,No
C06378,B,No
C06379,B,No
C06380,B,No
C06381,B,No
C06382,B,No
C06383,B,No
C06384,A,No
C06385,B,No
C06386,B,No
C06387,A,No
C06388,A,No
C06389,A,No
C06390,A,No
C06391,A,Yes
C06392,B,No
C06393,B,No
C06394,B,No
C06395,A,No
C06396,B,No
C06397,B,No
C06398,A,No
C06399,A,No
C06400,A,No
C06401,B,No
C06402,A,No
C06403,A,No
C06404,A,No
C06405,B,No
C06406,B,No
C06407,B,No
C06408,A,No
C06409,B,No
C06410,B,No
C06411,B,No
C06412,A,No
C06413,B,No
C06414,B,No
C06415,B,Yes
C06416,A,No
C06417,B,No
C06418,A,No
C06419,B,No
C06420,B,No
C06421,B,No
C06422,B,No
C06423,B,No
C06424,B,Yes
C06425,B,No
C06426,B,No
C06427,B,No
C06428,B,No
C06429,A,No
C06430,B,No
C06431,B,No
C06432,A,No
C06433,A,No
C06434,B,No
C06435,B,No
C06436,A,No
C06437,A,Yes
C06438,A,No
C06439,A,No
C06440,B,No
C06441,A,No
C06442,A,No
C06443,B,No
C06444,A,No
C06445,A,No
C06446,B,No
C06447,B,No
C06448,A,No
C06449,B,No
C06450,A,Yes
C06451,B,No
C06452,A,No
C06453,A,No
C06454,A,No
C06455,B,No
C06456,B,No
C06457,A,No
C06458,A,No
C06459,B,No
C06460,B,No
C06461,A,No
C06462,A,No
C06463,B,No
C06464,B,No
C06465,A,No
C06466,B,No
C06467,B,No
C06468,B,No
C06469,B,No
C06470,A,No
C06471,A,No
C06472,B,No
C06473,A,Yes
C06474,A,No
C06475,B,No
C06476,B,No
C06477,A,No
C06478,A,No
C06479,B,No
C06480,A,No
C06481,A,No
C06482,B,No
C06483,B,No
C06484,B,Yes
C06485,B,No
C06486,A,No
C06487,B,Yes
C06488,A,No
C06489,A,No
C06490,B,No
C06491,B,No
C06492,B,Yes
C06493,A,No
C06494,B,No
C06495,B,No
C06496,B,No
C06497,B,Yes
C06498,A,No
C06499,B,No
C06500,B,No
C06501,B,No
C06502,A,No
C06503,A,No
C06504,B,No
C06505,B,No
C06506,A,No
C06507,B,No
C06508,B,No
C06509,A,No
C06510,B,Yes
C06511,B,No
C06512,B,No
C06513,B,No
C06514,A,No
C06515,B,No
C06516,B,Yes
C06517,A,No
C06518,A,No
C06519,A,No
C06520,A,No
C06521,A,No
C06522,A,No
C06523,A,No
C06524,A,No
C06525,A,No
C06526,B,No
C06527,B,No
C06528,B,No
C06529,B,No
C06530,A,No
C06531,B,No
C06532,B,No
C06533,B,No
C06534,B,No
C06535,A,No
C06536,B,No
C06537,B,No
C06538,B,No
C06539,B,No
C06540,B,No
C06541,B,No
C06542,A,No
C06543,A,No
C06544,B,Yes
C06545,B,No
C06546,B,No
C06547,B,No
C06548,B,No
C06549,B,No
C06550,B,No
C06551,B,No
C06552,A,Yes
C06553,B,No
C06554,B,No
C06555,B,Yes
C06556,A,No
C06557,A,No
C06558,A,No
C06559,B,No
C06560,A,No
C06561,A,No
C06562,B,No
C06563,B,No
C06564,B,No
C06565,A,No
C06566,A,No
C06567,B,No
C06568,B,No
C06569,B,No
C06570,B,No
C06571,A,No
C06572,A,No
C06573,A,No
C06574,A,No
C06575,B,No
C06576,B,Yes
C06577,A,No
C06578,B,No
C06579,A,No
C06580,B,No
C06581,B,No
C06582,A,No
C06583,A,No
C06584,A,No
C06585,B,No
C06586,A,No
C06587,A,No
C06588,B,No
C06589,A,No
C06590,B,No
C06591,A,No
C06592,B,No
C06593,B,No
C06594,B,No
C06595,B,No
C06596,A,No
C06597,A,No
C06598,A,No
C06599,A,No
C06600,A,No
C06601,A,No
C06602,B,No
C06603,A,No
C06604,A,No
C06605,B,No
C06606,B,No
C06607,A,No
C06608,B,No
C06609,A,No
C06610,B,No
C06611,A,No
C06612,A,No
C06613,A,No
C06614,B,No
C06615,B,No
C06616,A,No
C06617,A,No
C06618,A,No
C06619,B,No
C06620,B,No
C06621,A,No
C06622,A,No
C06623,A,Yes
C06624,A,No
C06625,B,No
C06626,A,No
C06627,B,Yes
C06628,A,No
C06629,A,No
C06630,B,No
C06631,A,No
C06632,A,Yes
C06633,A,No
C06634,B,No
C06635,B,No
C06636,A,No
C06637,B,No
C06638,A,No
C06639,A,No
C06640,B,No
C06641,B,No
C06642,A,No
C06643,B,No
C06644,A,No
C06645,B,No
C06646,B,No
C06647,A,No
C06648,A,No
C06649,B,No
C06650,B,No
C06651,B,No
C06652,A,No
C06653,A,No
C06654,A,No
C06655,B,No
C06656,A,No
C06657,B,No
C06658,A,No
C06659,A,No
C06660,B,No
C06661,B,No
C06662,B,No
C06663,B,No
C06664,B,No
C06665,B,No
C06666,A,No
C06667,B,No
C06668,A,No
C06669,B,No
C06670,B,No
C06671,A,No
C06672,A,No
C06673,A,No
C06674,B,Yes
C06675,B,No
C06676,A,No
C06677,A,No
C06678,B,No
C06679,A,No
C06680,A,No
C06681,A,No
C06682,A,No
C06683,A,No
C06684,B,No
C06685,A,No
C06686,B,No
C06687,B,No
C06688,A,No
C06689,A,No
C06690,B,No
C06691,A,No
C06692,A,No
C06693,B,No
C06694,B,No
C06695,A,No
C06696,B,No
C06697,A,No
C06698,A,No
C06699,A,No
C06700,B,No
C06701,B,No
C06702,A,No
C06703,A,No
C06704,B,No
C06705,A,No
C06706,A,No
C06707,A,No
C06708,B,No
C06709,A,No
C06710,B,Yes
C06711,B,Yes
C06712,B,No
C06713,B,No
C06714,A,No
C06715,A,No
C06716,A,No
C06717,B,No
C06718,A,No
C06719,B,No
C06720,A,No
C06721,B,No
C06722,B,No
C06723,A,No
C06724,A,No
C06725,B,No
C06726,B,No
C06727,B,No
C06728,A,No
C06729,A,No
C06730,B,No
C06731,A,No
C06732,B,No
C06733,B,No
C06734,A,No
C06735,B,No
C06736,B,No
C06737,A,No
C06738,A,No
C06739,A,No
C06740,A,No
C06741,B,No
C06742,B,No
C06743,A,No
C06744,B,No
C06745,A,No
C06746,A,No
C06747,A,No
C06748,B,No
C06749,B,No
C06750,B,No
C06751,B,No
C06752,B,No
C06753,A,No
C06754,B,No
C06755,A,No
C06756,B,No
C06757,A,Yes
C06758,B,No
C06759,B,No
C06760,A,No
C06761,B,No
C06762,A,No
C06763,B,No
C06764,A,No
C06765,A,No
C06766,A,No
C06767,A,No
C06768,B,No
C06769,A,No
C06770,B,No
C06771,B,No
C06772,A,No
C06773,A,No
C06774,B,No
C06775,B,No
C06776,A,No
C06777,B,No
C06778,A,No
C06779,B,No
C06780,B,No
C06781,A,No
C06782,A,No
C06783,A,No
C06784,A,No
C06785,A,No
C06786,B,No
C06787,B,No
C06788,A,No
C06789,B,No
C06790,B,No
C06791,A,No
C06792,A,No
C06793,B,No
C06794,A,Yes
C06795,B,No
C06796,A,No
C06797,B,No
C06798,B,No
C06799,A,No
C06800,A,No
C06801,B,No
C06802,A,No
C06803,A,No
C06804,A,No
C06805,B,No
C06806,B,No
C06807,A,No
C06808,A,No
C06809,A,No
C06810,A,No
C06811,A,No
C06812,A,No
C06813,A,No
C06814,B,No
C06815,A,No
C06816,B,No
C06817,B,No
C06818,B,No
C06819,B,No
C06820,A,No
C06821,B,No
C06822,B,No
C06823,B,No
C06824,A,No
C06825,B,No
C06826,A,No
C06827,A,No
C06828,B,No
C06829,A,No
C06830,A,No
C06831,B,No
C06832,A,Yes
C06833,B,Yes
C06834,A,Yes
C06835,A,No
C06836,A,No
C06837,A,No
C06838,A,No
C06839,B,No
C06840,B,No
C06841,B,No
C06842,A,Yes
C06843,B,No
C06844,B,No
C06845,B,No
C06846,A,No
C06847,B,No
C06848,B,No
C06849,A,No
C06850,A,No
C06851,A,Yes
C06852,B,Yes
C06853,A,No
C06854,A,No
C06855,B,No
C06856,B,No
C06857,A,No
C06858,B,No
C06859,B,No
C06860,A,No
C06861,A,No
C06862,A,No
C06863,A,No
C06864,A,No
C06865,A,No
C06866,B,No
C06867,B,No
C06868,A,No
C06869,B,No
C06870,B,No
C06871,A,No
C06872,B,No
C06873,A,No
C06874,A,No
C06875,A,No
C06876,A,Yes
C06877,A,No
C06878,B,No
C06879,B,No
C06880,B,No
C06881,B,No
C06882,B,No
C06883,B,No
C06884,B,No
C06885,A,No
C06886,B,No
C06887,B,No
C06888,B,No
C06889,A,No
C06890,A,No
C06891,B,No
C06892,B,No
C06893,A,No
C06894,A,Yes
C06895,B,No
C06896,B,No
C06897,A,No
C06898,B,No
C06899,B,No
C06900,A,No
C06901,A,No
C06902,B,No
C06903,A,No
C06904,B,No
C06905,B,No
C06906,B,No
C06907,A,No
C06908,B,No
C06909,A,No
C06910,B,No
C06911,A,No
C06912,A,No
C06913,A,No
C06914,B,No
C06915,A,No
C06916,A,No
C06917,B,No
C06918,A,No
C06919,A,No
C06920,B,No
C06921,B,No
C06922,A,No
C06923,A,No
C06924,A,No
C06925,B,No
C06926,A,No
C06927,B,No
C06928,A,No
C06929,A,No
C06930,B,No
C06931,A,No
C06932,B,No
C06933,B,No
C06934,A,No
C06935,B,No
C06936,A,No
C06937,B,No
C06938,A,No
C06939,A,No
C06940,B,No
C06941,A,No
C06942,A,Yes
C06943,B,No
C06944,B,No
C06945,A,No
C06946,A,No
C06947,B,No
C06948,A,No
C06949,A,No
C06950,B,No
C06951,A,No
C06952,A,No
C06953,A,No
C06954,A,No
C06955,B,No
C06956,B,No
C06957,A,Yes
C06958,A,Yes
C06959,B,No
C06960,A,No
C06961,A,Yes
C06962,B,No
C06963,B,No
C06964,A,No
C06965,A,No
C06966,B,No
C06967,A,No
C06968,A,No
C06969,A,No
C06970,B,No
C06971,A,No
C06972,A,No
C06973,A,No
C06974,A,No
C06975,A,No
C06976,B,No
C06977,A,Yes
C06978,B,No
C06979,A,Yes
C06980,B,No
C06981,A,No
C06982,A,No
C06983,A,No
C06984,B,No
C06985,B,No
C06986,A,No
C06987,A,No
C06988,A,No
C06989,B,No
C06990,A,No
C06991,B,No
C06992,B,No
C06993,B,No
C06994,A,No
C06995,A,No
C06996,B,Yes
C06997,A,No
C06998,A,No
C06999,A,No
C07000,B,No
C07001,A,No
C07002,B,No
C07003,A,Yes
C07004,A,No
C07005,B,No
C07006,A,No
C07007,A,No
C07008,A,No
C07009,A,No
C07010,B,No
C07011,B,No
C07012,A,No
C07013,A,No
C07014,B,No
C07015,A,No
C07016,A,Yes
C07017,A,No
C07018,A,No
C07019,A,No
C07020,B,No
C07021,A,No
C07022,A,No
C07023,B,No
C07024,B,No
C07025,B,No
C07026,B,No
C07027,A,No
C07028,B,No
C07029,B,No
C07030,B,No
C07031,B,No
C07032,B,No
C07033,B,No
C07034,A,No
C07035,B,No
C07036,A,No
C07037,A,No
C07038,B,No
C07039,B,No
C07040,A,No
C07041,A,No
C07042,A,No
C07043,B,No
C07044,B,No
C07045,B,No
C07046,A,No
C07047,A,No
C07048,B,No
C07049,B,No
C07050,A,No
C07051,B,No
C07052,A,Yes
C07053,A,No
C07054,B,No
C07055,A,No
C07056,B,No
C07057,B,No
C07058,A,No
C07059,B,No
C07060,B,No
C07061,B,No
C07062,A,No
C07063,B,No
C07064,B,No
C07065,B,No
C07066,B,No
C07067,A,No
C07068,B,No
C07069,B,No
C07070,A,No
C07071,A,Yes
C07072,B,No
C07073,A,No
C07074,A,No
C07075,B,No
C07076,A,No
C07077,B,No
C07078,A,No
C07079,B,No
C07080,A,Yes
C07081,A,No
C07082,A,No
C07083,A,No
C07084,A,No
C07085,B,No
C07086,A,No
C07087,A,No
C07088,A,No
C07089,B,No
C07090,A,No
C07091,B,No
C07092,B,No
C07093,B,No
C07094,B,No
C07095,B,No
C07096,A,No
C07097,B,No
C07098,B,No
C07099,A,No
C07100,B,No
C07101,B,No
C07102,B,No
C07103,A,No
C07104,B,No
C07105,B,No
C07106,B,No
C07107,A,No
C07108,A,No
C07109,B,No
C07110,B,No
C07111,A,Yes
C07112,B,No
C07113,B,No
C07114,A,No
C07115,A,No
C07116,A,No
C07117,A,No
C07118,B,No
C07119,A,No
C07120,A,Yes
C07121,B,No
C07122,B,No
C07123,A,No
C07124,A,No
C07125,B,No
C07126,A,No
C07127,B,No
C07128,A,No
C07129,B,Yes
C07130,B,No
C07131,A,No
C07132,A,No
C07133,A,No
C07134,B,No
C07135,A,No
C07136,B,No
C07137,A,No
C07138,B,No
C07139,B,No
C07140,B,No
C07141,B,No
C07142,A,No
C07143,A,Yes
C07144,B,No
C07145,B,No
C07146,B,Yes
C07147,A,No
C07148,A,No
C07149,A,No
C07150,A,Yes
C07151,A,No
C07152,A,No
C07153,A,No
C07154,B,No
C07155,A,No
C07156,A,No
C07157,A,No
C07158,A,No
C07159,B,Yes
C07160,A,No
C07161,B,No
C07162,B,No
C07163,B,No
C07164,A,No
C07165,B,No
C07166,B,No
C07167,B,No
C07168,B,No
C07169,B,No
C07170,A,Yes
C07171,A,No
C07172,B,No
C07173,B,No
C07174,B,No
C07175,B,No
C07176,B,No
C07177,B,No
C07178,A,No
C07179,B,No
C07180,B,No
C07181,B,No
C07182,A,No
C07183,B,No
C07184,A,No
C07185,B,No
C07186,B,No
C07187,B,No
C07188,B,No
C07189,A,No
C07190,B,No
C07191,A,No
C07192,A,No
C07193,B,No
C07194,B,No
C07195,A,No
C07196,A,No
C07197,A,No
C07198,B,No
C07199,A,No
C07200,B,No
C07201,B,No
C07202,B,No
C07203,A,No
C07204,A,No
C07205,A,No
C07206,A,No
C07207,A,No
C07208,B,No
C07209,B,No
C07210,B,No
C07211,B,No
C07212,A,No
C07213,A,No
C07214,A,No
C07215,B,No
C07216,B,No
C07217,A,Yes
C07218,A,No
C07219,A,No
C07220,B,No
C07221,B,Yes
C07222,A,No
C07223,B,No
C07224,A,No
C07225,B,No
C07226,A,No
C07227,A,No
C07228,A,No
C07229,A,No
C07230,A,No
C07231,B,No
C07232,A,No
C07233,B,No
C07234,B,No
C07235,B,No
C07236,B,Yes
C07237,A,No
C07238,A,No
C07239,B,No
C07240,A,No
C07241,A,No
C07242,B,No
C07243,A,No
C07244,B,No
C07245,A,No
C07246,A,No
C07247,B,No
C07248,A,No
C07249,B,No
C07250,A,No
C07251,A,No
C07252,A,No
C07253,B,No
C07254,A,No
C07255,A,No
C07256,A,No
C07257,A,No
C07258,A,No
C07259,B,No
C07260,B,No
C07261,A,No
C07262,B,No
C07263,B,No
C07264,A,No
C07265,A,No
C07266,B,No
C07267,A,No
C07268,B,No
C07269,B,No
C07270,A,No
C07271,B,No
C07272,A,No
C07273,A,No
C07274,A,No
C07275,A,No
C07276,A,No
C07277,A,No
C07278,B,No
C07279,B,No
C07280,A,No
C07281,B,Yes
C07282,A,No
C07283,B,No
C07284,A,Yes
C07285,A,No
C07286,B,No
C07287,A,No
C07288,B,No
C07289,B,No
C07290,A,No
C07291,A,No
C07292,A,No
C07293,B,No
C07294,B,No
C07295,A,No
C07296,B,No
C07297,A,No
C07298,B,No
C07299,B,No
C07300,B,No
C07301,A,No
C07302,A,No
C07303,B,No
C07304,B,No
C07305,A,No
C07306,A,No
C07307,A,No
C07308,B,No
C07309,A,No
C07310,A,No
C07311,A,No
C07312,B,No
C07313,A,No
C07314,B,No
C07315,A,No
C07316,A,No
C07317,B,No
C07318,B,Yes
C07319,A,No
C07320,A,Yes
C07321,B,No
C07322,B,No
C07323,A,No
C07324,A,No
C07325,A,Yes
C07326,B,No
C07327,A,No
C07328,A,Yes
C07329,B,No
C07330,B,No
C07331,B,No
C07332,A,No
C07333,B,No
C07334,A,No
C07335,A,No
C07336,B,No
C07337,B,No
C07338,A,No
C07339,A,No
C07340,A,No
C07341,A,No
C07342,B,No
C07343,A,No
C07344,A,No
C07345,A,No
C07346,B,No
C07347,B,No
C07348,A,No
C07349,B,No
C07350,A,No
C07351,B,No
C07352,A,Yes
C07353,B,No
C07354,A,No
C07355,B,No
C07356,A,No
C07357,B,No
C07358,B,No
C07359,B,No
C07360,B,No
C07361,B,No
C07362,A,No
C07363,A,No
C07364,B,No
C07365,B,No
C07366,A,No
C07367,B,No
C07368,A,No
C07369,B,No
C07370,B,No
C07371,B,No
C07372,B,No
C07373,A,No
C07374,A,No
C07375,B,No
C07376,B,No
C07377,B,No
C07378,A,No
C07379,B,No
C07380,B,No
C07381,B,No
C07382,A,No
C07383,A,No
C07384,B,No
C07385,A,Yes
C07386,A,No
C07387,A,No
C07388,B,No
C07389,A,No
C07390,A,No
C07391,B,No
C07392,B,No
C07393,B,No
C07394,B,No
C07395,B,Yes
C07396,B,No
C07397,A,No
C07398,A,No
C07399,A,No
C07400,B,No
C07401,A,No
C07402,B,Yes
C07403,A,No
C07404,B,No
C07405,B,No
C07406,B,No
C07407,A,No
C07408,A,No
C07409,B,No
C07410,A,No
C07411,B,No
C07412,A,No
C07413,A,No
C07414,B,No
C07415,A,No
C07416,B,No
C07417,B,Yes
C07418,B,No
C07419,B,No
C07420,B,No
C07421,B,Yes
C07422,A,No
C07423,B,No
C07424,A,No
C07425,B,No
C07426,B,No
C07427,B,No
C07428,B,No
C07429,A,No
C07430,A,No
C07431,A,Yes
C07432,A,No
C07433,A,Yes
C07434,A,No
C07435,A,No
C07436,A,No
C07437,B,No
C07438,B,Yes
C07439,B,No
C07440,B,Yes
C07441,B,No
C07442,B,No
C07443,B,No
C07444,A,No
C07445,B,No
C07446,A,No
C07447,A,No
C07448,B,No
C07449,B,No
C07450,A,No
C07451,A,No
C07452,B,No
C07453,B,No
C07454,B,No
C07455,B,Yes
C07456,A,No
C07457,B,No
C07458,B,No
C07459,A,No
C07460,B,No
C07461,B,No
C07462,A,No
C07463,B,No
C07464,A,No
C07465,B,No
C07466,B,No
C07467,A,No
C07468,B,No
C07469,B,No
C07470,A,No
C07471,B,No
C07472,B,No
C07473,A,No
C07474,A,No
C07475,B,No
C07476,B,No
C07477,A,No
C07478,A,No
C07479,A,No
C07480,B,No
C07481,B,No
C07482,B,No
C07483,B,No
C07484,A,No
C07485,A,No
C07486,B,No
C07487,A,No
C07488,B,No
C07489,B,No
C07490,A,No
C07491,A,No
C07492,B,No
C07493,B,No
C07494,A,No
C07495,B,Yes
C07496,A,No
C07497,B,No
C07498,A,Yes
C07499,B,No
C07500,A,No
C07501,B,No
C07502,B,No
C07503,A,No
C07504,B,No
C07505,A,No
C07506,A,No
C07507,B,Yes
C07508,A,No
C07509,A,No
C07510,A,No
C07511,A,No
C07512,A,No
C07513,B,No
C07514,B,No
C07515,B,No
C07516,A,No
C07517,A,No
C07518,B,No
C07519,A,No
C07520,A,No
C07521,A,No
C07522,A,No
C07523,A,No
C07524,A,No
C07525,B,Yes
C07526,A,No
C07527,B,No
C07528,B,No
C07529,B,No
C07530,A,No
C07531,A,Yes
C07532,A,No
C07533,B,No
C07534,A,No
C07535,B,Yes
C07536,B,No
C07537,B,No
C07538,B,No
C07539,B,No
C07540,B,No
C07541,A,No
C07542,A,No
C07543,B,No
C07544,A,No
C07545,A,No
C07546,B,No
C07547,A,No
C07548,A,No
C07549,A,No
C07550,A,No
C07551,A,No
C07552,A,No
C07553,A,No
C07554,B,No
C07555,A,No
C07556,B,No
C07557,B,No
C07558,B,No
C07559,B,No
C07560,B,No
C07561,A,No
C07562,A,No
C07563,A,No
C07564,B,No
C07565,A,No
C07566,B,No
C07567,A,No
C07568,B,No
C07569,B,No
C07570,B,No
C07571,A,No
C07572,A,No
C07573,B,No
C07574,B,No
C07575,A,No
C07576,B,No
C07577,A,No
C07578,A,Yes
C07579,B,No
C07580,A,No
C07581,B,No
C07582,B,No
C07583,B,No
C07584,A,No
C07585,B,No
C07586,B,No
C07587,B,No
C07588,B,No
C07589,B,No
C07590,A,No
C07591,B,No
C07592,B,No
C07593,B,No
C07594,B,No
C07595,B,Yes
C07596,A,No
C07597,B,Yes
C07598,B,No
C07599,B,No
C07600,B,No
C07601,A,No
C07602,A,No
C07603,B,No
C07604,B,No
C07605,B,No
C07606,B,No
C07607,B,No
C07608,B,No
C07609,B,No
C07610,B,No
C07611,A,No
C07612,B,No
C07613,B,No
C07614,A,No
C07615,B,No
C07616,A,Yes
C07617,B,No
C07618,A,No
C07619,B,No
C07620,B,No
C07621,A,No
C07622,B,No
C07623,A,No
C07624,A,No
C07625,A,No
C07626,B,No
C07627,B,No
C07628,A,No
C07629,B,No
C07630,A,No
C07631,A,No
C07632,B,No
C07633,A,No
C07634,A,No
C07635,B,No
C07636,B,No
C07637,A,No
C07638,B,No
C07639,B,No
C07640,A,No
C07641,B,No
C07642,B,No
C07643,B,No
C07644,A,No
C07645,A,No
C07646,B,No
C07647,B,No
C07648,A,No
C07649,B,No
C07650,B,Yes
C07651,B,Yes
C07652,B,No
C07653,A,No
C07654,B,No
C07655,A,No
C07656,B,No
C07657,B,No
C07658,A,Yes
C07659,A,No
C07660,A,No
C07661,B,No
C07662,A,No
C07663,B,No
C07664,A,No
C07665,B,No
C07666,B,No
C07667,B,No
C07668,A,No
C07669,B,No
C07670,B,Yes
C07671,A,No
C07672,B,No
C07673,B,No
C07674,A,No
C07675,A,No
C07676,A,No
C07677,B,No
C07678,A,No
C07679,A,No
C07680,B,No
C07681,A,No
C07682,A,No
C07683,A,No
C07684,A,No
C07685,B,No
C07686,B,No
C07687,B,No
C07688,A,No
C07689,A,No
C07690,B,No
C07691,B,Yes
C07692,A,No
C07693,A,No
C07694,A,No
C07695,A,No
C07696,A,No
C07697,A,No
C07698,A,No
C07699,B,No
C07700,A,No
C07701,B,No
C07702,B,No
C07703,B,No
C07704,A,Yes
C07705,B,Yes
C07706,A,No
C07707,B,No
C07708,A,No
C07709,A,No
C07710,A,No
C07711,A,No
C07712,A,No
C07713,B,No
C07714,A,No
C07715,B,No
C07716,B,No
C07717,B,No
C07718,A,No
C07719,A,Yes
C07720,B,No
C07721,B,No
C07722,B,Yes
C07723,B,Yes
C07724,B,No
C07725,A,No
C07726,B,No
C07727,B,No
C07728,A,No
C07729,A,No
C07730,A,Yes
C07731,A,No
C07732,B,No
C07733,A,No
C07734,A,No
C07735,B,No
C07736,B,No
C07737,B,No
C07738,B,No
C07739,A,No
C07740,A,No
C07741,B,No
C07742,B,No
C07743,A,No
C07744,B,No
C07745,B,No
C07746,A,No
C07747,A,No
C07748,A,No
C07749,B,No
C07750,A,No
C07751,A,No
C07752,A,No
C07753,A,No
C07754,A,No
C07755,A,No
C07756,B,Yes
C07757,B,No
C07758,B,Yes
C07759,B,Yes
C07760,A,No
C07761,A,No
C07762,A,No
C07763,A,No
C07764,B,No
C07765,B,Yes
C07766,A,No
C07767,A,No
C07768,A,No
C07769,B,No
C07770,B,No
C07771,B,No
C07772,A,Yes
C07773,B,No
C07774,B,No
C07775,B,No
C07776,A,No
C07777,B,No
C07778,A,No
C07779,B,No
C07780,B,No
C07781,A,No
C07782,A,No
C07783,A,No
C07784,B,No
C07785,B,No
C07786,A,No
C07787,B,No
C07788,B,No
C07789,A,No
C07790,A,No
C07791,A,No
C07792,B,No
C07793,A,No
C07794,B,No
C07795,A,No
C07796,A,No
C07797,A,Yes
C07798,B,No
C07799,A,No
C07800,B,No
C07801,B,No
C07802,A,No
C07803,B,No
C07804,A,No
C07805,A,No
C07806,A,Yes
C07807,B,No
C07808,B,No
C07809,B,No
C07810,A,No
C07811,B,No
C07812,B,No
C07813,A,No
C07814,A,No
C07815,B,No
C07816,A,No
C07817,B,No
C07818,B,No
C07819,A,No
C07820,B,No
C07821,A,No
C07822,B,Yes
C07823,A,No
C07824,A,No
C07825,A,No
C07826,A,No
C07827,A,No
C07828,B,No
C07829,A,No
C07830,B,No
C07831,A,No
C07832,A,No
C07833,A,No
C07834,A,No
C07835,A,No
C07836,A,No
C07837,A,No
C07838,A,No
C07839,B,No
C07840,B,No
C07841,A,No
C07842,A,No
C07843,A,No
C07844,B,No
C07845,B,No
C07846,A,No
C07847,B,No
C07848,B,No
C07849,B,Yes
C07850,B,No
C07851,B,No
C07852,B,No
C07853,A,Yes
C07854,A,No
C07855,B,No
C07856,B,No
C07857,A,No
C07858,B,No
C07859,A,No
C07860,B,No
C07861,A,No
C07862,A,No
C07863,A,No
C07864,B,No
C07865,A,No
C07866,B,No
C07867,B,No
C07868,B,No
C07869,B,No
C07870,A,No
C07871,B,No
C07872,A,No
C07873,A,No
C07874,B,No
C07875,B,No
C07876,B,No
C07877,B,No
C07878,B,No
C07879,B,No
C07880,B,No
C07881,A,No
C07882,A,No
C07883,A,No
C07884,A,No
C07885,B,No
C07886,A,No
C07887,A,No
C07888,B,No
C07889,B,No
C07890,A,No
C07891,B,No
C07892,B,No
C07893,A,No
C07894,A,No
C07895,B,No
C07896,B,No
C07897,B,No
C07898,A,No
C07899,A,Yes
C07900,A,No
C07901,A,No
C07902,B,No
C07903,A,No
C07904,B,No
C07905,A,No
C07906,A,No
C07907,B,No
C07908,B,Yes
C07909,B,No
C07910,A,No
C07911,A,No
C07912,B,No
C07913,B,No
C07914,B,No
C07915,A,No
C07916,B,Yes
C07917,A,No
C07918,A,No
C07919,B,No
C07920,A,No
C07921,B,No
C07922,B,No
C07923,B,No
C07924,B,No
C07925,A,No
C07926,A,No
C07927,B,No
C07928,A,No
C07929,A,No
C07930,A,No
C07931,A,No
C07932,B,No
C07933,A,No
C07934,A,No
C07935,A,No
C07936,A,No
C07937,A,No
C07938,B,No
C07939,A,No
C07940,B,No
C07941,B,No
C07942,A,No
C07943,B,No
C07944,A,No
C07945,A,No
C07946,B,No
C07947,B,No
C07948,B,No
C07949,B,No
C07950,A,Yes
C07951,A,No
C07952,A,No
C07953,A,No
C07954,A,No
C07955,B,No
C07956,B,No
C07957,A,No
C07958,A,No
C07959,B,No
C07960,B,Yes
C07961,B,No
C07962,B,No
C07963,A,No
C07964,B,No
C07965,B,No
C07966,B,No
C07967,B,No
C07968,B,No
C07969,A,No
C07970,A,No
C07971,A,No
C07972,A,No
C07973,B,No
C07974,A,No
C07975,A,No
C07976,A,No
C07977,B,No
C07978,A,No
C07979,A,No
C07980,A,No
C07981,B,No
C07982,B,No
C07983,A,No
C07984,A,No
C07985,B,No
C07986,B,No
C07987,A,No
C07988,A,No
C07989,B,Yes
C07990,B,No
C07991,B,No
C07992,B,No
C07993,B,No
C07994,B,No
C07995,B,No
C07996,B,No
C07997,A,No
C07998,B,No
C07999,B,No
C08000,A,No
C08001,A,No
C08002,A,Yes
C08003,B,No
C08004,B,No
C08005,B,No
C08006,B,No
C08007,A,No
C08008,A,No
C08009,A,No
C08010,A,No
C08011,B,No
C08012,A,Yes
C08013,B,No
C08014,B,No
C08015,A,No
C08016,B,No
C08017,B,No
C08018,A,No
C08019,A,No
C08020,A,No
C08021,A,No
C08022,A,Yes
C08023,A,Yes
C08024,B,No
C08025,B,No
C08026,B,No
C08027,B,No
C08028,A,No
C08029,A,No
C08030,B,No
C08031,B,No
C08032,A,No
C08033,B,No
C08034,A,No
C08035,B,No
C08036,A,No
C08037,A,No
C08038,B,No
C08039,A,No
C08040,B,No
C08041,A,No
C08042,A,No
C08043,A,No
C08044,B,No
C08045,A,No
C08046,A,No
C08047,B,No
C08048,A,No
C08049,A,No
C08050,A,No
C08051,A,No
C08052,A,No
C08053,A,No
C08054,B,No
C08055,A,No
C08056,B,Yes
C08057,A,No
C08058,A,No
C08059,B,No
C08060,B,Yes
C08061,A,No
C08062,A,No
C08063,A,No
C08064,B,No
C08065,B,No
C08066,A,No
C08067,B,No
C08068,A,No
C08069,B,No
C08070,A,Yes
C08071,B,No
C08072,B,No
C08073,A,No
C08074,B,No
C08075,B,No
C08076,B,No
C08077,B,No
C08078,A,No
C08079,A,No
C08080,A,No
C08081,B,No
C08082,A,No
C08083,A,Yes
C08084,B,No
C08085,A,Yes
C08086,B,No
C08087,B,No
C08088,A,No
C08089,A,No
C08090,B,No
C08091,A,No
C08092,B,No
C08093,A,No
C08094,B,No
C08095,B,Yes
C08096,B,No
C08097,A,No
C08098,B,No
C08099,B,Yes
C08100,B,No
C08101,A,No
C08102,A,Yes
C08103,B,No
C08104,A,No
C08105,B,No
C08106,B,Yes
C08107,A,Yes
C08108,A,No
C08109,B,No
C08110,B,No
C08111,A,No
C08112,A,No
C08113,A,Yes
C08114,B,No
C08115,B,No
C08116,B,No
C08117,B,No
C08118,B,No
C08119,B,No
C08120,B,No
C08121,A,No
C08122,B,No
C08123,B,No
C08124,A,No
C08125,A,No
C08126,B,No
C08127,B,No
C08128,A,No
C08129,A,No
C08130,A,No
C08131,A,No
C08132,A,No
C08133,B,No
C08134,A,No
C08135,A,No
C08136,A,Yes
C08137,B,No
C08138,B,No
C08139,B,No
C08140,A,No
C08141,A,No
C08142,B,No
C08143,B,No
C08144,B,No
C08145,B,No
C08146,A,No
C08147,B,No
C08148,A,No
C08149,A,Yes
C08150,B,No
C08151,B,No
C08152,A,No
C08153,B,No
C08154,A,No
C08155,B,No
C08156,A,No
C08157,A,No
C08158,B,No
C08159,B,No
C08160,B,No
C08161,A,No
C08162,B,No
C08163,A,No
C08164,A,Yes
C08165,B,No
C08166,A,No
C08167,A,No
C08168,A,No
C08169,B,No
C08170,A,No
C08171,A,No
C08172,A,No
C08173,A,No
C08174,B,No
C08175,A,No
C08176,B,No
C08177,B,No
C08178,A,No
C08179,A,No
C08180,B,No
C08181,B,No
C08182,A,No
C08183,B,No
C08184,B,No
C08185,A,No
C08186,B,No
C08187,B,No
C08188,A,No
C08189,A,No
C08190,B,No
C08191,A,No
C08192,A,No
C08193,B,No
C08194,A,No
C08195,B,No
C08196,B,No
C08197,B,No
C08198,A,No
C08199,A,No
C08200,B,No
C08201,A,No
C08202,A,No
C08203,A,No
C08204,A,No
C08205,B,No
C08206,B,No
C08207,B,No
C08208,A,No
C08209,B,No
C08210,B,No
C08211,A,No
C08212,A,No
C08213,B,No
C08214,B,Yes
C08215,B,No
C08216,B,No
C08217,B,No
C08218,A,No
C08219,A,No
C08220,B,No
C08221,A,No
C08222,B,No
C08223,A,No
C08224,B,No
C08225,B,No
C08226,B,No
C08227,A,No
C08228,B,No
C08229,A,No
C08230,A,No
C08231,A,No
C08232,A,No
C08233,A,No
C08234,A,No
C08235,B,Yes
C08236,A,No
C08237,A,No
C08238,B,Yes
C08239,B,No
C08240,B,No
C08241,A,No
C08242,A,No
C08243,A,No
C08244,A,Yes
C08245,A,No
C08246,A,Yes
C08247,B,No
C08248,A,No
C08249,A,No
C08250,B,No
C08251,A,No
C08252,A,No
C08253,B,No
C08254,B,No
C08255,A,No
C08256,B,No
C08257,B,No
C08258,B,No
C08259,B,No
C08260,A,No
C08261,A,No
C08262,A,No
C08263,A,No
C08264,B,No
C08265,A,No
C08266,A,Yes
C08267,A,No
C08268,B,No
C08269,A,No
C08270,B,No
C08271,A,Yes
C08272,A,No
C08273,B,No
C08274,B,No
C08275,B,No
C08276,A,No
C08277,B,No
C08278,B,No
C08279,B,No
C08280,B,No
C08281,A,No
C08282,B,No
C08283,B,No
C08284,B,No
C08285,B,No
C08286,A,No
C08287,A,No
C08288,A,No
C08289,B,No
C08290,A,No
C08291,A,No
C08292,B,No
C08293,A,No
C08294,A,No
C08295,B,No
C08296,B,No
C08297,A,No
C08298,A,No
C08299,B,No
C08300,A,No
C08301,A,No
C08302,B,No
C08303,B,No
C08304,A,No
C08305,A,No
C08306,B,No
C08307,B,No
C08308,A,Yes
C08309,A,No
C08310,A,No
C08311,A,No
C08312,A,No
C08313,B,No
C08314,A,No
C08315,A,No
C08316,A,No
C08317,B,No
C08318,A,No
C08319,B,No
C08320,B,No
C08321,B,No
C08322,B,No
C08323,B,No
C08324,B,No
C08325,B,No
C08326,A,Yes
C08327,A,No
C08328,A,No
C08329,A,No
C08330,B,Yes
C08331,A,No
C08332,B,No
C08333,B,No
C08334,B,No
C08335,B,No
C08336,B,No
C08337,B,No
C08338,B,No
C08339,B,No
C08340,B,No
C08341,A,No
C08342,B,No
C08343,B,Yes
C08344,A,No
C08345,A,No
C08346,A,No
C08347,B,No
C08348,B,Yes
C08349,B,No
C08350,B,No
C08351,A,No
C08352,B,No
C08353,B,No
C08354,B,No
C08355,A,No
C08356,A,No
C08357,B,No
C08358,B,No
C08359,A,No
C08360,B,No
C08361,B,No
C08362,A,No
C08363,A,No
C08364,A,Yes
C08365,A,No
C08366,B,No
C08367,A,No
C08368,B,No
C08369,B,No
C08370,A,No
C08371,A,No
C08372,B,No
C08373,B,No
C08374,B,No
C08375,A,No
C08376,B,No
C08377,A,No
C08378,A,No
C08379,A,No
C08380,A,No
C08381,B,No
C08382,B,No
C08383,A,No
C08384,B,No
C08385,A,No
C08386,A,No
C08387,A,Yes
C08388,A,No
C08389,B,No
C08390,B,No
C08391,B,No
C08392,A,No
C08393,A,No
C08394,B,No
C08395,B,No
C08396,B,No
C08397,A,No
C08398,A,No
C08399,B,Yes
C08400,A,No
C08401,A,Yes
C08402,B,No
C08403,A,No
C08404,A,No
C08405,B,No
C08406,B,No
C08407,B,No
C08408,B,No
C08409,B,No
C08410,A,No
C08411,A,No
C08412,A,No
C08413,A,No
C08414,A,No
C08415,B,No
C08416,A,No
C08417,A,No
C08418,B,No
C08419,A,No
C08420,A,No
C08421,B,No
C08422,A,Yes
C08423,A,No
C08424,A,No
C08425,B,No
C08426,B,Yes
C08427,A,No
C08428,B,No
C08429,B,No
C08430,B,No
C08431,B,No
C08432,A,No
C08433,A,No
C08434,A,No
C08435,B,No
C08436,B,No
C08437,B,No
C08438,A,No
C08439,A,No
C08440,B,No
C08441,B,No
C08442,B,No
C08443,B,No
C08444,B,No
C08445,B,No
C08446,A,No
C08447,A,No
C08448,B,No
C08449,B,No
C08450,A,No
C08451,A,No
C08452,B,No
C08453,A,No
C08454,B,No
C08455,A,No
C08456,B,Yes
C08457,B,No
C08458,A,No
C08459,B,No
C08460,A,No
C08461,B,No
C08462,B,No
C08463,B,No
C08464,B,No
C08465,B,No
C08466,A,No
C08467,B,No
C08468,B,No
C08469,B,No
C08470,A,No
C08471,A,No
C08472,A,No
C08473,B,No
C08474,A,No
C08475,A,Yes
C08476,B,No
C08477,B,No
C08478,A,No
C08479,B,No
C08480,A,No
C08481,B,No
C08482,B,No
C08483,B,No
C08484,A,No
C08485,A,No
C08486,B,No
C08487,B,No
C08488,B,Yes
C08489,B,No
C08490,A,No
C08491,B,No
C08492,B,No
C08493,B,No
C08494,A,No
C08495,A,No
C08496,A,No
C08497,B,No
C08498,B,No
C08499,A,No
C08500,A,No
C08501,B,No
C08502,A,No
C08503,B,No
C08504,A,No
C08505,A,No
C08506,B,No
C08507,A,No
C08508,B,No
C08509,B,No
C08510,A,No
C08511,A,No
C08512,B,No
C08513,B,No
C08514,B,No
C08515,B,No
C08516,B,No
C08517,B,No
C08518,B,No
C08519,B,No
C08520,A,Yes
C08521,A,No
C08522,A,No
C08523,B,No
C08524,B,No
C08525,A,Yes
C08526,B,No
C08527,B,No
C08528,B,No
C08529,A,No
C08530,B,No
C08531,B,No
C08532,B,No
C08533,B,No
C08534,B,No
C08535,A,No
C08536,A,No
C08537,B,No
C08538,A,No
C08539,A,No
C08540,B,Yes
C08541,A,No
C08542,B,No
C08543,B,No
C08544,B,No
C08545,A,No
C08546,A,No
C08547,A,No
C08548,B,No
C08549,A,No
C08550,B,No
C08551,A,Yes
C08552,B,No
C08553,B,No
C08554,A,No
C08555,A,No
C08556,B,No
C08557,B,No
C08558,A,No
C08559,B,No
C08560,B,No
C08561,A,No
C08562,B,No
C08563,A,No
C08564,B,Yes
C08565,B,No
C08566,B,No
C08567,B,Yes
C08568,B,No
C08569,A,No
C08570,B,No
C08571,B,No
C08572,A,No
C08573,B,No
C08574,A,No
C08575,A,No
C08576,B,No
C08577,B,No
C08578,B,No
C08579,A,No
C08580,A,No
C08581,A,No
C08582,A,No
C08583,A,No
C08584,A,No
C08585,B,No
C08586,A,No
C08587,A,No
C08588,B,No
C08589,B,No
C08590,B,No
C08591,B,No
C08592,B,No
C08593,B,No
C08594,A,No
C08595,B,No
C08596,B,No
C08597,B,No
C08598,A,No
C08599,B,No
C08600,B,No
C08601,A,No
C08602,A,No
C08603,A,No
C08604,B,No
C08605,B,No
C08606,B,No
C08607,A,No
C08608,B,No
C08609,A,No
C08610,B,No
C08611,B,No
C08612,A,No
C08613,A,No
C08614,B,No
C08615,A,No
C08616,A,No
C08617,B,No
C08618,A,No
C08619,A,No
C08620,B,Yes
C08621,B,No
C08622,A,No
C08623,B,No
C08624,B,No
C08625,B,No
C08626,A,No
C08627,A,No
C08628,A,No
C08629,B,No
C08630,A,No
C08631,A,No
C08632,A,No
C08633,A,No
C08634,A,Yes
C08635,A,No
C08636,B,No
C08637,B,No
C08638,A,No
C08639,B,No
C08640,A,No
C08641,B,No
C08642,B,No
C08643,B,No
C08644,A,No
C08645,A,No
C08646,B,No
C08647,B,No
C08648,B,No
C08649,B,No
C08650,A,No
C08651,B,No
C08652,B,Yes
C08653,B,No
C08654,A,No
C08655,B,No
C08656,A,No
C08657,A,No
C08658,B,No
C08659,A,No
C08660,A,No
C08661,A,No
C08662,A,No
C08663,A,No
C08664,B,Yes
C08665,B,No
C08666,A,No
C08667,B,No
C08668,B,No
C08669,B,No
C08670,B,No
C08671,A,No
C08672,B,No
C08673,B,No
C08674,A,No
C08675,B,No
C08676,B,No
C08677,B,No
C08678,A,No
C08679,A,No
C08680,B,No
C08681,B,No
C08682,A,No
C08683,A,Yes
C08684,B,No
C08685,A,Yes
C08686,B,No
C08687,B,No
C08688,B,No
C08689,B,No
C08690,B,No
C08691,B,No
C08692,B,No
C08693,A,No
C08694,A,No
C08695,A,No
C08696,A,No
C08697,A,No
C08698,B,No
C08699,A,No
C08700,A,No
C08701,B,No
C08702,A,No
C08703,B,No
C08704,A,No
C08705,B,No
C08706,B,No
C08707,B,No
C08708,B,No
C08709,A,No
C08710,A,No
C08711,B,No
C08712,B,No
C08713,B,No
C08714,B,No
C08715,A,No
C08716,A,No
C08717,B,No
C08718,A,No
C08719,A,No
C08720,B,No
C08721,A,No
C08722,B,No
C08723,B,No
C08724,A,No
C08725,A,No
C08726,B,No
C08727,A,No
C08728,A,No
C08729,B,Yes
C08730,A,No
C08731,B,No
C08732,B,No
C08733,B,No
C08734,B,No
C08735,A,No
C08736,B,No
C08737,B,No
C08738,B,No
C08739,B,No
C08740,B,No
C08741,A,No
C08742,B,No
C08743,B,No
C08744,A,No
C08745,B,No
C08746,B,No
C08747,A,No
C08748,A,No
C08749,A,No
C08750,A,No
C08751,B,No
C08752,B,No
C08753,A,No
C08754,A,Yes
C08755,B,No
C08756,B,No
C08757,A,Yes
C08758,A,No
C08759,A,No
C08760,A,No
C08761,B,No
C08762,B,No
C08763,B,No
C08764,A,No
C08765,B,No
C08766,B,Yes
C08767,B,No
C08768,B,No
C08769,B,No
C08770,A,No
C08771,B,No
C08772,A,No
C08773,A,Yes
C08774,A,No
C08775,A,No
C08776,B,No
C08777,B,No
C08778,A,No
C08779,A,No
C08780,B,No
C08781,B,No
C08782,A,No
C08783,B,No
C08784,B,No
C08785,B,No
C08786,B,No
C08787,B,No
C08788,A,No
C08789,A,No
C08790,A,No
C08791,A,No
C08792,B,No
C08793,B,No
C08794,A,No
C08795,A,Yes
C08796,B,No
C08797,A,No
C08798,A,No
C08799,B,No
C08800,A,No
C08801,A,No
C08802,B,No
C08803,A,No
C08804,A,Yes
C08805,B,No
C08806,A,No
C08807,A,Yes
C08808,A,No
C08809,A,No
C08810,A,No
C08811,B,No
C08812,A,No
C08813,B,No
C08814,B,No
C08815,A,No
C08816,B,No
C08817,B,No
C08818,A,No
C08819,B,No
C08820,B,No
C08821,A,No
C08822,A,No
C08823,A,No
C08824,A,Yes
C08825,A,No
C08826,B,No
C08827,B,Yes
C08828,B,No
C08829,A,Yes
C08830,B,No
C08831,B,No
C08832,A,No
C08833,B,No
C08834,B,No
C08835,B,No
C08836,A,No
C08837,B,No
C08838,A,No
C08839,B,No
C08840,A,No
C08841,B,No
C08842,B,No
C08843,B,No
C08844,B,No
C08845,B,No
C08846,B,No
C08847,A,Yes
C08848,A,No
C08849,B,No
C08850,B,Yes
C08851,B,No
C08852,B,No
C08853,B,No
C08854,B,No
C08855,B,No
C08856,A,No
C08857,B,Yes
C08858,A,No
C08859,A,No
C08860,B,No
C08861,B,No
C08862,A,No
C08863,B,No
C08864,B,No
C08865,B,No
C08866,B,Yes
C08867,A,No
C08868,A,No
C08869,B,No
C08870,A,No
C08871,A,No
C08872,A,No
C08873,B,No
C08874,A,No
C08875,B,No
C08876,A,No
C08877,B,No
C08878,A,No
C08879,B,No
C08880,A,No
C08881,A,No
C08882,B,No
C08883,B,No
C08884,B,No
C08885,B,No
C08886,A,No
C08887,A,No
C08888,A,No
C08889,A,No
C08890,B,No
C08891,A,No
C08892,B,No
C08893,A,No
C08894,B,No
C08895,A,No
C08896,B,No
C08897,A,No
C08898,B,No
C08899,B,No
C08900,A,No
C08901,B,No
C08902,A,No
C08903,B,Yes
C08904,A,No
C08905,B,No
C08906,B,No
C08907,B,No
C08908,A,No
C08909,A,Yes
C08910,B,No
C08911,A,No
C08912,B,No
C08913,B,No
C08914,A,No
C08915,B,No
C08916,B,No
C08917,A,Yes
C08918,B,No
C08919,A,No
C08920,A,No
C08921,B,No
C08922,A,No
C08923,B,No
C08924,A,No
C08925,B,No
C08926,A,No
C08927,B,No
C08928,A,No
C08929,B,No
C08930,B,No
C08931,A,No
C08932,B,No
C08933,A,No
C08934,B,No
C08935,B,No
C08936,A,No
C08937,A,No
C08938,B,No
C08939,B,No
C08940,B,Yes
C08941,A,No
C08942,A,No
C08943,B,No
C08944,A,No
C08945,A,No
C08946,B,No
C08947,A,Yes
C08948,A,No
C08949,B,No
C08950,B,No
C08951,A,No
C08952,B,No
C08953,A,No
C08954,B,No
C08955,B,No
C08956,A,No
C08957,A,No
C08958,B,No
C08959,B,Yes
C08960,A,No
C08961,B,No
C08962,A,Yes
C08963,A,No
C08964,A,No
C08965,A,No
C08966,A,No
C08967,A,No
C08968,A,No
C08969,B,No
C08970,A,No
C08971,A,No
C08972,A,No
C08973,B,No
C08974,B,No
C08975,A,No
C08976,B,No
C08977,A,No
C08978,B,No
C08979,A,No
C08980,A,No
C08981,B,No
C08982,B,No
C08983,B,No
C08984,B,No
C08985,A,Yes
C08986,A,No
C08987,B,No
C08988,A,No
C08989,A,No
C08990,A,No
C08991,A,No
C08992,A,No
C08993,A,Yes
C08994,B,No
C08995,B,No
C08996,B,No
C08997,B,No
C08998,B,No
C08999,B,No
C09000,B,No
C09001,B,No
C09002,A,No
C09003,B,No
C09004,A,No
C09005,B,No
C09006,B,No
C09007,B,No
C09008,B,No
C09009,B,No
C09010,A,No
C09011,B,Yes
C09012,A,No
C09013,A,No
C09014,A,No
C09015,A,No
C09016,B,No
C09017,A,No
C09018,A,Yes
C09019,A,Yes
C09020,A,No
C09021,B,No
C09022,B,No
C09023,A,No
C09024,B,No
C09025,B,No
C09026,A,No
C09027,A,No
C09028,B,No
C09029,B,No
C09030,B,No
C09031,B,Yes
C09032,A,No
C09033,A,No
C09034,B,No
C09035,B,Yes
C09036,A,No
C09037,A,No
C09038,A,No
C09039,A,Yes
C09040,A,No
C09041,A,No
C09042,B,No
C09043,A,No
C09044,B,No
C09045,B,No
C09046,A,Yes
C09047,B,Yes
C09048,B,No
C09049,B,No
C09050,A,No
C09051,B,No
C09052,B,Yes
C09053,A,No
C09054,A,No
C09055,B,Yes
C09056,B,No
C09057,B,No
C09058,B,No
C09059,A,No
C09060,B,No
C09061,A,No
C09062,A,No
C09063,B,No
C09064,B,No
C09065,B,No
C09066,B,No
C09067,A,No
C09068,B,No
C09069,A,No
C09070,B,No
C09071,B,Yes
C09072,A,No
C09073,A,No
C09074,B,Yes
C09075,A,No
C09076,A,No
C09077,B,No
C09078,B,Yes
C09079,A,No
C09080,A,No
C09081,B,No
C09082,B,No
C09083,B,No
C09084,A,Yes
C09085,B,No
C09086,B,No
C09087,A,No
C09088,B,No
C09089,B,No
C09090,A,No
C09091,A,No
C09092,A,No
C09093,B,No
C09094,A,No
C09095,A,Yes
C09096,A,No
C09097,B,No
C09098,A,No
C09099,B,No
C09100,A,No
C09101,A,No
C09102,A,No
C09103,A,No
C09104,B,No
C09105,B,No
C09106,A,No
C09107,B,No
C09108,A,No
C09109,A,No
C09110,A,No
C09111,A,No
C09112,B,No
C09113,B,No
C09114,B,No
C09115,A,No
C09116,B,No
C09117,A,No
C09118,A,No
C09119,B,No
C09120,B,No
C09121,A,No
C09122,B,No
C09123,B,No
C09124,A,Yes
C09125,A,No
C09126,B,Yes
C09127,B,No
C09128,B,No
C09129,B,No
C09130,B,No
C09131,B,No
C09132,A,No
C09133,B,No
C09134,B,No
C09135,A,No
C09136,B,No
C09137,B,No
C09138,A,No
C09139,B,Yes
C09140,A,Yes
C09141,B,No
C09142,B,Yes
C09143,B,No
C09144,A,No
C09145,B,No
C09146,B,No
C09147,A,No
C09148,B,No
C09149,B,No
C09150,A,No
C09151,B,No
C09152,B,No
C09153,B,No
C09154,A,No
C09155,A,No
C09156,A,No
C09157,A,No
C09158,B,No
C09159,A,No
C09160,B,Yes
C09161,B,No
C09162,B,No
C09163,A,No
C09164,A,No
C09165,A,No
C09166,A,No
C09167,B,No
C09168,A,No
C09169,B,No
C09170,A,No
C09171,A,No
C09172,A,No
C09173,A,No
C09174,B,No
C09175,B,Yes
C09176,A,No
C09177,A,Yes
C09178,B,No
C09179,A,No
C09180,A,No
C09181,A,Yes
C09182,B,Yes
C09183,B,No
C09184,A,No
C09185,A,No
C09186,A,No
C09187,A,No
C09188,B,Yes
C09189,A,No
C09190,B,No
C09191,A,No
C09192,B,No
C09193,B,No
C09194,A,No
C09195,A,No
C09196,B,No
C09197,B,No
C09198,B,No
C09199,B,No
C09200,B,No
C09201,A,No
C09202,B,No
C09203,A,No
C09204,B,No
C09205,B,No
C09206,B,No
C09207,A,No
C09208,B,No
C09209,B,Yes
C09210,B,No
C09211,A,No
C09212,B,No
C09213,B,No
C09214,B,No
C09215,A,No
C09216,B,No
C09217,B,No
C09218,B,No
C09219,B,No
C09220,B,No
C09221,A,No
C09222,B,No
C09223,A,No
C09224,B,No
C09225,A,Yes
C09226,A,No
C09227,A,No
C09228,A,No
C09229,A,No
C09230,A,No
C09231,B,No
C09232,B,No
C09233,B,No
C09234,B,No
C09235,A,No
C09236,A,No
C09237,A,Yes
C09238,B,No
C09239,B,No
C09240,A,No
C09241,B,No
C09242,B,No
C09243,B,No
C09244,A,No
C09245,B,No
C09246,A,No
C09247,A,No
C09248,B,Yes
C09249,A,No
C09250,B,No
C09251,A,Yes
C09252,A,No
C09253,B,No
C09254,B,No
C09255,A,No
C09256,B,No
C09257,B,No
C09258,B,No
C09259,A,No
C09260,A,No
C09261,B,No
C09262,B,No
C09263,A,No
C09264,A,No
C09265,A,No
C09266,B,No
C09267,B,No
C09268,A,No
C09269,A,No
C09270,B,No
C09271,B,No
C09272,B,No
C09273,B,No
C09274,B,No
C09275,A,No
C09276,B,No
C09277,B,No
C09278,A,No
C09279,A,No
C09280,A,No
C09281,A,No
C09282,B,No
C09283,B,No
C09284,B,No
C09285,B,No
C09286,A,No
C09287,B,No
C09288,A,No
C09289,B,No
C09290,B,No
C09291,B,No
C09292,A,No
C09293,B,No
C09294,B,No
C09295,B,No
C09296,B,No
C09297,B,No
C09298,B,No
C09299,A,Yes
C09300,B,No
C09301,B,No
C09302,A,No
C09303,B,No
C09304,A,No
C09305,B,No
C09306,A,No
C09307,A,Yes
C09308,A,No
C09309,A,No
C09310,A,No
C09311,A,No
C09312,B,No
C09313,B,No
C09314,B,No
C09315,B,No
C09316,A,No
C09317,B,No
C09318,B,No
C09319,B,No
C09320,B,No
C09321,B,No
C09322,A,No
C09323,B,No
C09324,B,No
C09325,B,No
C09326,B,No
C09327,B,No
C09328,B,No
C09329,A,No
C09330,B,No
C09331,B,No
C09332,A,No
C09333,B,No
C09334,B,No
C09335,A,No
C09336,A,Yes
C09337,A,Yes
C09338,B,No
C09339,B,No
C09340,A,No
C09341,B,No
C09342,A,No
C09343,A,No
C09344,B,No
C09345,A,No
C09346,A,No
C09347,A,No
C09348,A,No
C09349,A,No
C09350,A,No
C09351,B,No
C09352,B,No
C09353,B,No
C09354,B,No
C09355,B,No
C09356,A,No
C09357,B,Yes
C09358,A,No
C09359,A,No
C09360,B,No
C09361,B,No
C09362,B,No
C09363,A,Yes
C09364,B,No
C09365,A,No
C09366,A,No
C09367,B,No
C09368,B,No
C09369,B,No
C09370,A,No
C09371,A,No
C09372,A,No
C09373,B,No
C09374,B,No
C09375,A,No
C09376,A,No
C09377,A,No
C09378,A,No
C09379,A,No
C09380,B,No
C09381,A,No
C09382,B,No
C09383,A,No
C09384,A,No
C09385,B,No
C09386,B,No
C09387,A,No
C09388,B,No
C09389,A,No
C09390,A,No
C09391,A,No
C09392,A,No
C09393,B,No
C09394,A,No
C09395,A,No
C09396,B,No
C09397,B,No
C09398,A,No
C09399,A,No
C09400,B,No
C09401,B,No
C09402,A,No
C09403,A,No
C09404,B,No
C09405,A,No
C09406,A,No
C09407,A,No
C09408,B,No
C09409,A,No
C09410,A,No
C09411,A,No
C09412,A,No
C09413,B,No
C09414,A,No
C09415,A,No
C09416,B,No
C09417,A,No
C09418,B,No
C09419,A,No
C09420,A,No
C09421,A,No
C09422,B,No
C09423,A,No
C09424,A,Yes
C09425,A,No
C09426,B,No
C09427,A,No
C09428,A,No
C09429,B,No
C09430,B,No
C09431,A,No
C09432,A,Yes
C09433,A,No
C09434,B,No
C09435,B,No
C09436,A,No
C09437,A,No
C09438,B,No
C09439,A,No
C09440,A,No
C09441,B,No
C09442,B,No
C09443,A,No
C09444,A,No
C09445,A,No
C09446,B,No
C09447,B,No
C09448,B,No
C09449,A,No
C09450,B,No
C09451,A,No
C09452,B,No
C09453,A,No
C09454,A,Yes
C09455,A,No
C09456,A,No
C09457,A,No
C09458,A,No
C09459,A,No
C09460,A,No
C09461,B,No
C09462,B,No
C09463,B,No
C09464,B,No
C09465,B,No
C09466,B,No
C09467,A,No
C09468,A,No
C09469,A,Yes
C09470,B,No
C09471,B,No
C09472,A,Yes
C09473,A,No
C09474,B,No
C09475,A,No
C09476,A,No
C09477,B,Yes
C09478,B,No
C09479,B,No
C09480,B,No
C09481,A,No
C09482,B,No
C09483,B,No
C09484,A,No
C09485,B,No
C09486,A,No
C09487,B,No
C09488,A,No
C09489,A,No
C09490,B,No
C09491,A,No
C09492,B,No
C09493,B,No
C09494,B,No
C09495,B,No
C09496,B,No
C09497,B,No
C09498,B,No
C09499,A,No
C09500,A,No
C09501,B,No
C09502,A,No
C09503,B,No
C09504,A,No
C09505,B,No
C09506,A,No
C09507,A,No
C09508,B,No
C09509,A,No
C09510,B,No
C09511,A,No
C09512,B,Yes
C09513,B,No
C09514,B,No
C09515,A,No
C09516,B,No
C09517,B,No
C09518,B,No
C09519,A,Yes
C09520,B,No
C09521,A,No
C09522,A,Yes
C09523,A,No
C09524,A,No
C09525,B,No
C09526,B,No
C09527,A,No
C09528,A,No
C09529,A,No
C09530,A,No
C09531,B,No
C09532,A,No
C09533,B,No
C09534,B,Yes
C09535,A,No
C09536,B,No
C09537,B,Yes
C09538,B,No
C09539,B,No
C09540,A,No
C09541,A,No
C09542,A,No
C09543,B,No
C09544,A,No
C09545,A,Yes
C09546,B,No
C09547,A,No
C09548,B,No
C09549,A,No
C09550,A,No
C09551,A,No
C09552,A,No
C09553,A,No
C09554,A,No
C09555,B,Yes
C09556,B,No
C09557,A,No
C09558,B,No
C09559,A,No
C09560,A,No
C09561,B,No
C09562,A,No
C09563,B,No
C09564,B,No
C09565,A,No
C09566,B,No
C09567,B,No
C09568,B,No
C09569,A,No
C09570,A,No
C09571,B,No
C09572,A,No
C09573,A,No
C09574,B,No
C09575,A,No
C09576,A,No
C09577,B,No
C09578,A,No
C09579,B,No
C09580,B,No
C09581,B,No
C09582,A,No
C09583,A,No
C09584,A,No
C09585,B,No
C09586,B,No
C09587,B,No
C09588,B,No
C09589,A,No
C09590,A,No
C09591,B,No
C09592,B,No
C09593,B,No
C09594,B,No
C09595,A,No
C09596,A,No
C09597,A,No
C09598,A,No
C09599,A,No
C09600,B,No
C09601,A,Yes
C09602,A,No
C09603,B,No
C09604,B,No
C09605,B,No
C09606,B,No
C09607,B,No
C09608,B,No
C09609,B,No
C09610,B,No
C09611,A,No
C09612,B,No
C09613,A,No
C09614,B,Yes
C09615,B,No
C09616,B,No
C09617,B,No
C09618,A,Yes
C09619,B,No
C09620,A,No
C09621,B,No
C09622,B,No
C09623,A,No
C09624,A,No
C09625,A,No
C09626,B,No
C09627,A,No
C09628,A,Yes
C09629,B,No
C09630,B,No
C09631,B,No
C09632,B,No
C09633,A,No
C09634,A,No
C09635,A,No
C09636,A,No
C09637,A,No
C09638,A,No
C09639,B,No
C09640,A,No
C09641,B,No
C09642,B,No
C09643,B,No
C09644,B,No
C09645,B,No
C09646,B,No
C09647,B,No
C09648,A,No
C09649,B,No
C09650,B,No
C09651,A,No
C09652,B,No
C09653,A,No
C09654,B,No
C09655,B,No
C09656,B,No
C09657,B,No
C09658,B,No
C09659,B,No
C09660,A,No
C09661,B,No
C09662,B,No
C09663,A,No
C09664,A,No
C09665,B,No
C09666,B,No
C09667,B,No
C09668,A,Yes
C09669,B,No
C09670,A,No
C09671,B,No
C09672,B,No
C09673,B,No
C09674,B,No
C09675,A,No
C09676,A,No
C09677,A,No
C09678,A,No
C09679,A,No
C09680,B,No
C09681,A,No
C09682,B,No
C09683,A,No
C09684,A,No
C09685,A,Yes
C09686,B,No
C09687,B,No
C09688,B,No
C09689,B,No
C09690,B,No
C09691,B,No
C09692,A,No
C09693,B,No
C09694,A,No
C09695,B,No
C09696,B,No
C09697,B,No
C09698,A,No
C09699,A,No
C09700,A,No
C09701,A,No
C09702,B,No
C09703,A,No
C09704,A,No
C09705,A,No
C09706,B,No
C09707,B,Yes
C09708,B,No
C09709,A,No
C09710,A,No
C09711,B,No
C09712,B,No
C09713,A,No
C09714,B,No
C09715,B,No
C09716,A,No
C09717,A,No
C09718,A,No
C09719,A,No
C09720,B,No
C09721,B,No
C09722,A,No
C09723,B,No
C09724,A,No
C09725,B,No
C09726,A,No
C09727,B,No
C09728,B,No
C09729,B,No
C09730,B,No
C09731,B,No
C09732,B,No
C09733,A,Yes
C09734,A,No
C09735,B,No
C09736,A,No
C09737,B,No
C09738,B,No
C09739,B,No
C09740,B,No
C09741,B,Yes
C09742,B,No
C09743,B,No
C09744,A,Yes
C09745,B,No
C09746,A,No
C09747,B,No
C09748,A,No
C09749,A,No
C09750,A,No
C09751,B,No
C09752,B,No
C09753,A,No
C09754,A,No
C09755,B,No
C09756,B,No
C09757,A,No
C09758,A,No
C09759,A,No
C09760,B,No
C09761,A,No
C09762,A,No
C09763,A,No
C09764,B,No
C09765,A,No
C09766,B,No
C09767,B,No
C09768,B,No
C09769,B,No
C09770,A,No
C09771,B,No
C09772,B,No
C09773,A,No
C09774,A,No
C09775,A,No
C09776,B,No
C09777,A,No
C09778,B,No
C09779,B,No
C09780,B,No
C09781,B,No
C09782,A,No
C09783,B,No
C09784,A,Yes
C09785,A,No
C09786,A,No
C09787,A,No
C09788,A,No
C09789,B,No
C09790,A,No
C09791,B,Yes
C09792,B,Yes
C09793,B,No
C09794,A,Yes
C09795,B,Yes
C09796,B,No
C09797,A,No
C09798,B,No
C09799,B,No
C09800,B,No
C09801,A,No
C09802,A,No
C09803,B,No
C09804,A,No
C09805,A,No
C09806,B,No
C09807,A,No
C09808,A,No
C09809,B,No
C09810,B,No
C09811,A,Yes
C09812,A,No
C09813,B,No
C09814,A,No
C09815,B,No
C09816,B,No
C09817,B,No
C09818,B,No
C09819,B,No
C09820,B,No
C09821,B,No
C09822,B,No
C09823,B,No
C09824,A,No
C09825,A,Yes
C09826,A,No
C09827,A,No
C09828,A,No
C09829,B,No
C09830,B,No
C09831,A,No
C09832,B,No
C09833,A,No
C09834,A,No
C09835,A,No
C09836,B,No
C09837,B,No
C09838,A,No
C09839,A,No
C09840,B,No
C09841,B,No
C09842,B,No
C09843,A,No
C09844,A,No
C09845,B,No
C09846,A,No
C09847,A,No
C09848,A,No
C09849,A,No
C09850,A,Yes
C09851,A,No
C09852,B,Yes
C09853,B,No
C09854,B,No
C09855,B,No
C09856,B,No
C09857,A,No
C09858,A,No
C09859,A,No
C09860,A,No
C09861,B,No
C09862,B,No
C09863,B,No
C09864,B,No
C09865,B,No
C09866,A,No
C09867,B,No
C09868,B,No
C09869,A,No
C09870,B,No
C09871,B,No
C09872,A,Yes
C09873,A,No
C09874,A,No
C09875,A,No
C09876,A,No
C09877,B,No
C09878,A,No
C09879,B,No
C09880,A,No
C09881,B,No
C09882,B,No
C09883,A,No
C09884,A,No
C09885,B,No
C09886,B,No
C09887,B,No
C09888,A,No
C09889,A,No
C09890,B,No
C09891,B,No
C09892,B,No
C09893,A,No
C09894,B,No
C09895,B,No
C09896,A,No
C09897,B,No
C09898,B,No
C09899,B,No
C09900,B,No
C09901,A,No
C09902,B,No
C09903,B,No
C09904,B,Yes
C09905,B,No
C09906,B,No
C09907,B,No
C09908,A,No
C09909,A,No
C09910,A,No
C09911,A,No
C09912,A,No
C09913,B,No
C09914,A,No
C09915,B,No
C09916,A,No
C09917,B,No
C09918,A,No
C09919,A,No
C09920,B,No
C09921,B,No
C09922,A,No
C09923,A,No
C09924,B,No
C09925,A,No
C09926,A,No
C09927,A,No
C09928,B,No
C09929,B,No
C09930,A,No
C09931,A,No
C09932,A,No
C09933,B,No
C09934,A,No
C09935,B,No
C09936,A,No
C09937,B,No
C09938,A,No
C09939,B,No
C09940,A,No
C09941,B,No
C09942,A,No
C09943,B,No
C09944,B,No
C09945,B,No
C09946,A,No
C09947,A,No
C09948,B,No
C09949,A,No
C09950,A,No
C09951,A,No
C09952,A,No
C09953,B,No
C09954,B,No
C09955,A,Yes
C09956,B,No
C09957,B,No
C09958,A,No
C09959,A,No
C09960,B,No
C09961,A,No
C09962,B,No
C09963,B,No
C09964,B,No
C09965,B,No
C09966,A,No
C09967,A,Yes
C09968,B,No
C09969,B,No
C09970,A,No
C09971,B,No
C09972,B,No
C09973,B,Yes
C09974,B,No
C09975,A,No
C09976,B,No
C09977,B,No
C09978,A,No
C09979,B,Yes
C09980,A,Yes
C09981,B,No
C09982,A,No
C09983,B,No
C09984,B,No
C09985,A,No
C09986,A,No
C09987,A,No
C09988,A,No
C09989,B,No
C09990,A,No
C09991,B,No
C09992,B,No
C09993,A,No
C09994,B,No
C09995,B,No
C09996,A,No
C09997,B,No
C09998,A,No
C09999,A,No
C10000,A,No
C10001,A,No
C10002,A,No
C10003,A,No
C10004,A,No
C10005,B,No
C10006,B,No
C10007,B,No
C10008,B,No
C10009,B,No
C10010,B,No
C10011,B,No
C10012,A,No
C10013,B,No
C10014,A,No
C10015,A,No
C10016,A,Yes
C10017,A,No
C10018,A,No
C10019,B,No
C10020,A,No
C10021,B,No
C10022,B,No
C10023,B,No
C10024,A,No
C10025,A,Yes
C10026,B,No
C10027,B,No
C10028,A,No
C10029,A,No
C10030,A,No
C10031,B,No
C10032,A,No
C10033,B,No
C10034,B,No
C10035,B,No
C10036,B,No
C10037,A,No
C10038,A,No
C10039,B,No
C10040,B,No
C10041,A,No
C10042,A,No
C10043,A,No
C10044,A,No
C10045,B,No
C10046,A,No
C10047,A,No
C10048,B,No
C10049,B,No
C10050,A,No
C10051,A,No
C10052,A,No
C10053,B,No
C10054,B,No
C10055,B,No
C10056,A,No
C10057,A,No
C10058,B,Yes
C10059,B,No
C10060,A,No
C10061,A,No
C10062,A,No
C10063,B,Yes
C10064,A,No
C10065,B,No
C10066,B,No
C10067,B,No
C10068,B,No
C10069,B,No
C10070,B,No
C10071,B,No
C10072,B,No
C10073,B,No
C10074,B,No
C10075,B,Yes
C10076,B,No
C10077,A,No
C10078,A,No
C10079,A,No
C10080,A,No
C10081,A,No
C10082,B,No
C10083,B,No
C10084,B,No
C10085,B,No
C10086,A,Yes
C10087,A,Yes
C10088,A,No
C10089,B,No
C10090,A,No
C10091,B,No
C10092,A,No
C10093,B,No
C10094,A,No
C10095,B,No
C10096,B,No
C10097,A,No
C10098,A,No
C10099,B,Yes
C10100,B,No
C10101,B,No
C10102,A,No
C10103,A,No
C10104,A,No
C10105,B,No
C10106,B,No
C10107,A,No
C10108,A,Yes
C10109,B,No
C10110,B,No
C10111,B,No
C10112,A,No
C10113,B,No
C10114,A,No
C10115,B,No
C10116,B,No
C10117,B,No
C10118,B,Yes
C10119,A,No
C10120,B,No
C10121,B,No
C10122,A,No
C10123,A,No
C10124,A,Yes
C10125,B,No
C10126,B,No
C10127,A,No
C10128,A,No
C10129,A,No
C10130,B,No
C10131,B,No
C10132,A,No
C10133,B,No
C10134,B,No
C10135,A,No
C10136,A,No
C10137,A,No
C10138,B,No
C10139,A,No
C10140,B,No
C10141,A,No
C10142,A,No
C10143,A,No
C10144,A,No
C10145,A,No
C10146,B,No
C10147,A,No
C10148,B,No
C10149,B,No
C10150,A,No
C10151,B,No
C10152,A,No
C10153,A,No
C10154,A,No
C10155,B,No
C10156,B,No
C10157,A,No
C10158,A,No
C10159,A,No
C10160,B,No
C10161,A,No
C10162,A,No
C10163,A,No
C10164,B,No
C10165,A,No
C10166,B,No
C10167,B,No
C10168,A,Yes
C10169,B,No
C10170,A,No
C10171,A,No
C10172,B,No
C10173,B,No
C10174,A,No
C10175,A,No
C10176,A,No
C10177,B,No
C10178,A,No
C10179,A,No
C10180,B,No
C10181,A,No
C10182,B,No
C10183,B,No
C10184,B,No
C10185,B,No
C10186,A,No
C10187,B,Yes
C10188,B,No
C10189,B,No
C10190,B,No
C10191,B,No
C10192,B,No
C10193,B,No
C10194,A,Yes
C10195,A,No
C10196,A,No
C10197,B,No
C10198,A,No
C10199,A,No
C10200,B,No
C10201,A,No
C10202,B,No
C10203,A,No
C10204,B,No
C10205,A,No
C10206,B,No
C10207,A,No
C10208,A,No
C10209,B,No
C10210,A,No
C10211,A,No
C10212,A,No
C10213,A,No
C10214,B,No
C10215,A,No
C10216,B,No
C10217,A,No
C10218,B,No
C10219,B,No
C10220,A,No
C10221,A,No
C10222,B,No
C10223,B,No
C10224,A,No
C10225,B,No
C10226,A,No
C10227,A,No
C10228,B,No
C10229,B,No
C10230,A,No
C10231,A,No
C10232,A,No
C10233,B,No
C10234,A,No
C10235,A,No
C10236,A,No
C10237,B,No
C10238,A,No
C10239,B,No
C10240,B,No
C10241,A,No
C10242,A,Yes
C10243,A,Yes
C10244,A,No
C10245,B,No
C10246,B,No
C10247,A,No
C10248,A,No
C10249,A,No
C10250,B,No
C10251,B,No
C10252,B,No
C10253,A,No
C10254,A,No
C10255,B,No
C10256,B,No
C10257,B,No
C10258,A,No
C10259,B,No
C10260,A,No
C10261,A,No
C10262,B,No
C10263,B,No
C10264,A,No
C10265,A,No
C10266,A,No
C10267,B,No
C10268,A,No
C10269,B,No
C10270,A,No
C10271,B,No
C10272,B,No
C10273,B,No
C10274,B,No
C10275,A,No
C10276,B,No
C10277,B,No
C10278,A,No
C10279,B,Yes
C10280,A,No
C10281,A,No
C10282,B,No
C10283,A,Yes
C10284,A,No
C10285,A,No
C10286,A,No
C10287,A,No
C10288,B,No
C10289,A,No
C10290,A,No
C10291,B,Yes
C10292,A,No
C10293,B,No
C10294,A,No
C10295,B,No
C10296,B,No
C10297,A,No
C10298,B,No
C10299,A,No
C10300,A,No
C10301,B,Yes
C10302,B,No
C10303,A,No
C10304,A,No
C10305,B,Yes
C10306,B,No
C10307,A,No
C10308,A,No
C10309,B,No
C10310,A,No
C10311,A,No
C10312,B,No
C10313,A,No
C10314,B,No
C10315,B,No
C10316,A,No
C10317,B,No
C10318,B,No
C10319,A,No
C10320,A,No
C10321,A,No
C10322,B,No
C10323,A,Yes
C10324,A,No
C10325,A,No
C10326,B,No
C10327,B,No
C10328,B,No
C10329,A,No
C10330,A,No
C10331,A,Yes
C10332,B,No
C10333,B,No
C10334,B,No
C10335,A,No
C10336,A,No
C10337,A,No
C10338,A,No
C10339,B,No
C10340,A,No
C10341,A,No
C10342,B,No
C10343,A,No
C10344,B,Yes
C10345,A,No
C10346,A,No
C10347,A,No
C10348,A,No
C10349,A,No
C10350,B,No
C10351,A,No
C10352,B,No
C10353,B,No
C10354,B,No
C10355,A,No
C10356,B,No
C10357,A,No
C10358,B,No
C10359,A,No
C10360,A,No
C10361,A,No
C10362,B,No
C10363,A,No
C10364,B,No
C10365,A,No
C10366,B,No
C10367,A,No
C10368,A,No
C10369,B,Yes
C10370,B,No
C10371,A,No
C10372,B,No
C10373,B,No
C10374,B,No
C10375,B,No
C10376,A,No
C10377,A,No
C10378,B,No
C10379,B,Yes
C10380,B,No
C10381,B,No
C10382,A,No
C10383,B,No
C10384,A,No
C10385,A,Yes
C10386,A,No
C10387,B,No
C10388,A,No
C10389,A,No
C10390,B,No
C10391,B,No
C10392,B,Yes
C10393,B,Yes
C10394,A,No
C10395,B,No
C10396,B,No
C10397,A,No
C10398,B,No
C10399,A,No
C10400,A,No
C10401,B,Yes
C10402,B,No
C10403,B,No
C10404,B,No
C10405,B,No
C10406,A,Yes
C10407,A,No
C10408,B,No
C10409,A,No
C10410,B,No
C10411,A,No
C10412,A,No
C10413,A,No
C10414,B,No
C10415,A,No
C10416,B,No
C10417,B,No
C10418,A,No
C10419,B,No
C10420,B,No
C10421,A,No
C10422,B,Yes
C10423,B,No
C10424,B,No
C10425,B,No
C10426,B,No
C10427,B,No
C10428,B,No
C10429,A,No
C10430,B,No
C10431,A,No
C10432,A,Yes
C10433,B,No
C10434,B,No
C10435,A,No
C10436,B,No
C10437,B,No
C10438,A,No
C10439,B,No
C10440,A,No
C10441,B,No
C10442,B,No
C10443,B,Yes
C10444,B,No
C10445,A,No
C10446,B,No
C10447,A,No
C10448,A,No
C10449,A,No
C10450,B,No
C10451,B,No
C10452,B,No
C10453,B,No
C10454,B,No
C10455,A,No
C10456,A,No
C10457,B,No
C10458,B,No
C10459,A,No
C10460,A,No
C10461,A,No
C10462,A,No
C10463,A,No
C10464,A,No
C10465,B,No
C10466,A,No
C10467,A,No
C10468,A,No
C10469,B,No
C10470,B,No
C10471,B,No
C10472,B,No
C10473,A,No
C10474,A,No
C10475,B,No
C10476,A,No
C10477,A,No
C10478,B,No
C10479,A,No
C10480,B,No
C10481,B,Yes
C10482,B,No
C10483,B,No
C10484,A,No
C10485,A,No
C10486,B,No
C10487,B,No
C10488,B,No
C10489,A,No
C10490,B,No
C10491,A,No
C10492,B,No
C10493,A,No
C10494,B,No
C10495,B,No
C10496,B,No
C10497,A,No
C10498,B,No
C10499,A,Yes
C10500,B,No
C10501,A,No
C10502,A,No
C10503,A,Yes
C10504,B,No
C10505,A,No
C10506,B,No
C10507,B,No
C10508,B,No
C10509,A,Yes
C10510,A,No
C10511,B,No
C10512,B,No
C10513,B,No
C10514,A,No
C10515,B,No
C10516,B,No
C10517,B,Yes
C10518,B,No
C10519,A,No
C10520,A,No
C10521,A,No
C10522,A,No
C10523,B,No
C10524,B,No
C10525,A,No
C10526,A,No
C10527,B,No
C10528,B,No
C10529,B,No
C10530,A,No
C10531,B,No
C10532,B,No
C10533,A,No
C10534,B,No
C10535,A,No
C10536,B,No
C10537,A,No
C10538,B,No
C10539,A,No
C10540,B,No
C10541,A,No
C10542,A,No
C10543,A,No
C10544,B,No
C10545,A,No
C10546,B,No
C10547,B,No
C10548,B,No
C10549,A,No
C10550,B,No
C10551,B,No
C10552,B,No
C10553,B,No
C10554,A,No
C10555,B,No
C10556,B,No
C10557,B,No
C10558,A,No
C10559,A,No
C10560,B,No
C10561,A,No
C10562,A,No
C10563,B,No
C10564,B,No
C10565,B,No
C10566,B,Yes
C10567,B,No
C10568,B,No
C10569,A,No
C10570,B,No
C10571,A,No
C10572,A,No
C10573,B,No
C10574,A,No
C10575,A,Yes
C10576,A,No
C10577,A,No
C10578,A,No
C10579,B,No
C10580,B,No
C10581,A,No
C10582,A,No
C10583,B,No
C10584,A,No
C10585,A,No
C10586,B,No
C10587,B,No
C10588,B,No
C10589,A,No
C10590,A,No
C10591,A,Yes
C10592,A,No
C10593,A,No
C10594,A,No
C10595,B,No
C10596,B,No
C10597,B,No
C10598,A,No
C10599,B,No
C10600,B,No
C10601,A,No
C10602,A,No
C10603,A,No
C10604,B,No
C10605,B,No
C10606,B,No
C10607,B,No
C10608,A,Yes
C10609,A,No
C10610,A,No
C10611,B,No
C10612,B,No
C10613,A,No
C10614,A,Yes
C10615,A,No
C10616,A,Yes
C10617,B,No
C10618,A,No
C10619,B,No
C10620,B,No
C10621,B,No
C10622,A,No
C10623,B,No
C10624,A,No
C10625,B,No
C10626,A,No
C10627,A,No
C10628,A,No
C10629,B,No
C10630,B,No
C10631,B,No
C10632,A,No
C10633,B,No
C10634,A,No
C10635,B,No
C10636,A,No
C10637,A,No
C10638,B,No
C10639,B,No
C10640,A,No
C10641,A,No
C10642,B,No
C10643,B,No
C10644,A,No
C10645,A,Yes
C10646,A,No
C10647,A,No
C10648,A,No
C10649,A,Yes
C10650,B,No
C10651,A,No
C10652,A,Yes
C10653,A,No
C10654,A,No
C10655,A,No
C10656,A,No
C10657,B,No
C10658,B,No
C10659,B,No
C10660,B,No
C10661,A,Yes
C10662,B,No
C10663,A,No
C10664,A,Yes
C10665,B,No
C10666,B,No
C10667,B,No
C10668,B,Yes
C10669,B,No
C10670,A,No
C10671,A,No
C10672,A,No
C10673,A,No
C10674,A,No
C10675,B,No
C10676,A,Yes
C10677,A,No
C10678,B,No
C10679,A,No
C10680,A,No
C10681,A,No
C10682,A,No
C10683,B,No
C10684,B,No
C10685,A,No
C10686,B,No
C10687,A,No
C10688,B,No
C10689,A,No
C10690,A,No
C10691,A,No
C10692,B,No
C10693,B,No
C10694,B,No
C10695,A,No
C10696,A,Yes
C10697,B,No
C10698,B,Yes
C10699,A,No
C10700,B,No
C10701,A,No
C10702,A,Yes
C10703,B,No
C10704,A,No
C10705,B,No
C10706,A,No
C10707,B,No
C10708,A,No
C10709,A,No
C10710,B,No
C10711,A,No
C10712,B,No
C10713,A,No
C10714,A,Yes
C10715,A,Yes
C10716,A,No
C10717,B,No
C10718,A,No
C10719,B,No
C10720,A,No
C10721,B,No
C10722,A,No
C10723,A,No
C10724,B,No
C10725,B,No
C10726,B,No
C10727,A,No
C10728,B,Yes
C10729,A,No
C10730,A,No
C10731,B,No
C10732,B,No
C10733,A,No
C10734,B,No
C10735,B,No
C10736,B,No
C10737,A,No
C10738,A,No
C10739,B,No
C10740,B,No
C10741,A,No
C10742,B,No
C10743,B,No
C10744,A,No
C10745,A,No
C10746,B,No
C10747,B,No
C10748,A,No
C10749,A,No
C10750,B,No
C10751,B,Yes
C10752,B,No
C10753,A,Yes
C10754,B,No
C10755,A,No
C10756,B,No
C10757,A,No
C10758,A,Yes
C10759,B,No
C10760,A,No
C10761,B,No
C10762,A,No
C10763,B,No
C10764,A,No
C10765,B,No
C10766,B,No
C10767,A,No
C10768,A,No
C10769,A,No
C10770,B,No
C10771,A,No
C10772,B,No
C10773,A,No
C10774,A,No
C10775,B,No
C10776,A,No
C10777,A,No
C10778,A,No
C10779,A,No
C10780,A,No
C10781,A,No
C10782,B,No
C10783,A,No
C10784,A,No
C10785,B,No
C10786,A,No
C10787,B,No
C10788,A,Yes
C10789,B,No
C10790,A,No
C10791,A,No
C10792,A,No
C10793,B,No
C10794,A,No
C10795,A,No
C10796,A,No
C10797,B,No
C10798,A,No
C10799,B,No
C10800,B,No
C10801,B,Yes
C10802,A,No
C10803,A,No
C10804,A,No
C10805,B,No
C10806,B,No
C10807,A,No
C10808,B,No
C10809,B,No
C10810,A,No
C10811,A,No
C10812,B,No
C10813,A,No
C10814,B,No
C10815,B,No
C10816,B,No
C10817,A,No
C10818,B,No
C10819,B,No
C10820,A,No
C10821,B,No
C10822,A,No
C10823,B,No
C10824,B,No
C10825,B,No
C10826,B,No
C10827,B,No
C10828,B,Yes
C10829,A,No
C10830,B,No
C10831,B,No
C10832,A,No
C10833,A,No
C10834,A,No
C10835,B,No
C10836,B,No
C10837,B,Yes
C10838,B,No
C10839,A,No
C10840,B,No
C10841,B,No
C10842,B,No
C10843,B,Yes
C10844,B,No
C10845,A,No
C10846,B,No
C10847,B,No
C10848,A,Yes
C10849,B,No
C10850,A,No
C10851,B,Yes
C10852,A,No
C10853,A,No
C10854,B,Yes
C10855,B,No
C10856,A,No
C10857,B,No
C10858,A,No
C10859,A,No
C10860,A,No
C10861,B,No
C10862,A,No
C10863,A,No
C10864,B,No
C10865,B,No
C10866,B,No
C10867,A,No
C10868,B,No
C10869,A,No
C10870,A,No
C10871,B,No
C10872,A,No
C10873,B,No
C10874,B,No
C10875,B,No
C10876,A,No
C10877,A,No
C10878,B,No
C10879,B,No
C10880,A,No
C10881,B,No
C10882,A,No
C10883,B,No
C10884,A,No
C10885,B,No
C10886,B,No
C10887,B,No
C10888,B,No
C10889,A,Yes
C10890,B,No
C10891,B,No
C10892,B,No
C10893,A,No
C10894,A,No
C10895,B,No
C10896,A,No
C10897,A,No
C10898,B,No
C10899,A,No
C10900,B,No
C10901,B,No
C10902,B,No
C10903,B,No
C10904,A,No
C10905,B,No
C10906,B,No
C10907,A,No
C10908,B,No
C10909,A,No
C10910,A,No
C10911,B,No
C10912,B,No
C10913,B,No
C10914,A,No
C10915,B,No
C10916,B,No
C10917,B,No
C10918,B,No
C10919,B,No
C10920,A,No
C10921,A,No
C10922,A,No
C10923,A,Yes
C10924,B,No
C10925,A,No
C10926,B,No
C10927,B,No
C10928,A,No
C10929,A,No
C10930,B,No
C10931,A,No
C10932,B,No
C10933,B,No
C10934,A,No
C10935,B,No
C10936,B,Yes
C10937,A,No
C10938,A,No
C10939,A,No
C10940,A,No
C10941,B,No
C10942,B,No
C10943,A,No
C10944,B,No
C10945,A,No
C10946,B,No
C10947,A,No
C10948,A,No
C10949,A,No
C10950,A,No
C10951,A,No
C10952,B,No
C10953,B,Yes
C10954,B,No
C10955,B,No
C10956,A,No
C10957,B,No
C10958,B,No
C10959,A,No
C10960,B,No
C10961,A,No
C10962,B,No
C10963,B,No
C10964,B,No
C10965,A,No
C10966,A,Yes
C10967,B,No
C10968,B,No
C10969,B,Yes
C10970,B,No
C10971,B,No
C10972,B,No
C10973,A,No
C10974,A,Yes
C10975,A,No
C10976,A,No
C10977,B,No
C10978,B,No
C10979,B,No
C10980,A,No
C10981,B,No
C10982,A,No
C10983,A,No
C10984,A,No
C10985,A,No
C10986,B,No
C10987,B,No
C10988,A,No
C10989,A,No
C10990,B,No
C10991,A,No
C10992,B,No
C10993,B,No
C10994,A,No
C10995,A,No
C10996,A,No
C10997,B,No
C10998,B,No
C10999,B,No
C11000,B,No
C11001,A,No
C11002,B,No
C11003,B,No
C11004,B,No
C11005,B,No
C11006,A,No
C11007,A,No
C11008,B,No
C11009,A,No
C11010,A,No
C11011,B,No
C11012,B,No
C11013,B,No
C11014,A,No
C11015,A,No
C11016,B,No
C11017,A,No
C11018,B,No
C11019,B,No
C11020,A,No
C11021,A,No
C11022,B,No
C11023,B,No
C11024,A,No
C11025,B,No
C11026,A,No
C11027,B,No
C11028,A,No
C11029,A,No
C11030,B,No
C11031,A,No
C11032,B,No
C11033,A,Yes
C11034,B,No
C11035,A,No
C11036,B,No
C11037,B,No
C11038,B,No
C11039,B,No
C11040,B,No
C11041,B,No
C11042,B,No
C11043,B,No
C11044,A,No
C11045,A,Yes
C11046,A,No
C11047,B,No
C11048,B,No
C11049,B,No
C11050,A,No
C11051,B,No
C11052,B,No
C11053,A,No
C11054,A,Yes
C11055,A,No
C11056,B,No
C11057,A,No
C11058,A,Yes
C11059,B,No
C11060,A,Yes
C11061,A,No
C11062,A,No
C11063,B,No
C11064,B,No
C11065,B,No
C11066,B,No
C11067,A,No
C11068,B,No
C11069,B,No
C11070,A,No
C11071,B,No
C11072,A,No
C11073,B,No
C11074,A,No
C11075,B,No
C11076,B,No
C11077,B,No
C11078,B,No
C11079,A,No
C11080,A,No
C11081,B,No
C11082,A,No
C11083,A,No
C11084,A,No
C11085,B,No
C11086,B,No
C11087,B,No
C11088,A,No
C11089,A,No
C11090,A,No
C11091,B,No
C11092,B,No
C11093,B,No
C11094,B,No
C11095,A,No
C11096,B,No
C11097,B,No
C11098,B,Yes
C11099,B,No
C11100,B,No
C11101,A,No
C11102,A,Yes
C11103,B,No
C11104,A,No
C11105,A,No
C11106,A,No
C11107,B,No
C11108,A,No
C11109,B,No
C11110,B,No
C11111,B,No
C11112,B,No
C11113,A,Yes
C11114,B,No
C11115,B,No
C11116,A,No
C11117,B,No
C11118,A,No
C11119,A,No
C11120,A,No
C11121,B,No
C11122,B,No
C11123,A,No
C11124,B,No
C11125,B,No
C11126,B,No
C11127,B,No
C11128,A,Yes
C11129,A,Yes
C11130,B,Yes
C11131,B,No
C11132,B,No
C11133,B,No
C11134,B,No
C11135,A,No
C11136,A,No
C11137,B,No
C11138,B,No
C11139,B,No
C11140,A,No
C11141,B,Yes
C11142,B,No
C11143,A,No
C11144,A,No
C11145,B,No
C11146,A,No
C11147,A,No
C11148,A,No
C11149,A,No
C11150,A,No
C11151,B,No
C11152,A,No
C11153,B,No
C11154,A,No
C11155,A,No
C11156,A,No
C11157,A,No
C11158,B,No
C11159,A,No
C11160,B,No
C11161,B,No
C11162,B,No
C11163,B,No
C11164,B,Yes
C11165,A,No
C11166,A,No
C11167,B,No
C11168,A,No
C11169,A,Yes
C11170,B,No
C11171,A,No
C11172,A,No
C11173,A,No
C11174,A,No
C11175,B,No
C11176,A,No
C11177,A,No
C11178,B,No
C11179,B,No
C11180,A,No
C11181,B,No
C11182,A,No
C11183,B,No
C11184,A,No
C11185,A,No
C11186,A,No
C11187,A,No
C11188,B,No
C11189,B,No
C11190,A,No
C11191,B,No
C11192,A,No
C11193,A,No
C11194,B,Yes
C11195,A,No
C11196,A,Yes
C11197,B,No
C11198,B,No
C11199,A,No
C11200,B,No
C11201,A,No
C11202,B,No
C11203,A,No
C11204,B,No
C11205,B,No
C11206,A,No
C11207,A,No
C11208,A,No
C11209,B,No
C11210,B,No
C11211,B,No
C11212,A,No
C11213,A,No
C11214,A,No
C11215,A,No
C11216,B,No
C11217,B,No
C11218,A,Yes
C11219,A,No
C11220,A,No
C11221,A,No
C11222,A,No
C11223,A,No
C11224,B,No
C11225,A,No
C11226,A,No
C11227,A,No
C11228,A,No
C11229,B,No
C11230,A,Yes
C11231,B,No
C11232,A,No
C11233,A,No
C11234,A,No
C11235,A,No
C11236,B,No
C11237,A,No
C11238,A,No
C11239,B,No
C11240,B,No
C11241,A,No
C11242,A,No
C11243,B,No
C11244,B,No
C11245,A,No
C11246,B,No
C11247,A,Yes
C11248,B,No
C11249,A,No
C11250,B,No
C11251,B,No
C11252,A,No
C11253,B,No
C11254,A,No
C11255,A,No
C11256,A,No
C11257,A,No
C11258,B,No
C11259,B,Yes
C11260,B,No
C11261,A,No
C11262,B,No
C11263,A,No
C11264,A,Yes
C11265,A,No
C11266,B,No
C11267,A,No
C11268,B,No
C11269,B,No
C11270,B,No
C11271,A,No
C11272,A,No
C11273,B,No
C11274,B,No
C11275,B,No
C11276,B,No
C11277,A,No
C11278,B,No
C11279,A,No
C11280,B,No
C11281,A,No
C11282,B,No
C11283,A,No
C11284,B,No
C11285,B,No
C11286,B,No
C11287,B,No
C11288,B,No
C11289,B,No
C11290,B,No
C11291,A,No
C11292,A,No
C11293,B,No
C11294,B,No
C11295,A,No
C11296,A,No
C11297,A,No
C11298,B,No
C11299,A,No
C11300,A,No
C11301,B,No
C11302,B,No
C11303,A,No
C11304,A,No
C11305,A,Yes
C11306,A,No
C11307,B,No
C11308,B,No
C11309,B,No
C11310,A,No
C11311,A,No
C11312,A,No
C11313,B,No
C11314,B,No
C11315,B,No
C11316,B,No
C11317,A,No
C11318,A,No
C11319,A,No
C11320,B,No
C11321,B,No
C11322,B,No
C11323,A,No
C11324,B,No
C11325,A,No
C11326,A,No
C11327,B,No
C11328,B,Yes
C11329,A,No
C11330,A,No
C11331,B,No
C11332,A,No
C11333,A,No
C11334,A,No
C11335,A,No
C11336,A,No
C11337,B,No
C11338,B,No
C11339,A,Yes
C11340,A,No
C11341,A,Yes
C11342,A,No
C11343,B,Yes
C11344,B,No
C11345,A,Yes
C11346,B,No
C11347,B,No
C11348,B,No
C11349,A,No
C11350,B,No
C11351,B,No
C11352,A,No
C11353,B,No
C11354,A,No
C11355,B,No
C11356,B,No
C11357,A,Yes
C11358,B,No
C11359,B,No
C11360,A,No
C11361,B,No
C11362,A,No
C11363,A,No
C11364,A,No
C11365,A,No
C11366,A,No
C11367,A,Yes
C11368,A,No
C11369,B,No
C11370,B,No
C11371,B,No
C11372,B,No
C11373,A,No
C11374,A,No
C11375,A,No
C11376,B,No
C11377,A,No
C11378,A,No
C11379,B,No
C11380,A,No
C11381,A,No
C11382,B,No
C11383,B,No
C11384,B,No
C11385,B,No
C11386,B,No
C11387,B,No
C11388,A,No
C11389,A,No
C11390,A,No
C11391,B,No
C11392,A,No
C11393,A,No
C11394,A,No
C11395,B,No
C11396,A,No
C11397,A,No
C11398,B,No
C11399,B,No
C11400,B,No
C11401,B,No
C11402,A,No
C11403,A,No
C11404,A,No
C11405,B,No
C11406,A,No
C11407,A,No
C11408,B,No
C11409,B,No
C11410,B,Yes
C11411,B,No
C11412,B,No
C11413,A,No
C11414,B,No
C11415,B,No
C11416,A,Yes
C11417,A,No
C11418,B,No
C11419,B,No
C11420,A,No
C11421,A,No
C11422,A,No
C11423,A,No
C11424,B,No
C11425,B,No
C11426,A,No
C11427,A,No
C11428,A,No
C11429,A,No
C11430,A,No
C11431,A,No
C11432,B,No
C11433,A,No
C11434,B,No
C11435,B,No
C11436,B,No
C11437,B,No
C11438,A,No
C11439,B,No
C11440,A,No
C11441,A,No
C11442,A,No
C11443,A,No
C11444,B,Yes
C11445,A,No
C11446,A,No
C11447,A,No
C11448,B,No
C11449,B,No
C11450,A,No
C11451,B,Yes
C11452,B,No
C11453,A,No
C11454,A,Yes
C11455,B,No
C11456,B,No
C11457,B,No
C11458,B,No
C11459,B,No
C11460,A,No
C11461,B,No
C11462,B,No
C11463,A,No
C11464,A,No
C11465,B,No
C11466,B,No
C11467,B,No
C11468,A,No
C11469,A,No
C11470,A,No
C11471,A,No
C11472,A,No
C11473,B,No
C11474,A,No
C11475,B,No
C11476,A,No
C11477,B,No
C11478,B,No
C11479,B,No
C11480,B,No
C11481,B,No
C11482,A,Yes
C11483,A,No
C11484,A,No
C11485,A,No
C11486,B,No
C11487,B,No
C11488,B,No
C11489,A,No
C11490,A,No
C11491,A,No
C11492,A,Yes
C11493,B,No
C11494,B,No
C11495,A,No
C11496,A,No
C11497,A,No
C11498,A,No
C11499,B,No
C11500,A,No
C11501,A,No
C11502,A,No
C11503,A,No
C11504,A,No
C11505,A,No
C11506,A,Yes
C11507,B,No
C11508,B,No
C11509,B,No
C11510,B,No
C11511,A,No
C11512,A,No
C11513,A,No
C11514,B,No
C11515,A,No
C11516,B,No
C11517,B,No
C11518,A,No
C11519,B,No
C11520,A,No
C11521,B,No
C11522,A,No
C11523,B,No
C11524,B,No
C11525,B,No
C11526,B,No
C11527,A,Yes
C11528,A,No
C11529,A,No
C11530,B,No
C11531,B,No
C11532,B,No
C11533,B,No
C11534,A,No
C11535,A,No
C11536,A,No
C11537,B,No
C11538,A,No
C11539,A,No
C11540,B,No
C11541,B,No
C11542,A,No
C11543,B,No
C11544,B,No
C11545,A,Yes
C11546,A,No
C11547,B,No
C11548,B,No
C11549,B,No
C11550,A,No
C11551,A,No
C11552,A,No
C11553,B,No
C11554,B,No
C11555,B,No
C11556,A,No
C11557,A,No
C11558,A,No
C11559,A,No
C11560,B,No
C11561,A,No
C11562,B,No
C11563,B,No
C11564,A,Yes
C11565,A,No
C11566,B,No
C11567,B,No
C11568,B,No
C11569,B,No
C11570,B,Yes
C11571,A,No
C11572,A,No
C11573,B,No
C11574,B,No
C11575,A,No
C11576,A,No
C11577,A,No
C11578,A,No
C11579,B,No
C11580,A,No
C11581,B,No
C11582,A,No
C11583,A,No
C11584,A,No
C11585,A,No
C11586,A,No
C11587,B,No
C11588,B,No
C11589,B,No
C11590,B,No
C11591,A,No
C11592,B,No
C11593,B,No
C11594,A,No
C11595,B,No
C11596,B,No
C11597,B,No
C11598,A,No
C11599,B,No
C11600,A,No
C11601,A,No
C11602,B,No
C11603,B,No
C11604,B,No
C11605,B,No
C11606,B,No
C11607,B,No
C11608,A,No
C11609,B,No
C11610,B,No
C11611,A,No
C11612,B,No
C11613,A,No
C11614,B,No
C11615,B,No
C11616,A,No
C11617,A,No
C11618,B,No
C11619,B,No
C11620,B,No
C11621,B,No
C11622,B,No
C11623,A,No
C11624,B,No
C11625,A,No
C11626,B,No
C11627,B,No
C11628,B,No
C11629,B,No
C11630,B,No
C11631,B,No
C11632,A,No
C11633,B,No
C11634,A,No
C11635,B,No
C11636,A,No
C11637,A,No
C11638,A,No
C11639,A,No
C11640,A,No
C11641,A,No
C11642,B,No
C11643,A,No
C11644,A,No
C11645,A,No
C11646,A,No
C11647,B,No
C11648,A,No
C11649,A,No
C11650,A,No
C11651,B,No
C11652,A,No
C11653,A,No
C11654,B,No
C11655,A,No
C11656,B,No
C11657,A,No
C11658,B,No
C11659,A,No
C11660,B,Yes
C11661,B,No
C11662,B,No
C11663,A,No
C11664,B,No
C11665,B,No
C11666,B,No
C11667,A,No
C11668,B,No
C11669,B,No
C11670,B,Yes
C11671,B,Yes
C11672,B,No
C11673,B,No
C11674,A,No
C11675,A,No
C11676,B,No
C11677,B,No
C11678,A,No
C11679,B,No
C11680,B,No
C11681,B,No
C11682,B,No
C11683,B,No
C11684,A,No
C11685,B,No
C11686,A,No
C11687,A,No
C11688,A,No
C11689,A,No
C11690,A,No
C11691,A,No
C11692,A,No
C11693,B,No
C11694,A,No
C11695,B,No
C11696,A,No
C11697,A,No
C11698,B,No
C11699,B,No
C11700,B,No
C11701,A,No
C11702,A,No
C11703,B,No
C11704,B,No
C11705,A,No
C11706,A,No
C11707,B,No
C11708,B,No
C11709,A,Yes
C11710,A,No
C11711,A,Yes
C11712,B,No
C11713,B,No
C11714,A,No
C11715,B,No
C11716,B,Yes
C11717,A,No
C11718,A,No
C11719,A,No
C11720,B,No
C11721,A,No
C11722,B,No
C11723,B,No
C11724,A,No
C11725,A,No
C11726,B,No
C11727,B,Yes
C11728,A,No
C11729,A,No
C11730,A,No
C11731,A,No
C11732,B,No
C11733,A,Yes
C11734,A,No
C11735,A,No
C11736,A,No
C11737,B,No
C11738,A,No
C11739,A,No
C11740,A,No
C11741,A,No
C11742,B,No
C11743,A,No
C11744,B,No
C11745,A,No
C11746,A,No
C11747,B,No
C11748,A,Yes
C11749,B,Yes
C11750,B,No
C11751,A,No
C11752,A,No
C11753,A,No
C11754,B,No
C11755,A,No
C11756,A,No
C11757,A,No
C11758,A,No
C11759,A,No
C11760,A,No
C11761,A,No
C11762,A,No
C11763,A,No
C11764,A,No
C11765,B,No
C11766,A,No
C11767,B,No
C11768,B,No
C11769,A,No
C11770,A,No
C11771,B,No
C11772,A,Yes
C11773,A,No
C11774,B,No
C11775,A,No
C11776,B,No
C11777,B,No
C11778,A,No
C11779,B,No
C11780,A,No
C11781,A,No
C11782,A,No
C11783,A,No
C11784,A,No
C11785,B,No
C11786,B,No
C11787,A,No
C11788,B,No
C11789,B,No
C11790,A,Yes
C11791,A,No
C11792,B,Yes
C11793,B,No
C11794,A,No
C11795,A,No
C11796,A,No
C11797,A,No
C11798,B,No
C11799,B,No
C11800,A,No
C11801,B,No
C11802,A,No
C11803,B,No
C11804,A,No
C11805,B,No
C11806,A,No
C11807,B,No
C11808,B,No
C11809,B,No
C11810,A,No
C11811,B,No
C11812,B,No
C11813,B,No
C11814,B,No
C11815,A,No
C11816,A,No
C11817,B,No
C11818,B,No
C11819,A,No
C11820,B,No
C11821,A,No
C11822,B,No
C11823,B,No
C11824,A,No
C11825,A,No
C11826,B,No
C11827,A,No
C11828,A,No
C11829,A,No
C11830,B,No
C11831,B,No
C11832,A,No
C11833,A,No
C11834,A,No
C11835,B,No
C11836,B,No
C11837,A,No
C11838,B,No
C11839,B,No
C11840,A,No
C11841,A,No
C11842,B,No
C11843,A,Yes
C11844,B,No
C11845,B,No
C11846,A,No
C11847,B,No
C11848,A,No
C11849,A,No
C11850,B,No
C11851,A,No
C11852,B,No
C11853,B,Yes
C11854,B,No
C11855,A,No
C11856,B,No
C11857,A,No
C11858,A,No
C11859,A,No
C11860,A,No
C11861,A,No
C11862,B,No
C11863,A,No
C11864,A,Yes
C11865,B,No
C11866,B,No
C11867,A,No
C11868,A,No
C11869,B,No
C11870,B,No
C11871,A,No
C11872,A,No
C11873,B,Yes
C11874,A,No
C11875,B,No
C11876,A,No
C11877,A,No
C11878,A,Yes
C11879,A,No
C11880,B,No
C11881,A,No
C11882,B,Yes
C11883,B,No
C11884,A,No
C11885,B,No
C11886,A,No
C11887,A,No
C11888,B,No
C11889,A,No
C11890,A,No
C11891,B,No
C11892,B,No
C11893,A,No
C11894,A,No
C11895,B,No
C11896,A,No
C11897,A,No
C11898,A,No
C11899,A,No
C11900,A,No
C11901,A,No
C11902,A,Yes
C11903,B,No
C11904,B,No
C11905,A,No
C11906,A,No
C11907,A,No
C11908,B,Yes
C11909,B,No
C11910,B,No
C11911,A,No
C11912,B,Yes
C11913,A,No
C11914,A,Yes
C11915,B,No
C11916,B,No
C11917,A,No
C11918,B,No
C11919,B,No
C11920,B,No
C11921,B,No
C11922,B,No
C11923,B,No
C11924,B,No
C11925,A,No
C11926,B,No
C11927,B,No
C11928,A,No
C11929,A,No
C11930,B,No
C11931,B,No
C11932,A,No
C11933,A,No
C11934,A,No
C11935,A,No
C11936,A,No
C11937,B,No
C11938,B,No
C11939,B,No
C11940,B,No
C11941,B,No
C11942,B,No
C11943,B,No
C11944,A,No
C11945,A,No
C11946,B,No
C11947,B,No
C11948,B,No
C11949,B,No
C11950,B,No
C11951,B,No
C11952,B,No
C11953,B,No
C11954,A,No
C11955,B,No
C11956,A,No
C11957,B,No
C11958,B,No
C11959,B,No
C11960,A,No
C11961,B,No
C11962,B,No
C11963,A,No
C11964,A,No
C11965,A,No
C11966,B,No
C11967,B,No
C11968,B,No
C11969,B,No
C11970,B,No
C11971,B,No
C11972,B,No
C11973,B,No
C11974,B,No
C11975,A,No
C11976,B,No
C11977,A,No
C11978,A,No
C11979,B,Yes
C11980,A,No
C11981,B,No
C11982,B,No
C11983,B,No
C11984,A,No
C11985,A,No
C11986,A,No
C11987,A,No
C11988,B,No
C11989,B,No
C11990,B,No
C11991,B,No
C11992,B,Yes
C11993,A,No
C11994,A,No
C11995,B,No
C11996,A,No
C11997,B,No
C11998,B,No
C11999,B,No
C12000,A,No
C12001,B,No
C12002,A,No
C12003,B,No
C12004,B,No
C12005,A,No
C12006,A,No
C12007,B,No
C12008,B,No
C12009,A,No
C12010,A,No
C12011,B,No
C12012,B,No
C12013,B,No
C12014,A,No
C12015,A,Yes
C12016,B,No
C12017,B,No
C12018,B,No
C12019,B,No
C12020,A,No
C12021,A,No
C12022,A,No
C12023,A,No
C12024,B,No
C12025,A,No
C12026,A,No
C12027,B,No
C12028,B,No
C12029,B,No
C12030,B,No
C12031,A,No
C12032,A,Yes
C12033,A,No
C12034,B,No
C12035,A,No
C12036,B,No
C12037,B,No
C12038,A,No
C12039,A,No
C12040,B,No
C12041,A,No
C12042,B,Yes
C12043,B,No
C12044,B,No
C12045,B,No
C12046,A,No
C12047,A,No
C12048,A,No
C12049,B,No
C12050,B,No
C12051,B,No
C12052,A,No
C12053,A,No
C12054,A,No
C12055,B,No
C12056,B,No
C12057,A,No
C12058,A,No
C12059,B,No
C12060,B,No
C12061,A,No
C12062,A,No
C12063,B,Yes
C12064,B,No
C12065,A,No
C12066,B,Yes
C12067,B,No
C12068,A,No
C12069,B,No
C12070,A,No
C12071,B,No
C12072,A,No
C12073,A,No
C12074,B,No
C12075,B,No
C12076,A,No
C12077,A,No
C12078,B,No
C12079,A,No
C12080,A,No
C12081,A,No
C12082,B,No
C12083,B,No
C12084,A,No
C12085,B,No
C12086,A,Yes
C12087,A,No
C12088,A,No
C12089,B,No
C12090,B,No
C12091,A,No
C12092,B,No
C12093,B,No
C12094,A,Yes
C12095,A,No
C12096,A,No
C12097,A,No
C12098,A,No
C12099,A,No
C12100,A,No
C12101,A,No
C12102,A,No
C12103,A,No
C12104,B,Yes
C12105,A,No
C12106,B,No
C12107,A,No
C12108,B,No
C12109,B,Yes
C12110,A,No
C12111,A,No
C12112,B,No
C12113,B,No
C12114,A,No
C12115,B,No
C12116,A,No
C12117,B,No
C12118,B,No
C12119,A,No
C12120,A,No
C12121,A,No
C12122,A,No
C12123,A,No
C12124,B,No
C12125,B,No
C12126,B,No
C12127,B,No
C12128,A,No
C12129,A,No
C12130,B,No
C12131,A,No
C12132,B,No
C12133,B,Yes
C12134,B,No
C12135,A,No
C12136,A,No
C12137,A,No
C12138,A,No
C12139,B,No
C12140,A,No
C12141,B,No
C12142,B,No
C12143,B,No
C12144,B,No
C12145,B,No
C12146,A,No
C12147,B,No
C12148,B,No
C12149,A,No
C12150,B,No
C12151,B,No
C12152,A,No
C12153,A,No
C12154,A,No
C12155,A,No
C12156,B,No
C12157,A,No
C12158,A,No
C12159,A,Yes
C12160,B,No
C12161,A,No
C12162,A,No
C12163,A,No
C12164,A,No
C12165,A,No
C12166,B,No
C12167,B,Yes
C12168,B,No
C12169,A,No
C12170,A,No
C12171,B,No
C12172,A,No
C12173,A,No
C12174,A,No
C12175,A,No
C12176,A,No
C12177,A,No
C12178,B,Yes
C12179,A,No
C12180,B,No
C12181,B,No
C12182,A,No
C12183,B,No
C12184,A,No
C12185,B,No
C12186,A,No
C12187,B,No
C12188,B,No
C12189,A,No
C12190,A,No
C12191,A,No
C12192,B,No
C12193,A,No
C12194,B,No
C12195,A,No
C12196,B,No
C12197,A,No
C12198,B,No
C12199,A,No
C12200,B,No
C12201,A,No
C12202,A,No
C12203,B,No
C12204,B,No
C12205,B,No
C12206,B,No
C12207,A,No
C12208,B,No
C12209,A,No
C12210,B,No
C12211,B,No
C12212,A,No
C12213,A,Yes
C12214,A,No
C12215,B,No
C12216,A,No
C12217,A,No
C12218,A,No
C12219,A,No
C12220,B,No
C12221,A,No
C12222,B,No
C12223,B,No
C12224,B,No
C12225,A,No
C12226,A,No
C12227,B,No
C12228,A,Yes
C12229,A,No
C12230,B,No
C12231,B,No
C12232,A,No
C12233,B,No
C12234,A,Yes
C12235,B,No
C12236,A,No
C12237,B,No
C12238,B,No
C12239,B,No
C12240,B,No
C12241,B,No
C12242,B,Yes
C12243,A,No
C12244,A,No
C12245,B,No
C12246,A,Yes
C12247,B,No
C12248,A,No
C12249,A,No
C12250,A,No
C12251,A,No
C12252,A,No
C12253,A,No
C12254,A,No
C12255,B,No
C12256,A,No
C12257,B,No
C12258,A,Yes
C12259,B,No
C12260,A,No
C12261,A,No
C12262,A,No
C12263,A,Yes
C12264,B,No
C12265,A,No
C12266,B,No
C12267,A,No
C12268,A,No
C12269,A,No
C12270,B,No
C12271,B,No
C12272,B,No
C12273,A,No
C12274,A,No
C12275,B,No
C12276,B,No
C12277,B,No
C12278,B,No
C12279,A,No
C12280,B,No
C12281,B,No
C12282,B,No
C12283,B,No
C12284,A,No
C12285,A,No
C12286,B,No
C12287,B,No
C12288,A,Yes
C12289,B,No
C12290,B,No
C12291,B,No
C12292,A,Yes
C12293,B,No
C12294,B,No
C12295,B,No
C12296,A,No
C12297,A,Yes
C12298,B,No
C12299,B,No
C12300,B,No
C12301,A,Yes
C12302,B,No
C12303,A,No
C12304,A,No
C12305,B,No
C12306,A,No
C12307,A,No
C12308,A,No
C12309,B,No
C12310,B,No
C12311,A,No
C12312,B,No
C12313,B,No
C12314,B,No
C12315,A,No
C12316,B,No
C12317,B,No
C12318,B,No
C12319,A,No
C12320,A,No
C12321,B,No
C12322,A,No
C12323,A,No
C12324,B,No
C12325,A,No
C12326,B,No
C12327,B,No
C12328,A,No
C12329,B,Yes
C12330,A,No
C12331,A,No
C12332,B,No
C12333,B,No
C12334,B,No
C12335,A,No
C12336,A,No
C12337,B,No
C12338,B,No
C12339,B,No
C12340,A,No
C12341,A,No
C12342,B,No
C12343,B,No
C12344,B,No
C12345,B,No
C12346,B,No
C12347,B,Yes
C12348,A,No
C12349,A,No
C12350,A,No
C12351,A,No
C12352,A,No
C12353,A,No
C12354,B,No
C12355,B,No
C12356,B,No
C12357,B,No
C12358,A,No
C12359,A,No
C12360,B,No
C12361,A,No
C12362,A,Yes
C12363,B,No
C12364,B,No
C12365,A,No
C12366,A,No
C12367,A,No
C12368,A,No
C12369,B,No
C12370,A,No
C12371,A,No
C12372,A,No
C12373,A,No
C12374,A,No
C12375,B,No
C12376,A,No
C12377,B,No
C12378,B,No
C12379,A,No
C12380,A,No
C12381,B,No
C12382,B,Yes
C12383,B,No
C12384,A,No
C12385,A,Yes
C12386,B,No
C12387,B,No
C12388,B,No
C12389,A,No
C12390,A,No
C12391,B,Yes
C12392,A,No
C12393,A,No
C12394,B,No
C12395,A,No
C12396,A,No
C12397,B,No
C12398,B,No
C12399,B,No
C12400,B,No
C12401,A,No
C12402,A,No
C12403,A,No
C12404,B,No
C12405,A,No
C12406,B,No
C12407,B,No
C12408,A,No
C12409,B,No
C12410,A,No
C12411,B,No
C12412,A,No
C12413,B,No
C12414,A,No
C12415,A,No
C12416,B,Yes
C12417,A,Yes
C12418,B,No
C12419,A,No
C12420,B,No
C12421,A,No
C12422,B,No
C12423,B,No
C12424,A,No
C12425,A,No
C12426,A,No
C12427,A,No
C12428,A,No
C12429,A,No
C12430,A,No
C12431,B,No
C12432,A,No
C12433,B,No
C12434,B,No
C12435,A,No
C12436,A,Yes
C12437,A,No
C12438,B,No
C12439,A,No
C12440,B,Yes
C12441,A,No
C12442,A,Yes
C12443,B,No
C12444,B,No
C12445,B,No
C12446,B,No
C12447,A,No
C12448,B,No
C12449,A,No
C12450,A,No
C12451,A,No
C12452,B,No
C12453,B,No
C12454,A,No
C12455,A,No
C12456,A,No
C12457,B,No
C12458,B,No
C12459,B,No
C12460,B,No
C12461,B,No
C12462,A,No
C12463,B,No
C12464,A,No
C12465,B,No
C12466,B,No
C12467,A,No
C12468,B,No
C12469,A,No
C12470,A,No
C12471,B,No
C12472,B,No
C12473,B,No
C12474,B,No
C12475,B,No
C12476,B,No
C12477,A,No
C12478,B,No
C12479,B,No
C12480,B,No
C12481,B,No
C12482,A,No
C12483,B,No
C12484,B,Yes
C12485,B,No
C12486,A,No
C12487,A,No
C12488,B,No
C12489,A,No
C12490,B,No
C12491,B,No
C12492,B,No
C12493,B,No
C12494,B,No
C12495,A,No
C12496,B,No
C12497,B,No
C12498,B,No
C12499,A,No
C12500,A,No
C12501,A,Yes
C12502,A,No
C12503,A,No
C12504,A,No
C12505,A,No
C12506,A,No
C12507,B,No
C12508,B,No
C12509,B,No
C12510,A,No
C12511,A,No
C12512,B,No
C12513,A,No
C12514,B,No
C12515,B,No
C12516,B,No
C12517,A,No
C12518,B,No
C12519,B,Yes
C12520,A,No
C12521,B,No
C12522,B,No
C12523,B,No
C12524,A,Yes
C12525,A,No
C12526,A,No
C12527,B,No
C12528,A,No
C12529,A,No
C12530,A,No
C12531,B,No
C12532,B,No
C12533,B,No
C12534,A,No
C12535,A,No
C12536,A,No
C12537,B,No
C12538,B,No
C12539,A,No
C12540,A,No
C12541,B,No
C12542,A,No
C12543,B,No
C12544,A,No
C12545,B,No
C12546,A,No
C12547,B,No
C12548,B,No
C12549,B,No
C12550,A,No
C12551,A,No
C12552,A,No
C12553,A,No
C12554,A,No
C12555,A,No
C12556,A,No
C12557,B,Yes
C12558,A,No
C12559,A,No
C12560,B,No
C12561,A,No
C12562,A,No
C12563,B,No
C12564,B,No
C12565,A,Yes
C12566,A,Yes
C12567,A,No
C12568,A,No
C12569,A,No
C12570,A,No
C12571,B,No
C12572,A,No
C12573,B,No
C12574,A,No
C12575,A,No
C12576,B,No
C12577,A,No
C12578,A,No
C12579,A,No
C12580,A,No
C12581,B,No
C12582,A,Yes
C12583,A,No
C12584,B,No
C12585,B,No
C12586,A,Yes
C12587,A,Yes
C12588,A,No
C12589,A,No
C12590,B,No
C12591,A,No
C12592,A,No
C12593,A,No
C12594,B,No
C12595,A,No
C12596,A,No
C12597,B,No
C12598,B,No
C12599,A,No
C12600,B,No
C12601,A,No
C12602,B,No
C12603,A,No
C12604,A,No
C12605,B,No
C12606,A,No
C12607,B,No
C12608,A,No
C12609,B,No
C12610,A,No
C12611,A,No
C12612,A,Yes
C12613,A,Yes
C12614,A,No
C12615,B,No
C12616,A,No
C12617,A,No
C12618,B,No
C12619,B,No
C12620,A,No
C12621,B,Yes
C12622,B,No
C12623,A,No
C12624,A,No
C12625,A,No
C12626,A,No
C12627,B,No
C12628,A,No
C12629,A,No
C12630,B,No
C12631,B,No
C12632,A,Yes
C12633,B,No
C12634,B,No
C12635,A,No
C12636,A,No
C12637,A,Yes
C12638,A,No
C12639,B,No
C12640,B,No
C12641,A,No
C12642,A,No
C12643,A,Yes
C12644,A,No
C12645,B,No
C12646,A,No
C12647,B,No
C12648,A,No
C12649,A,No
C12650,B,No
C12651,B,No
C12652,A,No
C12653,B,No
C12654,A,No
C12655,A,No
C12656,A,No
C12657,A,No
C12658,A,No
C12659,A,No
C12660,A,No
C12661,A,No
C12662,B,No
C12663,A,No
C12664,A,No
C12665,B,No
C12666,B,No
C12667,A,No
C12668,B,Yes
C12669,B,No
C12670,A,No
C12671,B,No
C12672,B,No
C12673,A,No
C12674,A,No
C12675,B,No
C12676,A,No
C12677,B,No
C12678,A,No
C12679,B,No
C12680,A,No
C12681,A,No
C12682,B,No
C12683,B,No
C12684,A,No
C12685,B,No
C12686,A,No
C12687,B,No
C12688,A,No
C12689,A,Yes
C12690,B,No
C12691,B,No
C12692,B,No
C12693,A,No
C12694,A,No
C12695,B,No
C12696,B,No
C12697,B,No
C12698,B,No
C12699,A,No
C12700,A,No
C12701,B,No
C12702,A,No
C12703,A,No
C12704,A,No
C12705,A,No
C12706,A,No
C12707,B,No
C12708,B,No
C12709,A,No
C12710,B,No
C12711,A,No
C12712,B,No
C12713,A,Yes
C12714,B,No
C12715,A,No
C12716,B,No
C12717,A,Yes
C12718,A,No
C12719,B,No
C12720,B,No
C12721,A,No
C12722,B,No
C12723,A,No
C12724,A,Yes
C12725,B,No
C12726,B,No
C12727,A,No
C12728,A,No
C12729,B,Yes
C12730,B,No
C12731,B,No
C12732,B,No
C12733,B,No
C12734,B,No
C12735,A,Yes
C12736,B,No
C12737,B,No
C12738,B,No
C12739,B,No
C12740,A,No
C12741,A,No
C12742,A,Yes
C12743,B,No
C12744,A,No
C12745,A,No
C12746,B,No
C12747,A,No
C12748,A,No
C12749,B,No
C12750,A,No
C12751,A,No
C12752,A,No
C12753,B,No
C12754,B,No
C12755,A,No
C12756,B,No
C12757,A,No
C12758,B,No
C12759,B,No
C12760,A,No
C12761,B,No
C12762,A,No
C12763,A,No
C12764,A,No
C12765,B,No
C12766,B,No
C12767,A,No
C12768,B,No
C12769,A,No
C12770,B,No
C12771,B,No
C12772,A,No
C12773,A,No
C12774,B,No
C12775,B,No
C12776,B,Yes
C12777,B,No
C12778,A,No
C12779,A,No
C12780,A,No
C12781,A,No
C12782,A,No
C12783,B,No
C12784,A,No
C12785,A,No
C12786,A,No
C12787,B,No
C12788,A,No
C12789,B,No
C12790,A,No
C12791,A,Yes
C12792,B,No
C12793,B,No
C12794,B,No
C12795,B,No
C12796,B,No
C12797,B,No
C12798,A,No
C12799,A,No
C12800,A,Yes
C12801,A,No
C12802,B,No
C12803,B,No
C12804,B,No
C12805,B,No
C12806,A,No
C12807,A,No
C12808,A,No
C12809,B,No
C12810,B,No
C12811,B,No
C12812,B,No
C12813,A,No
C12814,A,No
C12815,B,No
C12816,A,No
C12817,A,No
C12818,A,No
C12819,A,No
C12820,B,No
C12821,A,No
C12822,A,Yes
C12823,B,No
C12824,B,Yes
C12825,B,No
C12826,A,No
C12827,B,No
C12828,B,No
C12829,B,No
C12830,B,No
C12831,B,No
C12832,B,No
C12833,A,No
C12834,A,No
C12835,B,No
C12836,B,No
C12837,A,No
C12838,B,No
C12839,A,No
C12840,A,Yes
C12841,B,No
C12842,A,No
C12843,B,No
C12844,A,No
C12845,B,No
C12846,B,No
C12847,A,No
C12848,A,No
C12849,A,No
C12850,B,No
C12851,B,Yes
C12852,A,No
C12853,A,No
C12854,B,No
C12855,B,No
C12856,B,No
C12857,B,No
C12858,A,No
C12859,A,No
C12860,A,No
C12861,B,No
C12862,A,No
C12863,B,No
C12864,A,No
C12865,A,No
C12866,A,No
C12867,B,No
C12868,B,No
C12869,B,Yes
C12870,B,No
C12871,B,No
C12872,A,No
C12873,B,No
C12874,A,No
C12875,B,No
C12876,B,No
C12877,A,No
C12878,A,No
C12879,B,No
C12880,A,No
C12881,A,No
C12882,A,No
C12883,A,No
C12884,B,No
C12885,B,No
C12886,B,No
C12887,A,No
C12888,B,No
C12889,A,No
C12890,A,Yes
C12891,B,No
C12892,B,No
C12893,A,Yes
C12894,B,No
C12895,B,No
C12896,A,No
C12897,B,No
C12898,B,No
C12899,A,No
C12900,A,Yes
C12901,B,No
C12902,A,No
C12903,B,No
C12904,A,No
C12905,A,No
C12906,A,No
C12907,B,No
C12908,A,No
C12909,B,No
C12910,B,No
C12911,A,No
C12912,A,No
C12913,A,No
C12914,A,No
C12915,B,No
C12916,B,No
C12917,B,No
C12918,B,No
C12919,B,No
C12920,B,No
C12921,B,No
C12922,A,No
C12923,B,No
C12924,B,No
C12925,B,No
C12926,B,No
C12927,A,No
C12928,A,No
C12929,B,No
C12930,B,No
C12931,A,No
C12932,B,No
C12933,B,No
C12934,B,Yes
C12935,A,No
C12936,A,No
C12937,B,Yes
C12938,A,No
C12939,B,No
C12940,A,No
C12941,A,No
C12942,B,No
C12943,A,No
C12944,B,No
C12945,B,No
C12946,B,No
C12947,B,No
C12948,A,No
C12949,A,No
C12950,B,No
C12951,B,No
C12952,B,No
C12953,A,No
C12954,A,No
C12955,B,No
C12956,A,No
C12957,A,No
C12958,A,No
C12959,B,No
C12960,B,No
C12961,B,No
C12962,B,No
C12963,B,No
C12964,A,No
C12965,A,No
C12966,B,No
C12967,A,No
C12968,B,No
C12969,B,No
C12970,A,No
C12971,B,No
C12972,A,Yes
C12973,B,No
C12974,B,No
C12975,B,No
C12976,A,No
C12977,B,No
C12978,B,No
C12979,A,No
C12980,A,No
C12981,A,Yes
C12982,B,No
C12983,A,No
C12984,A,No
C12985,B,No
C12986,A,No
C12987,A,No
C12988,A,No
C12989,B,No
C12990,B,No
C12991,A,No
C12992,B,No
C12993,B,No
C12994,B,No
C12995,A,No
C12996,A,No
C12997,B,No
C12998,A,No
C12999,A,No
C13000,B,No
C13001,A,No
C13002,B,No
C13003,B,No
C13004,B,No
C13005,A,No
C13006,A,No
C13007,B,No
C13008,A,No
C13009,B,No
C13010,B,No
C13011,A,No
C13012,B,No
C13013,B,No
C13014,B,No
C13015,B,No
C13016,B,No
C13017,A,No
C13018,A,No
C13019,B,No
C13020,A,No
C13021,A,No
C13022,A,No
C13023,A,No
C13024,B,No
C13025,A,No
C13026,A,No
C13027,A,No
C13028,B,No
C13029,A,No
C13030,A,No
C13031,A,No
C13032,A,No
C13033,A,No
C13034,A,No
C13035,A,No
C13036,B,No
C13037,A,Yes
C13038,A,No
C13039,A,No
C13040,B,No
C13041,B,Yes
C13042,B,No
C13043,A,No
C13044,B,No
C13045,B,No
C13046,B,No
C13047,A,No
C13048,B,No
C13049,B,No
C13050,B,No
C13051,A,No
C13052,A,No
C13053,A,No
C13054,A,No
C13055,A,No
C13056,A,No
C13057,A,No
C13058,A,No
C13059,A,No
C13060,A,No
C13061,A,No
C13062,B,No
C13063,A,No
C13064,A,Yes
C13065,B,No
C13066,A,No
C13067,A,No
C13068,A,No
C13069,B,No
C13070,A,No
C13071,B,No
C13072,A,No
C13073,A,No
C13074,A,No
C13075,A,No
C13076,A,No
C13077,B,No
C13078,B,No
C13079,A,No
C13080,B,No
C13081,A,No
C13082,A,No
C13083,B,No
C13084,A,No
C13085,B,No
C13086,B,No
C13087,B,No
C13088,B,No
C13089,B,No
C13090,A,Yes
C13091,B,No
C13092,A,No
C13093,A,Yes
C13094,B,No
C13095,B,No
C13096,B,No
C13097,A,No
C13098,A,No
C13099,A,No
C13100,A,No
C13101,B,No
C13102,A,No
C13103,B,No
C13104,B,No
C13105,B,Yes
C13106,A,No
C13107,A,No
C13108,B,No
C13109,A,No
C13110,B,No
C13111,A,Yes
C13112,B,No
C13113,A,No
C13114,A,No
C13115,A,No
C13116,B,No
C13117,B,No
C13118,A,No
C13119,B,No
C13120,A,No
C13121,A,No
C13122,B,No
C13123,A,No
C13124,B,No
C13125,B,No
C13126,B,No
C13127,B,No
C13128,B,No
C13129,B,No
C13130,B,No
C13131,B,No
C13132,B,No
C13133,A,No
C13134,B,No
C13135,B,No
C13136,A,No
C13137,A,No
C13138,B,No
C13139,A,No
C13140,B,No
C13141,A,No
C13142,A,No
C13143,A,No
C13144,B,No
C13145,B,No
C13146,A,No
C13147,A,No
C13148,A,No
C13149,B,No
C13150,B,No
C13151,A,No
C13152,B,No
C13153,B,No
C13154,B,No
C13155,A,No
C13156,A,No
C13157,B,No
C13158,B,No
C13159,A,No
C13160,A,No
C13161,B,No
C13162,B,No
C13163,B,No
C13164,B,Yes
C13165,A,No
C13166,A,No
C13167,B,Yes
C13168,B,No
C13169,A,No
C13170,B,No
C13171,A,No
C13172,B,No
C13173,A,No
C13174,A,No
C13175,B,No
C13176,A,No
C13177,B,No
C13178,A,No
C13179,A,No
C13180,B,No
C13181,A,No
C13182,A,No
C13183,B,Yes
C13184,B,No
C13185,A,Yes
C13186,A,No
C13187,A,No
C13188,A,No
C13189,B,Yes
C13190,B,No
C13191,B,No
C13192,B,No
C13193,A,No
C13194,B,No
C13195,B,No
C13196,A,No
C13197,B,No
C13198,B,No
C13199,A,No
C13200,B,No
C13201,A,Yes
C13202,A,No
C13203,A,No
C13204,B,No
C13205,B,No
C13206,A,No
C13207,A,No
C13208,B,No
C13209,B,No
C13210,A,No
C13211,B,No
C13212,A,No
C13213,B,No
C13214,B,No
C13215,A,No
C13216,A,Yes
C13217,B,No
C13218,A,No
C13219,A,No
C13220,A,No
C13221,A,No
C13222,A,No
C13223,A,No
C13224,B,No
C13225,B,No
C13226,A,No
C13227,B,No
C13228,B,No
C13229,B,No
C13230,A,No
C13231,A,No
C13232,A,No
C13233,A,No
C13234,B,No
C13235,B,No
C13236,A,No
C13237,B,No
C13238,A,No
C13239,B,No
C13240,A,No
C13241,B,No
C13242,B,No
C13243,B,No
C13244,B,No
C13245,A,No
C13246,A,No
C13247,A,No
C13248,A,No
C13249,B,No
C13250,B,Yes
C13251,A,No
C13252,A,No
C13253,A,No
C13254,B,No
C13255,B,No
C13256,B,No
C13257,B,No
C13258,A,No
C13259,B,No
C13260,B,No
C13261,B,No
C13262,A,No
C13263,A,No
C13264,A,No
C13265,B,No
C13266,B,No
C13267,B,No
C13268,A,No
C13269,A,No
C13270,B,No
C13271,B,No
C13272,B,No
C13273,A,No
C13274,B,No
C13275,B,No
C13276,B,No
C13277,A,No
C13278,A,No
C13279,A,No
C13280,B,No
C13281,A,Yes
C13282,A,No
C13283,A,No
C13284,B,No
C13285,A,No
C13286,A,No
C13287,A,No
C13288,B,No
C13289,A,Yes
C13290,B,No
C13291,B,No
C13292,B,No
C13293,A,Yes
C13294,B,No
C13295,B,No
C13296,B,No
C13297,B,No
C13298,B,No
C13299,A,No
C13300,B,No
C13301,B,No
C13302,B,No
C13303,B,No
C13304,A,No
C13305,A,No
C13306,B,No
C13307,A,No
C13308,A,No
C13309,A,No
C13310,A,No
C13311,A,No
C13312,B,No
C13313,B,No
C13314,B,No
C13315,B,No
C13316,B,No
C13317,A,No
C13318,A,No
C13319,B,No
C13320,B,No
C13321,B,No
C13322,A,No
C13323,B,No
C13324,A,No
C13325,B,No
C13326,B,No
C13327,A,No
C13328,A,No
C13329,B,No
C13330,A,No
C13331,B,No
C13332,A,No
C13333,A,No
C13334,A,No
C13335,A,No
C13336,B,No
C13337,A,No
C13338,B,No
C13339,A,No
C13340,A,No
C13341,A,No
C13342,A,No
C13343,B,Yes
C13344,B,No
C13345,B,No
C13346,A,No
C13347,B,No
C13348,B,No
C13349,A,No
C13350,B,No
C13351,B,Yes
C13352,B,No
C13353,B,No
C13354,A,No
C13355,B,No
C13356,B,No
C13357,B,No
C13358,A,No
C13359,B,No
C13360,B,No
C13361,B,No
C13362,A,No
C13363,A,No
C13364,A,No
C13365,B,No
C13366,A,Yes
C13367,A,No
C13368,B,No
C13369,B,No
C13370,A,No
C13371,B,No
C13372,A,No
C13373,A,No
C13374,A,No
C13375,B,No
C13376,A,No
C13377,B,No
C13378,A,No
C13379,A,No
C13380,B,No
C13381,B,No
C13382,A,No
C13383,A,No
C13384,A,No
C13385,B,No
C13386,B,No
C13387,B,No
C13388,A,No
C13389,B,No
C13390,A,No
C13391,B,No
C13392,A,No
C13393,B,No
C13394,B,No
C13395,A,No
C13396,A,No
C13397,A,No
C13398,A,No
C13399,A,No
C13400,B,No
C13401,B,No
C13402,A,No
C13403,B,No
C13404,B,No
C13405,A,Yes
C13406,B,No
C13407,B,No
C13408,B,No
C13409,A,Yes
C13410,B,No
C13411,B,No
C13412,A,No
C13413,B,No
C13414,B,No
C13415,B,No
C13416,A,No
C13417,B,Yes
C13418,A,No
C13419,B,No
C13420,A,Yes
C13421,B,No
C13422,B,No
C13423,A,No
C13424,B,No
C13425,A,No
C13426,A,No
C13427,B,No
C13428,B,No
C13429,A,No
C13430,B,No
C13431,A,No
C13432,A,No
C13433,A,No
C13434,A,No
C13435,B,No
C13436,B,No
C13437,A,No
C13438,A,No
C13439,A,No
C13440,B,No
C13441,A,Yes
C13442,A,No
C13443,A,No
C13444,A,No
C13445,B,No
C13446,B,No
C13447,B,No
C13448,B,No
C13449,B,No
C13450,A,No
C13451,A,No
C13452,B,No
C13453,A,No
C13454,A,No
C13455,B,No
C13456,A,No
C13457,B,No
C13458,A,No
C13459,A,No
C13460,B,No
C13461,B,No
C13462,B,No
C13463,A,No
C13464,A,No
C13465,A,No
C13466,A,No
C13467,A,No
C13468,A,Yes
C13469,A,No
C13470,A,No
C13471,A,No
C13472,B,No
C13473,B,Yes
C13474,B,Yes
C13475,B,No
C13476,A,No
C13477,A,No
C13478,B,No
C13479,B,No
C13480,A,No
C13481,A,No
C13482,A,No
C13483,B,No
C13484,B,No
C13485,B,No
C13486,A,No
C13487,B,Yes
C13488,B,No
C13489,B,Yes
C13490,B,No
C13491,A,No
C13492,B,No
C13493,A,No
C13494,A,No
C13495,B,Yes
C13496,A,No
C13497,A,No
C13498,A,Yes
C13499,A,No
C13500,B,No
C13501,B,No
C13502,A,No
C13503,B,No
C13504,A,No
C13505,A,No
C13506,B,No
C13507,B,No
C13508,A,No
C13509,B,No
C13510,A,No
C13511,B,No
C13512,B,No
C13513,A,No
C13514,A,No
C13515,A,No
C13516,B,No
C13517,A,No
C13518,B,No
C13519,A,No
C13520,B,No
C13521,B,No
C13522,B,No
C13523,A,No
C13524,B,No
C13525,A,No
C13526,A,No
C13527,A,No
C13528,A,No
C13529,B,No
C13530,B,No
C13531,A,No
C13532,B,No
C13533,B,No
C13534,A,No
C13535,A,No
C13536,A,No
C13537,A,No
C13538,B,No
C13539,B,No
C13540,A,No
C13541,B,No
C13542,A,No
C13543,B,No
C13544,B,No
C13545,B,No
C13546,B,No
C13547,A,No
C13548,A,No
C13549,A,No
C13550,B,No
C13551,A,No
C13552,B,No
C13553,B,No
C13554,A,No
C13555,B,No
C13556,B,No
C13557,B,Yes
C13558,B,No
C13559,A,No
C13560,A,No
C13561,A,No
C13562,A,No
C13563,B,Yes
C13564,A,No
C13565,B,No
C13566,B,No
C13567,B,No
C13568,A,Yes
C13569,B,Yes
C13570,B,No
C13571,B,No
C13572,B,No
C13573,A,No
C13574,A,No
C13575,A,No
C13576,B,No
C13577,B,No
C13578,A,No
C13579,B,No
C13580,A,No
C13581,A,No
C13582,A,No
C13583,A,No
C13584,B,No
C13585,A,No
C13586,B,No
C13587,A,No
C13588,B,No
C13589,B,No
C13590,A,No
C13591,B,No
C13592,A,No
C13593,B,No
C13594,B,No
C13595,A,No
C13596,A,No
C13597,A,No
C13598,A,No
C13599,B,No
C13600,B,No
C13601,B,Yes
C13602,B,No
C13603,B,No
C13604,A,No
C13605,A,No
C13606,A,No
C13607,A,No
C13608,A,No
C13609,B,No
C13610,B,No
C13611,A,No
C13612,A,No
C13613,B,No
C13614,B,No
C13615,B,No
C13616,B,No
C13617,A,No
C13618,A,No
C13619,B,No
C13620,A,No
C13621,B,No
C13622,B,No
C13623,B,No
C13624,A,No
C13625,B,No
C13626,B,No
C13627,B,No
C13628,B,No
C13629,A,No
C13630,B,No
C13631,A,No
C13632,B,No
C13633,B,No
C13634,A,Yes
C13635,B,No
C13636,A,No
C13637,B,No
C13638,B,No
C13639,A,Yes
C13640,A,No
C13641,A,Yes
C13642,B,No
C13643,B,No
C13644,B,No
C13645,A,No
C13646,B,No
C13647,B,No
C13648,B,No
C13649,A,No
C13650,B,No
C13651,B,No
C13652,B,Yes
C13653,A,No
C13654,A,No
C13655,A,No
C13656,B,No
C13657,A,Yes
C13658,A,Yes
C13659,A,No
C13660,B,No
C13661,B,No
C13662,B,No
C13663,A,No
C13664,A,No
C13665,A,No
C13666,B,No
C13667,A,No
C13668,B,No
C13669,A,No
C13670,B,No
C13671,B,No
C13672,B,No
C13673,A,No
C13674,B,No
C13675,A,No
C13676,A,No
C13677,A,No
C13678,B,No
C13679,B,No
C13680,A,No
C13681,B,No
C13682,A,No
C13683,B,Yes
C13684,A,No
C13685,A,No
C13686,B,No
C13687,B,No
C13688,B,No
C13689,B,No
C13690,B,No
C13691,A,No
C13692,B,No
C13693,B,No
C13694,A,Yes
C13695,B,No
C13696,B,No
C13697,B,No
C13698,B,No
C13699,A,No
C13700,B,No
C13701,A,No
C13702,B,No
C13703,B,No
C13704,B,No
C13705,A,No
C13706,A,No
C13707,A,No
C13708,B,No
C13709,B,No
C13710,A,No
C13711,A,No
C13712,A,No
C13713,B,No
C13714,A,No
C13715,A,Yes
C13716,B,No
C13717,B,No
C13718,A,No
C13719,B,Yes
C13720,A,No
C13721,B,No
C13722,B,No
C13723,B,No
C13724,A,No
C13725,B,No
C13726,A,No
C13727,B,Yes
C13728,B,No
C13729,A,No
C13730,B,No
C13731,B,No
C13732,A,No
C13733,A,Yes
C13734,B,No
C13735,B,No
C13736,A,No
C13737,A,No
C13738,B,Yes
C13739,A,No
C13740,A,No
C13741,A,No
C13742,B,No
C13743,A,No
C13744,B,No
C13745,A,Yes
C13746,B,No
C13747,B,No
C13748,A,No
C13749,A,No
C13750,B,Yes
C13751,B,No
C13752,B,No
C13753,B,No
C13754,B,No
C13755,A,No
C13756,B,No
C13757,A,No
C13758,A,No
C13759,A,No
C13760,A,No
C13761,B,No
C13762,A,No
C13763,A,No
C13764,A,No
C13765,A,No
C13766,A,No
C13767,A,Yes
C13768,B,No
C13769,A,No
C13770,B,No
C13771,A,No
C13772,A,No
C13773,B,No
C13774,A,No
C13775,B,No
C13776,A,No
C13777,B,No
C13778,A,No
C13779,A,No
C13780,B,No
C13781,B,No
C13782,A,No
C13783,A,No
C13784,B,No
C13785,A,No
C13786,B,No
C13787,A,No
C13788,B,No
C13789,B,No
C13790,A,No
C13791,B,No
C13792,A,No
C13793,A,No
C13794,B,No
C13795,B,No
C13796,A,No
C13797,A,No
C13798,A,No
C13799,A,No
C13800,B,No
C13801,A,No
C13802,B,No
C13803,B,No
C13804,A,No
C13805,A,No
C13806,B,No
C13807,A,No
C13808,A,No
C13809,B,No
C13810,B,No
C13811,B,No
C13812,B,No
C13813,A,No
C13814,A,No
C13815,B,No
C13816,A,Yes
C13817,A,No
C13818,A,No
C13819,A,No
C13820,B,No
C13821,A,No
C13822,B,No
C13823,A,No
C13824,A,No
C13825,A,No
C13826,B,No
C13827,B,No
C13828,B,No
C13829,A,No
C13830,B,No
C13831,B,No
C13832,B,Yes
C13833,B,No
C13834,B,No
C13835,A,No
C13836,B,No
C13837,A,No
C13838,B,No
C13839,A,No
C13840,B,No
C13841,B,No
C13842,A,No
C13843,A,No
C13844,A,No
C13845,A,No
C13846,A,No
C13847,A,No
C13848,B,No
C13849,A,No
C13850,B,No
C13851,B,No
C13852,B,No
C13853,B,No
C13854,B,No
C13855,B,No
C13856,A,No
C13857,B,No
C13858,B,No
C13859,B,Yes
C13860,A,Yes
C13861,A,No
C13862,B,No
C13863,A,No
C13864,B,No
C13865,A,No
C13866,B,No
C13867,B,No
C13868,B,No
C13869,A,No
C13870,B,Yes
C13871,B,No
C13872,A,No
C13873,B,Yes
C13874,A,Yes
C13875,A,No
C13876,A,No
C13877,A,No
C13878,A,No
C13879,B,No
C13880,A,No
C13881,A,No
C13882,B,No
C13883,A,No
C13884,A,No
C13885,A,No
C13886,B,No
C13887,A,No
C13888,B,No
C13889,A,No
C13890,B,No
C13891,A,No
C13892,A,No
C13893,B,No
C13894,B,No
C13895,A,No
C13896,A,Yes
C13897,A,No
C13898,A,No
C13899,A,No
C13900,A,No
C13901,B,No
C13902,A,No
C13903,A,No
C13904,A,No
C13905,B,No
C13906,B,No
C13907,A,No
C13908,B,No
C13909,B,No
C13910,A,No
C13911,A,No
C13912,B,No
C13913,A,No
C13914,B,No
C13915,B,No
C13916,A,No
C13917,A,No
C13918,B,No
C13919,B,Yes
C13920,A,No
C13921,A,No
C13922,B,No
C13923,A,No
C13924,A,No
C13925,A,No
C13926,A,No
C13927,B,No
C13928,A,No
C13929,B,No
C13930,A,No
C13931,A,Yes
C13932,B,No
C13933,B,No
C13934,A,No
C13935,A,No
C13936,B,No
C13937,B,No
C13938,A,No
C13939,B,No
C13940,A,Yes
C13941,A,No
C13942,B,Yes
C13943,A,No
C13944,B,No
C13945,B,No
C13946,B,No
C13947,A,No
C13948,A,No
C13949,B,No
C13950,A,No
C13951,B,No
C13952,B,No
C13953,A,No
C13954,A,No
C13955,A,Yes
C13956,A,No
C13957,B,No
C13958,A,No
C13959,A,No
C13960,B,Yes
C13961,A,No
C13962,B,No
C13963,A,No
C13964,B,No
C13965,B,No
C13966,B,No
C13967,B,No
C13968,A,No
C13969,B,No
C13970,A,No
C13971,B,Yes
C13972,B,No
C13973,B,No
C13974,B,No
C13975,B,No
C13976,B,No
C13977,B,No
C13978,B,No
C13979,B,No
C13980,A,No
C13981,A,No
C13982,A,No
C13983,A,No
C13984,B,No
C13985,B,No
C13986,B,No
C13987,A,No
C13988,A,No
C13989,B,No
C13990,A,No
C13991,B,No
C13992,A,No
C13993,A,No
C13994,A,No
C13995,B,No
C13996,A,No
C13997,A,No
C13998,A,Yes
C13999,A,No
C14000,A,No
C14001,A,No
C14002,A,No
C14003,A,No
C14004,B,Yes
C14005,B,No
C14006,B,Yes
C14007,B,No
C14008,A,No
C14009,A,No
C14010,A,No
C14011,A,No
C14012,B,No
C14013,B,No
C14014,B,No
C14015,A,No
C14016,B,No
C14017,B,No
C14018,A,No
C14019,B,No
C14020,A,Yes
C14021,B,No
C14022,A,No
C14023,A,No
C14024,A,Yes
C14025,B,No
C14026,A,No
C14027,B,No
C14028,B,Yes
C14029,A,No
C14030,B,No
C14031,A,No
C14032,B,No
C14033,B,No
C14034,A,No
C14035,B,No
C14036,A,No
C14037,B,Yes
C14038,B,No
C14039,B,No
C14040,B,No
C14041,A,No
C14042,B,No
C14043,B,No
C14044,B,No
C14045,A,No
C14046,A,No
C14047,A,No
C14048,A,No
C14049,B,No
C14050,B,Yes
C14051,B,No
C14052,A,No
C14053,A,No
C14054,B,No
C14055,B,No
C14056,B,No
C14057,A,No
C14058,B,No
C14059,A,No
C14060,B,No
C14061,B,No
C14062,A,No
C14063,B,No
C14064,B,No
C14065,A,No
C14066,A,Yes
C14067,A,No
C14068,B,No
C14069,A,No
C14070,A,No
C14071,A,No
C14072,B,No
C14073,A,No
C14074,B,No
C14075,B,No
C14076,B,No
C14077,B,Yes
C14078,B,No
C14079,A,No
C14080,A,No
C14081,B,No
C14082,B,No
C14083,A,No
C14084,B,No
C14085,A,No
C14086,B,No
C14087,A,No
C14088,A,No
C14089,B,No
C14090,B,No
C14091,A,No
C14092,B,Yes
C14093,B,No
C14094,B,No
C14095,A,No
C14096,A,Yes
C14097,A,No
C14098,B,No
C14099,B,No
C14100,B,No
C14101,B,No
C14102,A,Yes
C14103,A,No
C14104,A,No
C14105,B,No
C14106,A,No
C14107,B,Yes
C14108,A,No
C14109,B,No
C14110,A,No
C14111,B,No
C14112,A,No
C14113,B,No
C14114,B,No
C14115,B,No
C14116,B,No
C14117,B,No
C14118,A,No
C14119,B,No
C14120,B,No
C14121,A,No
C14122,B,No
C14123,A,Yes
C14124,B,No
C14125,B,No
C14126,B,No
C14127,A,No
C14128,A,No
C14129,B,Yes
C14130,A,No
C14131,B,No
C14132,B,No
C14133,B,No
C14134,A,No
C14135,A,No
C14136,A,No
C14137,B,No
C14138,A,No
C14139,B,No
C14140,A,Yes
C14141,A,No
C14142,B,Yes
C14143,A,No
C14144,B,No
C14145,A,No
C14146,B,No
C14147,B,No
C14148,B,No
C14149,A,No
C14150,B,No
C14151,B,No
C14152,B,No
C14153,B,No
C14154,A,No
C14155,A,No
C14156,A,No
C14157,B,No
C14158,A,No
C14159,B,No
C14160,B,No
C14161,A,No
C14162,A,No
C14163,B,No
C14164,B,No
C14165,B,No
C14166,A,No
C14167,A,No
C14168,B,No
C14169,A,No
C14170,A,No
C14171,B,No
C14172,B,No
C14173,A,No
C14174,B,No
C14175,B,No
C14176,A,No
C14177,A,No
C14178,A,No
C14179,A,No
C14180,A,No
C14181,A,Yes
C14182,A,No
C14183,A,No
C14184,B,No
C14185,A,No
C14186,B,No
C14187,A,No
C14188,B,No
C14189,A,No
C14190,B,No
C14191,B,No
C14192,B,No
C14193,A,No
C14194,B,No
C14195,B,No
C14196,A,No
C14197,B,No
C14198,B,No
C14199,A,No
C14200,B,No
C14201,B,No
C14202,B,No
C14203,B,No
C14204,A,No
C14205,B,No
C14206,B,No
C14207,A,No
C14208,A,Yes
C14209,B,No
C14210,A,No
C14211,A,No
C14212,A,No
C14213,A,No
C14214,A,No
C14215,B,No
C14216,A,No
C14217,B,No
C14218,A,No
C14219,B,No
C14220,A,No
C14221,A,No
C14222,A,No
C14223,B,No
C14224,A,No
C14225,A,No
C14226,A,No
C14227,A,No
C14228,A,No
C14229,B,No
C14230,A,No
C14231,B,No
C14232,B,No
C14233,A,No
C14234,A,No
C14235,A,Yes
C14236,A,No
C14237,A,No
C14238,B,No
C14239,A,No
C14240,B,No
C14241,B,No
C14242,A,No
C14243,A,No
C14244,B,No
C14245,B,No
C14246,A,No
C14247,A,No
C14248,A,No
C14249,A,No
C14250,A,No
C14251,A,No
C14252,A,No
C14253,B,Yes
C14254,A,No
C14255,A,No
C14256,A,No
C14257,A,No
C14258,A,No
C14259,A,No
C14260,B,No
C14261,B,No
C14262,A,No
C14263,B,No
C14264,A,No
C14265,B,No
C14266,A,No
C14267,A,No
C14268,B,Yes
C14269,A,No
C14270,B,No
C14271,A,No
C14272,B,No
C14273,B,No
C14274,B,Yes
C14275,B,No
C14276,A,No
C14277,B,No
C14278,A,No
C14279,B,No
C14280,A,No
C14281,B,No
C14282,A,No
C14283,A,No
C14284,B,Yes
C14285,A,No
C14286,A,No
C14287,A,No
C14288,B,No
C14289,A,No
C14290,B,No
C14291,B,No
C14292,B,Yes
C14293,A,No
C14294,B,No
C14295,B,No
C14296,B,No
C14297,B,No
C14298,B,No
C14299,A,No
C14300,A,No
C14301,B,No
C14302,B,Yes
C14303,B,No
C14304,A,No
C14305,A,No
C14306,A,No
C14307,B,No
C14308,B,No
C14309,B,No
C14310,A,No
C14311,A,No
C14312,B,No
C14313,A,No
C14314,B,No
C14315,B,No
C14316,A,No
C14317,B,No
C14318,B,No
C14319,B,No
C14320,A,No
C14321,B,No
C14322,A,No
C14323,A,No
C14324,B,Yes
C14325,A,No
C14326,B,No
C14327,B,No
C14328,B,No
C14329,A,No
C14330,A,No
C14331,B,No
C14332,B,Yes
C14333,A,No
C14334,B,Yes
C14335,B,No
C14336,B,No
C14337,B,No
C14338,A,No
C14339,A,No
C14340,A,No
C14341,B,No
C14342,A,No
C14343,A,No
C14344,B,Yes
C14345,B,No
C14346,B,No
C14347,A,No
C14348,A,Yes
C14349,A,No
C14350,B,No
C14351,B,Yes
C14352,B,No
C14353,A,No
C14354,B,No
C14355,A,Yes
C14356,A,No
C14357,B,No
C14358,B,No
C14359,A,No
C14360,B,No
C14361,A,No
C14362,A,No
C14363,B,No
C14364,A,No
C14365,A,Yes
C14366,A,No
C14367,B,No
C14368,A,No
C14369,B,No
C14370,A,No
C14371,A,No
C14372,B,No
C14373,A,No
C14374,A,No
C14375,B,No
C14376,A,No
C14377,A,No
C14378,B,No
C14379,A,No
C14380,B,No
C14381,B,Yes
C14382,B,No
C14383,A,No
C14384,B,No
C14385,B,No
C14386,B,No
C14387,B,No
C14388,A,No
C14389,B,No
C14390,A,No
C14391,A,No
C14392,B,No
C14393,B,No
C14394,A,No
C14395,B,No
C14396,A,No
C14397,B,Yes
C14398,B,No
C14399,A,No
C14400,A,No
C14401,A,No
C14402,B,No
C14403,A,No
C14404,A,No
C14405,B,No
C14406,A,No
C14407,A,No
C14408,B,Yes
C14409,A,No
C14410,B,No
C14411,A,No
C14412,B,No
C14413,B,No
C14414,A,No
C14415,A,No
C14416,B,No
C14417,A,No
C14418,B,No
C14419,B,Yes
C14420,B,No
C14421,B,No
C14422,A,No
C14423,B,No
C14424,B,No
C14425,B,No
C14426,B,No
C14427,A,No
C14428,B,No
C14429,A,No
C14430,B,No
C14431,A,No
C14432,B,No
C14433,A,No
C14434,B,No
C14435,B,No
C14436,A,No
C14437,B,No
C14438,A,No
C14439,B,No
C14440,B,No
C14441,B,No
C14442,A,No
C14443,A,Yes
C14444,A,Yes
C14445,A,No
C14446,A,No
C14447,A,No
C14448,A,No
C14449,A,Yes
C14450,B,No
C14451,A,No
C14452,A,No
C14453,A,No
C14454,A,No
C14455,B,No
C14456,B,No
C14457,A,No
C14458,B,No
C14459,A,No
C14460,B,No
C14461,B,No
C14462,A,No
C14463,A,No
C14464,B,No
C14465,B,No
C14466,A,No
C14467,B,No
C14468,A,No
C14469,A,No
C14470,A,No
C14471,B,No
C14472,A,No
C14473,B,No
C14474,B,Yes
C14475,B,No
C14476,A,Yes
C14477,A,No
C14478,B,No
C14479,A,No
C14480,B,No
C14481,A,No
C14482,B,Yes
C14483,A,No
C14484,A,No
C14485,B,No
C14486,B,No
C14487,B,No
C14488,A,No
C14489,B,No
C14490,A,No
C14491,A,No
C14492,B,No
C14493,B,No
C14494,B,No
C14495,B,Yes
C14496,B,No
C14497,B,No
C14498,B,No
C14499,B,Yes
C14500,B,No
C14501,B,No
C14502,B,No
C14503,B,No
C14504,B,No
C14505,A,Yes
C14506,A,No
C14507,B,No
C14508,B,No
C14509,A,No
C14510,A,No
C14511,B,No
C14512,A,No
C14513,A,No
C14514,B,No
C14515,B,No
C14516,A,No
C14517,A,No
C14518,B,No
C14519,A,No
C14520,A,No
C14521,A,No
C14522,B,No
C14523,B,No
C14524,B,No
C14525,B,No
C14526,A,No
C14527,B,No
C14528,B,No
C14529,B,No
C14530,A,No
C14531,B,No
C14532,B,No
C14533,A,No
C14534,A,No
C14535,A,No
C14536,A,No
C14537,A,Yes
C14538,A,No
C14539,A,No
C14540,A,No
C14541,A,No
C14542,A,No
C14543,B,No
C14544,B,No
C14545,A,No
C14546,B,No
C14547,B,No
C14548,A,No
C14549,A,No
C14550,B,No
C14551,B,No
C14552,B,No
C14553,B,No
C14554,A,No
C14555,B,No
C14556,A,Yes
C14557,B,No
C14558,B,No
C14559,A,No
C14560,B,No
C14561,B,No
C14562,A,No
C14563,B,No
C14564,B,No
C14565,A,No
C14566,B,No
C14567,A,No
C14568,A,No
C14569,A,No
C14570,B,No
C14571,B,No
C14572,B,No
C14573,A,No
C14574,B,No
C14575,B,No
C14576,B,No
C14577,A,No
C14578,B,No
C14579,A,No
C14580,B,No
C14581,B,No
C14582,A,No
C14583,A,No
C14584,B,No
C14585,B,No
C14586,B,No
C14587,A,No
C14588,B,No
C14589,A,No
C14590,B,No
C14591,B,Yes
C14592,A,Yes
C14593,B,No
C14594,B,No
C14595,A,No
C14596,B,No
C14597,B,No
C14598,A,No
C14599,A,Yes
C14600,A,No
C14601,B,No
C14602,B,No
C14603,B,No
C14604,B,No
C14605,B,No
C14606,B,No
C14607,A,No
C14608,B,No
C14609,B,No
C14610,A,No
C14611,A,No
C14612,A,No
C14613,A,No
C14614,A,No
C14615,B,No
C14616,B,No
C14617,A,No
C14618,A,No
C14619,A,No
C14620,A,No
C14621,B,No
C14622,A,No
C14623,A,No
C14624,B,No
C14625,A,Yes
C14626,A,No
C14627,A,No
C14628,B,No
C14629,A,No
C14630,A,No
C14631,A,No
C14632,A,No
C14633,B,No
C14634,A,No
C14635,B,No
C14636,B,No
C14637,A,No
C14638,A,No
C14639,B,No
C14640,A,No
C14641,A,No
C14642,B,No
C14643,A,No
C14644,B,No
C14645,B,No
C14646,B,No
C14647,B,No
C14648,B,No
C14649,A,No
C14650,B,No
C14651,B,No
C14652,A,No
C14653,B,No
C14654,B,No
C14655,B,No
C14656,A,No
C14657,A,No
C14658,B,No
C14659,A,No
C14660,B,No
C14661,A,No
C14662,A,No
C14663,B,No
C14664,B,No
C14665,A,No
C14666,B,No
C14667,B,No
C14668,B,No
C14669,A,No
C14670,B,No
C14671,B,No
C14672,B,Yes
C14673,A,No
C14674,A,No
C14675,A,No
C14676,A,Yes
C14677,A,No
C14678,A,No
C14679,B,No
C14680,A,No
C14681,A,No
C14682,B,No
C14683,A,No
C14684,B,No
C14685,B,No
C14686,B,No
C14687,A,Yes
C14688,A,No
C14689,A,No
C14690,A,No
C14691,B,No
C14692,B,No
C14693,B,No
C14694,B,No
C14695,B,No
C14696,B,No
C14697,B,No
C14698,A,No
C14699,B,No
C14700,A,No
C14701,B,No
C14702,B,No
C14703,A,No
C14704,A,No
C14705,B,No
C14706,A,No
C14707,A,Yes
C14708,B,No
C14709,B,No
C14710,A,No
C14711,A,No
C14712,A,No
C14713,B,No
C14714,A,No
C14715,A,No
C14716,B,No
C14717,A,No
C14718,A,No
C14719,A,No
C14720,A,No
C14721,B,No
C14722,A,No
C14723,A,No
C14724,B,No
C14725,B,No
C14726,A,No
C14727,B,No
C14728,B,No
C14729,B,No
C14730,A,No
C14731,A,No
C14732,A,No
C14733,A,No
C14734,B,No
C14735,B,No
C14736,B,No
C14737,A,No
C14738,B,No
C14739,A,No
C14740,A,No
C14741,B,Yes
C14742,A,No
C14743,B,No
C14744,B,No
C14745,B,No
C14746,A,No
C14747,B,No
C14748,B,No
C14749,B,No
C14750,B,No
C14751,B,Yes
C14752,A,No
C14753,B,No
C14754,B,No
C14755,A,No
C14756,B,No
C14757,B,No
C14758,B,No
C14759,A,No
C14760,B,No
C14761,A,No
C14762,A,No
C14763,A,No
C14764,A,No
C14765,A,No
C14766,B,No
C14767,B,No
C14768,B,No
C14769,B,No
C14770,B,No
C14771,A,No
C14772,A,No
C14773,A,No
C14774,A,No
C14775,A,No
C14776,A,Yes
C14777,A,No
C14778,B,No
C14779,A,No
C14780,A,No
C14781,A,No
C14782,A,No
C14783,B,No
C14784,B,No
C14785,B,Yes
C14786,B,No
C14787,A,No
C14788,A,No
C14789,A,No
C14790,A,Yes
C14791,A,No
C14792,B,No
C14793,A,No
C14794,A,No
C14795,A,No
C14796,A,No
C14797,B,No
C14798,B,No
C14799,A,No
C14800,A,No
C14801,A,No
C14802,B,No
C14803,B,No
C14804,A,Yes
C14805,A,No
C14806,B,No
C14807,A,No
C14808,B,Yes
C14809,A,No
C14810,B,No
C14811,A,No
C14812,B,No
C14813,B,No
C14814,A,No
C14815,A,No
C14816,B,No
C14817,B,No
C14818,B,No
C14819,A,No
C14820,B,No
C14821,B,Yes
C14822,A,No
C14823,B,No
C14824,A,No
C14825,B,No
C14826,B,No
C14827,B,No
C14828,B,No
C14829,B,Yes
C14830,B,No
C14831,B,No
C14832,A,No
C14833,A,No
C14834,A,No
C14835,A,No
C14836,A,No
C14837,B,No
C14838,A,No
C14839,B,No
C14840,A,No
C14841,A,No
C14842,A,No
C14843,A,No
C14844,A,No
C14845,B,No
C14846,B,No
C14847,B,No
C14848,A,No
C14849,B,No
C14850,A,No
C14851,B,Yes
C14852,A,No
C14853,B,No
C14854,A,No
C14855,A,No
C14856,B,No
C14857,A,No
C14858,B,No
C14859,A,No
C14860,A,No
C14861,B,No
C14862,B,No
C14863,B,No
C14864,A,No
C14865,A,No
C14866,A,No
C14867,A,No
C14868,B,No
C14869,B,No
C14870,B,No
C14871,B,No
C14872,B,No
C14873,A,No
C14874,A,No
C14875,B,No
C14876,A,No
C14877,B,No
C14878,B,No
C14879,B,No
C14880,B,No
C14881,A,No
C14882,B,No
C14883,B,No
C14884,A,Yes
C14885,B,No
C14886,B,No
C14887,B,No
C14888,B,No
C14889,B,Yes
C14890,B,No
C14891,A,No
C14892,A,No
C14893,B,No
C14894,A,No
C14895,B,No
C14896,B,No
C14897,B,No
C14898,A,No
C14899,A,No
C14900,B,No
C14901,B,No
C14902,A,No
C14903,B,No
C14904,A,No
C14905,B,No
C14906,A,No
C14907,B,No
C14908,B,No
C14909,B,No
C14910,A,No
C14911,A,No
C14912,A,No
C14913,A,No
C14914,A,No
C14915,B,No
C14916,B,No
C14917,A,No
C14918,B,No
C14919,B,No
C14920,A,No
C14921,B,No
C14922,A,No
C14923,A,No
C14924,B,No
C14925,A,No
C14926,B,No
C14927,A,No
C14928,A,No
C14929,A,No
C14930,B,No
C14931,B,No
C14932,B,No
C14933,B,No
C14934,A,No
C14935,A,No
C14936,A,No
C14937,A,No
C14938,B,Yes
C14939,B,No
C14940,A,No
C14941,B,No
C14942,A,No
C14943,A,Yes
C14944,B,No
C14945,A,No
C14946,B,No
C14947,B,No
C14948,B,No
C14949,B,No
C14950,B,Yes
C14951,A,No
C14952,B,No
C14953,A,No
C14954,A,No
C14955,B,No
C14956,B,Yes
C14957,A,No
C14958,B,No
C14959,B,No
C14960,B,No
C14961,A,No
C14962,B,No
C14963,A,No
C14964,A,No
C14965,A,No
C14966,B,No
C14967,B,No
C14968,B,No
C14969,B,No
C14970,B,No
C14971,B,No
C14972,B,No
C14973,B,Yes
C14974,A,No
C14975,B,No
C14976,B,No
C14977,B,No
C14978,A,No
C14979,A,No
C14980,B,No
C14981,A,No
C14982,A,No
C14983,B,No
C14984,B,No
C14985,B,No
C14986,A,No
C14987,A,No
C14988,A,No
C14989,A,No
C14990,B,No
C14991,B,No
C14992,A,No
C14993,A,No
C14994,A,No
C14995,B,No
C14996,B,No
C14997,B,No
C14998,B,No
C14999,A,No
C15000,A,No
C15001,B,No
C15002,A,No
C15003,A,No
C15004,B,No
C15005,B,No
C15006,A,No
C15007,A,Yes
C15008,A,No
C15009,A,Yes
C15010,A,No
C15011,A,No
C15012,A,No
C15013,A,No
C15014,A,No
C15015,A,No
C15016,A,No
C15017,A,No
C15018,B,No
C15019,B,No
C15020,A,No
C15021,B,No
C15022,B,No
C15023,B,No
C15024,A,No
C15025,A,Yes
C15026,A,No
C15027,B,No
C15028,A,No
C15029,B,No
C15030,A,No
C15031,B,No
C15032,B,No
C15033,A,No
C15034,A,No
C15035,B,No
C15036,A,No
C15037,A,No
C15038,B,No
C15039,B,No
C15040,A,No
C15041,B,No
C15042,A,No
C15043,B,No
C15044,A,No
C15045,A,No
C15046,A,No
C15047,A,No
C15048,A,No
C15049,A,No
C15050,B,Yes
C15051,A,No
C15052,A,No
C15053,B,No
C15054,B,No
C15055,A,No
C15056,A,No
C15057,B,No
C15058,B,No
C15059,A,No
C15060,A,No
C15061,A,No
C15062,B,No
C15063,B,No
C15064,B,No
C15065,A,No
C15066,B,No
C15067,B,No
C15068,B,No
C15069,A,No
C15070,B,No
C15071,A,No
C15072,A,No
C15073,A,No
C15074,A,No
C15075,A,No
C15076,B,No
C15077,A,No
C15078,A,No
C15079,B,No
C15080,A,No
C15081,A,No
C15082,A,No
C15083,A,No
C15084,A,No
C15085,A,No
C15086,B,No
C15087,A,No
C15088,B,No
C15089,B,No
C15090,B,No
C15091,A,No
C15092,B,No
C15093,B,No
C15094,B,No
C15095,B,No
C15096,B,No
C15097,B,No
C15098,B,No
C15099,B,No
C15100,A,No
C15101,A,No
C15102,B,No
C15103,A,No
C15104,B,Yes
C15105,B,No
C15106,A,No
C15107,A,No
C15108,B,No
C15109,A,No
C15110,A,No
C15111,A,No
C15112,A,No
C15113,B,No
C15114,A,No
C15115,A,No
C15116,B,No
C15117,A,No
C15118,B,No
C15119,A,No
C15120,B,No
C15121,A,No
C15122,B,No
C15123,B,No
C15124,A,No
C15125,B,No
C15126,B,No
C15127,A,No
C15128,A,No
C15129,A,No
C15130,B,No
C15131,B,No
C15132,B,No
C15133,A,No
C15134,A,No
C15135,B,No
C15136,B,No
C15137,B,No
C15138,B,No
C15139,A,No
C15140,A,No
C15141,A,No
C15142,B,No
C15143,B,No
C15144,B,Yes
C15145,B,No
C15146,A,No
C15147,A,No
C15148,B,No
C15149,B,No
C15150,A,No
C15151,B,No
C15152,B,No
C15153,A,No
C15154,B,No
C15155,B,No
C15156,A,No
C15157,B,No
C15158,B,No
C15159,A,No
C15160,A,Yes
C15161,A,No
C15162,B,No
C15163,A,No
C15164,A,No
C15165,B,No
C15166,B,No
C15167,A,No
C15168,B,No
C15169,B,No
C15170,B,No
C15171,B,No
C15172,A,No
C15173,B,No
C15174,B,No
C15175,A,No
C15176,A,No
C15177,B,No
C15178,B,No
C15179,A,No
C15180,A,No
C15181,A,No
C15182,B,No
C15183,B,No
C15184,B,No
C15185,A,No
C15186,A,No
C15187,B,No
C15188,A,No
C15189,A,No
C15190,A,No
C15191,A,No
C15192,B,Yes
C15193,A,Yes
C15194,B,No
C15195,B,No
C15196,A,No
C15197,B,No
C15198,A,No
C15199,B,No
C15200,A,No
C15201,A,No
C15202,A,No
C15203,A,No
C15204,B,No
C15205,A,No
C15206,A,No
C15207,B,Yes
C15208,A,No
C15209,A,No
C15210,A,No
C15211,A,No
C15212,B,No
C15213,B,No
C15214,B,No
C15215,B,No
C15216,A,Yes
C15217,A,No
C15218,B,No
C15219,A,No
C15220,A,No
C15221,A,Yes
C15222,A,No
C15223,B,No
C15224,B,Yes
C15225,B,No
C15226,A,No
C15227,A,No
C15228,A,No
C15229,A,No
C15230,A,No
C15231,B,No
C15232,A,No
C15233,A,No
C15234,A,No
C15235,B,No
C15236,A,No
C15237,A,No
C15238,A,No
C15239,B,No
C15240,A,No
C15241,A,No
C15242,B,No
C15243,A,Yes
C15244,A,No
C15245,B,No
C15246,A,No
C15247,B,No
C15248,B,No
C15249,A,No
C15250,B,No
C15251,B,No
C15252,A,No
C15253,A,No
C15254,A,No
C15255,A,No
C15256,A,No
C15257,B,No
C15258,A,No
C15259,B,No
C15260,B,No
C15261,B,No
C15262,B,No
C15263,A,No
C15264,A,No
C15265,B,No
C15266,A,No
C15267,B,No
C15268,A,No
C15269,B,No
C15270,B,Yes
C15271,B,No
C15272,B,No
C15273,B,No
C15274,B,No
C15275,B,No
C15276,B,No
C15277,A,No
C15278,B,No
C15279,A,No
C15280,A,No
C15281,A,No
C15282,A,No
C15283,B,No
C15284,A,No
C15285,B,No
C15286,B,Yes
C15287,B,No
C15288,B,No
C15289,A,No
C15290,A,No
C15291,A,No
C15292,A,No
C15293,A,No
C15294,A,No
C15295,A,No
C15296,B,No
C15297,A,No
C15298,A,No
C15299,A,No
C15300,A,Yes
C15301,B,No
C15302,B,Yes
C15303,A,No
C15304,B,No
C15305,A,No
C15306,A,No
C15307,A,No
C15308,B,No
C15309,B,No
C15310,B,No
C15311,B,No
C15312,A,No
C15313,A,Yes
C15314,A,No
C15315,A,No
C15316,B,No
C15317,A,No
C15318,A,No
C15319,A,No
C15320,A,No
C15321,B,No
C15322,A,No
C15323,A,No
C15324,B,No
C15325,A,No
C15326,B,No
C15327,B,No
C15328,A,No
C15329,A,No
C15330,B,No
C15331,B,No
C15332,A,No
C15333,A,No
C15334,A,No
C15335,B,No
C15336,B,No
C15337,B,No
C15338,A,No
C15339,B,No
C15340,A,No
C15341,B,No
C15342,A,No
C15343,A,No
C15344,A,No
C15345,B,Yes
C15346,B,No
C15347,B,No
C15348,B,No
C15349,B,No
C15350,B,No
C15351,B,Yes
C15352,A,No
C15353,A,No
C15354,A,No
C15355,A,No
C15356,B,No
C15357,B,No
C15358,A,No
C15359,B,No
C15360,B,No
C15361,B,Yes
C15362,A,No
C15363,A,No
C15364,B,No
C15365,B,No
C15366,B,No
C15367,A,No
C15368,A,No
C15369,B,No
C15370,A,No
C15371,B,No
C15372,A,No
C15373,B,No
C15374,A,No
C15375,B,No
C15376,A,Yes
C15377,B,No
C15378,A,No
C15379,B,No
C15380,A,No
C15381,B,No
C15382,A,No
C15383,A,No
C15384,B,No
C15385,A,No
C15386,B,No
C15387,B,No
C15388,B,No
C15389,A,No
C15390,A,No
C15391,A,No
C15392,A,No
C15393,A,No
C15394,A,No
C15395,A,No
C15396,A,No
C15397,B,Yes
C15398,B,No
C15399,B,No
C15400,A,No
C15401,B,Yes
C15402,A,No
C15403,A,No
C15404,B,No
C15405,B,No
C15406,B,No
C15407,B,No
C15408,A,No
C15409,A,No
C15410,B,Yes
C15411,B,No
C15412,B,No
C15413,A,No
C15414,A,No
C15415,B,No
C15416,A,No
C15417,A,No
C15418,B,No
C15419,B,No
C15420,A,No
C15421,A,No
C15422,B,No
C15423,A,No
C15424,A,No
C15425,B,No
C15426,A,No
C15427,B,No
C15428,B,No
C15429,A,Yes
C15430,A,No
C15431,A,No
C15432,B,No
C15433,A,No
C15434,A,No
C15435,A,No
C15436,B,No
C15437,B,No
C15438,A,No
C15439,B,No
C15440,A,No
C15441,B,No
C15442,B,No
C15443,A,No
C15444,A,No
C15445,A,No
C15446,B,No
C15447,A,No
C15448,A,No
C15449,A,No
C15450,B,No
C15451,B,No
C15452,A,No
C15453,B,No
C15454,A,No
C15455,B,No
C15456,B,No
C15457,B,No
C15458,A,No
C15459,A,No
C15460,A,No
C15461,B,No
C15462,B,No
C15463,A,No
C15464,B,Yes
C15465,B,No
C15466,A,No
C15467,B,No
C15468,A,No
C15469,A,No
C15470,A,No
C15471,A,Yes
C15472,B,No
C15473,A,No
C15474,B,No
C15475,B,No
C15476,A,No
C15477,B,No
C15478,A,No
C15479,B,No
C15480,B,No
C15481,A,No
C15482,A,No
C15483,A,No
C15484,B,No
C15485,B,No
C15486,A,No
C15487,A,No
C15488,B,No
C15489,A,No
C15490,B,No
C15491,A,No
C15492,A,No
C15493,B,No
C15494,B,No
C15495,A,No
C15496,A,No
C15497,A,No
C15498,A,No
C15499,A,No
C15500,B,No
C15501,B,Yes
C15502,B,No
C15503,A,No
C15504,A,No
C15505,B,No
C15506,A,No
C15507,B,No
C15508,B,No
C15509,A,No
C15510,A,Yes
C15511,A,No
C15512,A,No
C15513,B,No
C15514,A,No
C15515,B,No
C15516,A,No
C15517,A,No
C15518,B,No
C15519,B,No
C15520,A,No
C15521,B,No
C15522,A,No
C15523,A,No
C15524,A,No
C15525,B,No
C15526,A,No
C15527,B,Yes
C15528,A,No
C15529,B,No
C15530,A,No
C15531,A,No
C15532,B,No
C15533,B,Yes
C15534,A,No
C15535,B,No
C15536,B,No
C15537,B,No
C15538,A,No
C15539,B,No
C15540,A,No
C15541,B,No
C15542,B,No
C15543,A,No
C15544,A,No
C15545,B,No
C15546,A,No
C15547,B,No
C15548,B,No
C15549,B,No
C15550,A,No
C15551,A,No
C15552,A,No
C15553,A,No
C15554,A,No
C15555,A,No
C15556,B,No
C15557,A,No
C15558,A,No
C15559,B,No
C15560,B,No
C15561,B,No
C15562,A,No
C15563,A,No
C15564,B,No
C15565,B,No
C15566,B,No
C15567,A,No
C15568,B,No
C15569,B,No
C15570,B,No
C15571,A,No
C15572,A,No
C15573,A,No
C15574,B,No
C15575,B,No
C15576,A,No
C15577,A,Yes
C15578,A,No
C15579,B,No
C15580,B,No
C15581,A,No
C15582,B,No
C15583,A,No
C15584,B,No
C15585,B,No
C15586,A,No
C15587,A,No
C15588,A,No
C15589,B,No
C15590,A,No
C15591,B,No
C15592,A,No
C15593,A,Yes
C15594,A,No
C15595,A,No
C15596,A,No
C15597,B,No
C15598,A,No
C15599,B,No
C15600,A,No
C15601,A,No
C15602,B,No
C15603,A,Yes
C15604,B,No
C15605,A,No
C15606,A,No
C15607,B,No
C15608,B,No
C15609,A,No
C15610,B,No
C15611,B,No
C15612,B,No
C15613,B,No
C15614,A,No
C15615,A,No
C15616,B,No
C15617,A,No
C15618,B,No
C15619,A,No
C15620,A,No
C15621,B,No
C15622,B,No
C15623,A,No
C15624,A,No
C15625,B,Yes
C15626,A,No
C15627,B,No
C15628,A,No
C15629,A,No
C15630,B,Yes
C15631,A,No
C15632,A,No
C15633,A,No
C15634,B,Yes
C15635,A,No
C15636,B,No
C15637,B,No
C15638,B,No
C15639,A,No
C15640,A,No
C15641,A,No
C15642,B,No
C15643,B,No
C15644,B,No
C15645,B,No
C15646,B,No
C15647,B,No
C15648,A,No
C15649,A,No
C15650,A,No
C15651,A,No
C15652,B,No
C15653,B,No
C15654,A,No
C15655,A,No
C15656,B,No
C15657,A,No
C15658,A,No
C15659,A,No
C15660,B,No
C15661,B,No
C15662,A,No
C15663,A,No
C15664,A,No
C15665,B,No
C15666,B,No
C15667,A,No
C15668,A,No
C15669,B,No
C15670,A,No
C15671,B,No
C15672,B,No
C15673,B,No
C15674,B,No
C15675,B,No
C15676,B,No
C15677,B,Yes
C15678,B,No
C15679,A,No
C15680,A,No
C15681,A,No
C15682,A,No
C15683,A,No
C15684,A,No
C15685,B,No
C15686,A,No
C15687,B,No
C15688,A,No
C15689,A,No
C15690,A,No
C15691,B,No
C15692,B,No
C15693,A,No
C15694,B,No
C15695,B,Yes
C15696,B,No
C15697,B,No
C15698,B,No
C15699,A,No
C15700,A,Yes
C15701,B,No
C15702,A,No
C15703,B,No
C15704,B,No
C15705,A,No
C15706,B,No
C15707,A,No
C15708,B,No
C15709,B,No
C15710,B,No
C15711,A,No
C15712,B,No
C15713,B,No
C15714,A,No
C15715,A,No
C15716,A,No
C15717,A,No
C15718,B,No
C15719,A,No
C15720,A,No
C15721,A,No
C15722,A,No
C15723,B,Yes
C15724,B,No
C15725,A,No
C15726,B,No
C15727,A,No
C15728,B,No
C15729,B,Yes
C15730,B,No
C15731,A,No
C15732,A,No
C15733,A,No
C15734,A,No
C15735,B,No
C15736,A,Yes
C15737,A,No
C15738,B,No
C15739,B,No
C15740,A,No
C15741,B,No
C15742,B,No
C15743,B,No
C15744,B,No
C15745,A,No
C15746,B,No
C15747,A,No
C15748,B,No
C15749,A,No
C15750,A,No
C15751,A,No
C15752,B,No
C15753,A,No
C15754,B,No
C15755,B,No
C15756,A,No
C15757,B,No
C15758,A,No
C15759,B,No
C15760,A,No
C15761,A,No
C15762,B,No
C15763,B,Yes
C15764,B,No
C15765,A,No
C15766,A,No
C15767,A,No
C15768,B,Yes
C15769,B,Yes
C15770,A,No
C15771,B,No
C15772,B,No
C15773,B,No
C15774,A,No
C15775,B,No
C15776,A,No
C15777,A,No
C15778,B,No
C15779,A,Yes
C15780,A,No
C15781,A,No
C15782,A,No
C15783,B,No
C15784,A,No
C15785,B,No
C15786,A,No
C15787,B,No
C15788,B,No
C15789,A,No
C15790,A,No
C15791,B,No
C15792,A,No
C15793,A,No
C15794,B,No
C15795,A,No
C15796,A,No
C15797,B,No
C15798,B,No
C15799,B,No
C15800,B,No
C15801,B,No
C15802,A,No
C15803,A,No
C15804,A,No
C15805,A,No
C15806,B,No
C15807,A,Yes
C15808,A,No
C15809,B,No
C15810,A,No
C15811,B,Yes
C15812,B,No
C15813,B,No
C15814,A,No
C15815,B,No
C15816,B,No
C15817,A,No
C15818,B,No
C15819,A,No
C15820,A,No
C15821,A,No
C15822,A,No
C15823,A,No
C15824,B,Yes
C15825,B,No
C15826,A,No
C15827,A,No
C15828,B,No
C15829,B,No
C15830,B,No
C15831,A,No
C15832,B,No
C15833,A,No
C15834,B,No
C15835,B,No
C15836,A,No
C15837,A,No
C15838,A,No
C15839,B,No
C15840,A,No
C15841,B,No
C15842,A,No
C15843,A,No
C15844,B,No
C15845,B,Yes
C15846,A,No
C15847,B,No
C15848,A,No
C15849,A,Yes
C15850,A,No
C15851,A,No
C15852,B,Yes
C15853,A,Yes
C15854,A,Yes
C15855,B,No
C15856,A,No
C15857,B,No
C15858,B,No
C15859,A,Yes
C15860,A,Yes
C15861,A,Yes
C15862,A,No
C15863,A,No
C15864,A,No
C15865,B,No
C15866,B,No
C15867,B,No
C15868,B,No
C15869,A,No
C15870,B,No
C15871,B,No
C15872,A,No
C15873,A,No
C15874,A,No
C15875,B,No
C15876,B,No
C15877,B,No
C15878,A,Yes
C15879,B,No
C15880,B,No
C15881,A,No
C15882,A,No
C15883,B,No
C15884,B,No
C15885,B,No
C15886,A,No
C15887,B,No
C15888,A,No
C15889,A,No
C15890,B,No
C15891,B,No
C15892,A,Yes
C15893,B,No
C15894,B,No
C15895,A,No
C15896,B,No
C15897,A,No
C15898,B,No
C15899,B,No
C15900,A,No
C15901,A,No
C15902,A,No
C15903,B,No
C15904,A,No
C15905,B,No
C15906,B,No
C15907,B,No
C15908,A,Yes
C15909,B,No
C15910,A,No
C15911,B,Yes
C15912,A,No
C15913,A,No
C15914,A,No
C15915,A,No
C15916,A,No
C15917,A,No
C15918,B,No
C15919,A,No
C15920,A,No
C15921,A,No
C15922,A,No
C15923,A,No
C15924,A,No
C15925,B,Yes
C15926,B,No
C15927,A,No
C15928,A,No
C15929,A,No
C15930,B,No
C15931,A,No
C15932,A,Yes
C15933,B,No
C15934,B,No
C15935,A,No
C15936,A,No
C15937,A,No
C15938,B,No
C15939,A,No
C15940,A,No
C15941,A,No
C15942,B,No
C15943,B,No
C15944,A,No
C15945,A,No
C15946,A,No
C15947,B,No
C15948,A,No
C15949,B,No
C15950,B,No
C15951,A,No
C15952,A,No
C15953,B,No
C15954,B,No
C15955,B,Yes
C15956,B,No
C15957,B,No
C15958,A,No
C15959,A,No
C15960,B,No
C15961,B,No
C15962,B,Yes
C15963,A,No
C15964,B,No
C15965,B,No
C15966,B,No
C15967,B,No
C15968,B,No
C15969,B,No
C15970,B,No
C15971,A,No
C15972,B,No
C15973,B,No
C15974,B,No
C15975,B,No
C15976,A,No
C15977,B,No
C15978,B,No
C15979,B,No
C15980,A,No
C15981,A,No
C15982,B,No
C15983,B,No
C15984,A,No
C15985,A,No
C15986,A,No
C15987,B,No
C15988,B,No
C15989,A,No
C15990,A,No
C15991,B,Yes
C15992,B,Yes
C15993,A,No
C15994,A,No
C15995,A,No
C15996,A,Yes
C15997,B,No
C15998,B,No
C15999,A,No
C16000,B,No
C16001,B,No
C16002,A,No
C16003,B,No
C16004,A,No
C16005,B,No
C16006,A,No
C16007,B,Yes
C16008,B,No
C16009,A,No
C16010,A,No
C16011,B,No
C16012,A,No
C16013,A,No
C16014,B,No
C16015,A,No
C16016,B,Yes
C16017,B,Yes
C16018,B,No
C16019,B,No
C16020,A,No
C16021,A,No
C16022,A,No
C16023,B,No
C16024,A,No
C16025,A,No
C16026,B,No
C16027,A,No
C16028,A,No
C16029,B,No
C16030,A,No
C16031,A,No
C16032,B,No
C16033,B,No
C16034,B,No
C16035,B,No
C16036,B,No
C16037,B,No
C16038,B,No
C16039,B,No
C16040,A,No
C16041,A,No
C16042,B,No
C16043,A,No
C16044,A,No
C16045,B,No
C16046,A,No
C16047,A,No
C16048,B,No
C16049,A,No
C16050,B,No
C16051,A,No
C16052,B,No
C16053,A,No
C16054,B,No
C16055,B,No
C16056,A,No
C16057,A,No
C16058,B,No
C16059,A,No
C16060,B,No
C16061,B,No
C16062,A,No
C16063,A,No
C16064,A,No
C16065,A,No
C16066,A,No
C16067,B,No
C16068,B,No
C16069,A,No
C16070,B,No
C16071,A,No
C16072,B,Yes
C16073,B,No
C16074,A,No
C16075,A,No
C16076,A,No
C16077,B,No
C16078,B,No
C16079,A,No
C16080,B,No
C16081,A,No
C16082,B,No
C16083,B,No
C16084,B,No
C16085,B,No
C16086,B,No
C16087,B,No
C16088,B,No
C16089,B,No
C16090,A,No
C16091,A,No
C16092,A,No
C16093,A,No
C16094,B,No
C16095,B,No
C16096,A,No
C16097,A,No
C16098,B,No
C16099,B,No
C16100,A,No
C16101,A,No
C16102,A,No
C16103,B,No
C16104,B,No
C16105,A,No
C16106,B,No
C16107,B,No
C16108,A,No
C16109,B,No
C16110,A,No
C16111,A,No
C16112,A,No
C16113,B,No
C16114,A,No
C16115,B,No
C16116,A,No
C16117,B,Yes
C16118,A,No
C16119,A,No
C16120,A,Yes
C16121,B,No
C16122,A,No
C16123,B,No
C16124,B,No
C16125,A,Yes
C16126,A,No
C16127,A,No
C16128,A,No
C16129,B,No
C16130,B,No
C16131,B,No
C16132,B,No
C16133,A,No
C16134,A,No
C16135,A,No
C16136,A,No
C16137,A,No
C16138,B,No
C16139,B,No
C16140,B,No
C16141,B,No
C16142,A,No
C16143,B,No
C16144,B,No
C16145,A,No
C16146,A,No
C16147,B,No
C16148,B,No
C16149,B,No
C16150,B,No
C16151,A,No
C16152,A,No
C16153,B,No
C16154,A,No
C16155,A,No
C16156,B,No
C16157,B,Yes
C16158,A,No
C16159,B,No
C16160,A,No
C16161,A,No
C16162,A,No
C16163,A,No
C16164,B,Yes
C16165,B,No
C16166,A,No
C16167,B,No
C16168,A,No
C16169,A,No
C16170,B,No
C16171,A,No
C16172,B,No
C16173,B,No
C16174,A,No
C16175,B,No
C16176,B,No
C16177,B,No
C16178,A,No
C16179,A,No
C16180,A,No
C16181,B,Yes
C16182,A,No
C16183,B,No
C16184,B,No
C16185,B,No
C16186,B,No
C16187,B,Yes
C16188,A,Yes
C16189,B,No
C16190,B,No
C16191,B,No
C16192,A,No
C16193,B,No
C16194,B,Yes
C16195,A,No
C16196,A,No
C16197,A,Yes
C16198,B,No
C16199,A,No
C16200,B,No
C16201,A,No
C16202,A,No
C16203,B,No
C16204,A,Yes
C16205,A,No
C16206,B,No
C16207,A,No
C16208,B,No
C16209,B,No
C16210,A,No
C16211,A,No
C16212,B,No
C16213,B,No
C16214,B,No
C16215,B,No
C16216,B,No
C16217,A,No
C16218,B,Yes
C16219,B,No
C16220,A,No
C16221,B,No
C16222,B,No
C16223,A,No
C16224,A,No
C16225,A,No
C16226,B,Yes
C16227,B,No
C16228,A,No
C16229,A,No
C16230,B,No
C16231,B,Yes
C16232,B,No
C16233,A,No
C16234,A,No
C16235,B,No
C16236,A,Yes
C16237,B,No
C16238,A,No
C16239,A,No
C16240,B,No
C16241,A,No
C16242,A,No
C16243,B,No
C16244,B,No
C16245,A,No
C16246,B,No
C16247,B,No
C16248,B,No
C16249,B,No
C16250,A,No
C16251,B,No
C16252,A,No
C16253,A,No
C16254,A,No
C16255,A,No
C16256,B,Yes
C16257,B,No
C16258,A,No
C16259,B,No
C16260,A,No
C16261,B,Yes
C16262,A,No
C16263,A,No
C16264,A,No
C16265,A,No
C16266,A,No
C16267,A,No
C16268,B,No
C16269,A,No
C16270,A,No
C16271,B,No
C16272,A,No
C16273,B,No
C16274,B,No
C16275,B,No
C16276,A,No
C16277,A,No
C16278,B,No
C16279,B,No
C16280,B,No
C16281,B,No
C16282,A,No
C16283,A,No
C16284,A,No
C16285,A,No
C16286,A,No
C16287,B,No
C16288,B,No
C16289,A,No
C16290,B,No
C16291,A,No
C16292,A,No
C16293,A,No
C16294,A,No
C16295,B,No
C16296,B,Yes
C16297,A,No
C16298,B,No
C16299,B,No
C16300,B,No
C16301,B,No
C16302,A,No
C16303,A,No
C16304,B,No
C16305,B,No
C16306,B,No
C16307,A,No
C16308,B,No
C16309,B,No
C16310,A,No
C16311,B,No
C16312,A,No
C16313,A,No
C16314,A,No
C16315,A,No
C16316,B,No
C16317,B,No
C16318,A,No
C16319,A,No
C16320,A,No
C16321,B,No
C16322,A,No
C16323,A,No
C16324,A,No
C16325,B,No
C16326,A,No
C16327,B,No
C16328,B,No
C16329,A,Yes
C16330,B,No
C16331,B,No
C16332,A,No
C16333,A,No
C16334,A,No
C16335,A,No
C16336,A,No
C16337,B,No
C16338,A,No
C16339,A,No
C16340,B,No
C16341,B,No
C16342,B,No
C16343,A,No
C16344,A,No
C16345,B,No
C16346,A,No
C16347,B,No
C16348,A,No
C16349,A,No
C16350,B,No
C16351,B,No
C16352,B,No
C16353,A,No
C16354,B,No
C16355,A,No
C16356,B,No
C16357,A,No
C16358,B,No
C16359,B,No
C16360,B,No
C16361,B,No
C16362,A,No
C16363,B,No
C16364,B,No
C16365,B,No
C16366,A,No
C16367,A,No
C16368,B,No
C16369,A,No
C16370,B,No
C16371,B,No
C16372,A,No
C16373,B,No
C16374,A,No
C16375,B,No
C16376,A,No
C16377,A,No
C16378,B,No
C16379,B,No
C16380,B,No
C16381,B,No
C16382,A,No
C16383,B,Yes
C16384,B,No
C16385,B,No
C16386,B,No
C16387,A,No
C16388,A,No
C16389,B,No
C16390,A,No
C16391,A,No
C16392,B,No
C16393,B,No
C16394,B,No
C16395,B,No
C16396,A,No
C16397,A,No
C16398,B,No
C16399,B,No
C16400,A,No
C16401,A,No
C16402,B,No
C16403,B,No
C16404,B,No
C16405,B,No
C16406,B,No
C16407,B,No
C16408,B,Yes
C16409,B,No
C16410,A,No
C16411,A,No
C16412,A,No
C16413,A,No
C16414,B,No
C16415,B,No
C16416,B,No
C16417,B,No
C16418,A,No
C16419,B,No
C16420,B,No
C16421,A,No
C16422,A,No
C16423,A,No
C16424,A,No
C16425,A,No
C16426,A,No
C16427,B,No
C16428,A,No
C16429,A,No
C16430,B,No
C16431,B,No
C16432,B,No
C16433,B,No
C16434,A,Yes
C16435,B,No
C16436,A,No
C16437,A,No
C16438,A,No
C16439,A,No
C16440,A,No
C16441,A,No
C16442,A,No
C16443,B,No
C16444,B,No
C16445,B,No
C16446,B,No
C16447,A,Yes
C16448,A,No
C16449,A,No
C16450,A,No
C16451,A,No
C16452,B,No
C16453,A,No
C16454,A,No
C16455,A,No
C16456,A,No
C16457,A,No
C16458,B,No
C16459,B,No
C16460,A,No
C16461,B,No
C16462,A,No
C16463,A,No
C16464,B,No
C16465,A,No
C16466,B,No
C16467,A,No
C16468,B,No
C16469,A,No
C16470,B,No
C16471,A,No
C16472,B,Yes
C16473,A,No
C16474,A,No
C16475,B,No
C16476,A,No
C16477,A,No
C16478,B,No
C16479,B,No
C16480,A,No
C16481,B,No
C16482,A,No
C16483,A,No
C16484,A,No
C16485,A,No
C16486,A,No
C16487,A,No
C16488,A,No
C16489,B,No
C16490,B,No
C16491,A,No
C16492,B,No
C16493,B,No
C16494,A,No
C16495,B,Yes
C16496,B,No
C16497,B,No
C16498,A,No
C16499,B,No
C16500,A,No
C16501,A,No
C16502,A,No
C16503,A,No
C16504,B,No
C16505,B,No
C16506,A,No
C16507,B,No
C16508,B,No
C16509,A,No
C16510,A,No
C16511,B,No
C16512,B,No
C16513,A,No
C16514,B,No
C16515,A,No
C16516,B,No
C16517,A,No
C16518,A,No
C16519,A,No
C16520,A,No
C16521,A,No
C16522,A,No
C16523,B,Yes
C16524,A,No
C16525,A,No
C16526,B,No
C16527,B,Yes
C16528,B,No
C16529,A,No
C16530,A,No
C16531,B,No
C16532,A,No
C16533,B,No
C16534,B,Yes
C16535,A,No
C16536,B,No
C16537,B,No
C16538,B,No
C16539,A,No
C16540,A,No
C16541,B,No
C16542,B,No
C16543,A,No
C16544,B,No
C16545,B,No
C16546,B,No
C16547,B,No
C16548,B,No
C16549,B,Yes
C16550,A,No
C16551,B,No
C16552,B,No
C16553,B,No
C16554,B,No
C16555,B,No
C16556,B,No
C16557,A,No
C16558,A,No
C16559,B,No
C16560,A,No
C16561,A,No
C16562,A,No
C16563,B,No
C16564,A,No
C16565,A,No
C16566,B,Yes
C16567,B,No
C16568,B,No
C16569,B,No
C16570,B,No
C16571,A,Yes
C16572,B,No
C16573,A,No
C16574,B,No
C16575,B,No
C16576,B,Yes
C16577,A,No
C16578,A,No
C16579,A,No
C16580,B,Yes
C16581,B,No
C16582,A,No
C16583,A,No
C16584,A,No
C16585,B,No
C16586,A,No
C16587,B,No
C16588,B,No
C16589,B,No
C16590,B,No
C16591,A,Yes
C16592,B,No
C16593,B,No
C16594,A,No
C16595,B,No
C16596,A,No
C16597,B,No
C16598,B,No
C16599,A,No
C16600,B,No
C16601,A,No
C16602,A,No
C16603,B,No
C16604,B,No
C16605,A,No
C16606,B,No
C16607,B,No
C16608,A,No
C16609,B,No
C16610,A,No
C16611,A,No
C16612,B,No
C16613,B,No
C16614,B,No
C16615,A,No
C16616,B,No
C16617,B,No
C16618,A,No
C16619,A,No
C16620,A,No
C16621,A,No
C16622,A,Yes
C16623,B,No
C16624,A,No
C16625,B,No
C16626,B,No
C16627,B,No
C16628,A,No
C16629,B,Yes
C16630,B,Yes
C16631,B,No
C16632,B,No
C16633,A,No
C16634,A,No
C16635,A,No
C16636,A,No
C16637,A,No
C16638,A,No
C16639,B,No
C16640,B,No
C16641,A,No
C16642,B,No
C16643,B,No
C16644,A,No
C16645,B,No
C16646,B,No
C16647,B,No
C16648,B,No
C16649,A,No
C16650,B,No
C16651,B,No
C16652,A,No
C16653,B,No
C16654,A,No
C16655,A,No
C16656,A,No
C16657,A,Yes
C16658,A,No
C16659,A,No
C16660,B,No
C16661,B,Yes
C16662,B,No
C16663,B,No
C16664,A,No
C16665,B,No
C16666,B,No
C16667,B,No
C16668,A,No
C16669,A,No
C16670,A,No
C16671,A,No
C16672,A,No
C16673,A,No
C16674,B,No
C16675,A,No
C16676,A,No
C16677,B,No
C16678,B,No
C16679,A,No
C16680,B,No
C16681,B,No
C16682,A,No
C16683,B,No
C16684,B,No
C16685,B,No
C16686,A,No
C16687,B,No
C16688,A,No
C16689,A,No
C16690,A,Yes
C16691,B,No
C16692,B,No
C16693,B,No
C16694,B,No
C16695,A,No
C16696,A,No
C16697,A,No
C16698,B,No
C16699,B,No
C16700,B,No
C16701,B,No
C16702,A,No
C16703,A,No
C16704,B,No
C16705,A,Yes
C16706,B,Yes
C16707,B,No
C16708,A,Yes
C16709,A,No
C16710,A,No
C16711,A,No
C16712,A,No
C16713,A,No
C16714,A,No
C16715,A,No
C16716,B,No
C16717,A,No
C16718,B,No
C16719,A,No
C16720,A,No
C16721,B,No
C16722,A,No
C16723,A,Yes
C16724,A,No
C16725,B,Yes
C16726,B,No
C16727,A,No
C16728,A,No
C16729,B,No
C16730,A,No
C16731,A,No
C16732,A,No
C16733,A,No
C16734,B,Yes
C16735,A,No
C16736,B,No
C16737,A,No
C16738,A,No
C16739,A,No
C16740,B,No
C16741,A,No
C16742,B,No
C16743,A,No
C16744,B,No
C16745,A,Yes
C16746,A,No
C16747,B,No
C16748,A,No
C16749,B,No
C16750,B,No
C16751,B,No
C16752,B,No
C16753,A,No
C16754,B,No
C16755,B,No
C16756,A,No
C16757,B,No
C16758,B,No
C16759,B,No
C16760,B,No
C16761,A,No
C16762,A,No
C16763,A,No
C16764,B,No
C16765,B,No
C16766,B,No
C16767,A,No
C16768,B,No
C16769,B,No
C16770,B,No
C16771,A,Yes
C16772,B,No
C16773,A,No
C16774,B,No
C16775,B,No
C16776,B,No
C16777,A,No
C16778,A,No
C16779,B,No
C16780,A,No
C16781,A,No
C16782,A,No
C16783,B,No
C16784,A,No
C16785,A,No
C16786,B,No
C16787,A,No
C16788,A,No
C16789,A,No
C16790,B,No
C16791,B,Yes
C16792,A,No
C16793,A,No
C16794,B,No
C16795,A,No
C16796,B,No
C16797,B,No
C16798,A,No
C16799,B,No
C16800,A,No
C16801,A,No
C16802,B,No
C16803,A,No
C16804,A,No
C16805,B,No
C16806,A,No
C16807,B,No
C16808,B,No
C16809,A,No
C16810,B,No
C16811,A,No
C16812,A,No
C16813,B,No
C16814,A,No
C16815,A,No
C16816,B,No
C16817,B,Yes
C16818,B,No
C16819,B,No
C16820,A,No
C16821,B,No
C16822,B,No
C16823,B,No
C16824,A,No
C16825,A,No
C16826,A,No
C16827,B,No
C16828,B,Yes
C16829,A,No
C16830,B,Yes
C16831,B,No
C16832,B,No
C16833,B,No
C16834,A,No
C16835,A,No
C16836,A,No
C16837,B,No
C16838,A,No
C16839,A,No
C16840,A,No
C16841,A,No
C16842,B,No
C16843,A,No
C16844,A,Yes
C16845,A,No
C16846,B,No
C16847,A,No
C16848,B,No
C16849,B,No
C16850,A,No
C16851,A,No
C16852,A,No
C16853,B,No
C16854,A,No
C16855,A,Yes
C16856,B,Yes
C16857,A,No
C16858,A,No
C16859,A,Yes
C16860,A,No
C16861,A,No
C16862,B,No
C16863,B,No
C16864,A,No
C16865,A,No
C16866,B,No
C16867,B,No
C16868,A,No
C16869,A,Yes
C16870,A,No
C16871,A,No
C16872,B,No
C16873,B,No
C16874,B,No
C16875,A,No
C16876,A,No
C16877,B,No
C16878,A,No
C16879,A,No
C16880,B,No
C16881,A,No
C16882,A,No
C16883,B,No
C16884,A,Yes
C16885,B,No
C16886,B,No
C16887,B,No
C16888,A,No
C16889,A,No
C16890,B,No
C16891,A,No
C16892,B,No
C16893,B,No
C16894,A,No
C16895,A,No
C16896,B,Yes
C16897,A,No
C16898,B,No
C16899,A,No
C16900,A,No
C16901,A,No
C16902,A,No
C16903,B,No
C16904,A,No
C16905,A,No
C16906,A,No
C16907,B,No
C16908,A,Yes
C16909,A,Yes
C16910,B,Yes
C16911,A,Yes
C16912,A,No
C16913,B,No
C16914,A,No
C16915,A,No
C16916,A,No
C16917,A,No
C16918,A,Yes
C16919,B,No
C16920,A,No
C16921,A,No
C16922,A,No
C16923,A,No
C16924,A,Yes
C16925,A,No
C16926,A,No
C16927,A,No
C16928,B,No
C16929,A,No
C16930,B,No
C16931,B,No
C16932,B,No
C16933,A,No
C16934,B,No
C16935,B,No
C16936,B,No
C16937,A,No
C16938,A,No
C16939,A,No
C16940,A,No
C16941,B,No
C16942,A,No
C16943,B,No
C16944,B,No
C16945,B,Yes
C16946,A,Yes
C16947,B,No
C16948,B,No
C16949,A,No
C16950,B,Yes
C16951,B,No
C16952,B,No
C16953,A,No
C16954,A,No
C16955,A,No
C16956,B,No
C16957,A,No
C16958,A,No
C16959,A,No
C16960,A,No
C16961,B,Yes
C16962,A,No
C16963,B,No
C16964,B,No
C16965,B,No
C16966,A,No
C16967,A,No
C16968,A,No
C16969,A,No
C16970,A,No
C16971,B,No
C16972,B,No
C16973,B,No
C16974,B,Yes
C16975,B,No
C16976,B,No
C16977,A,No
C16978,B,No
C16979,A,No
C16980,B,No
C16981,A,No
C16982,A,No
C16983,B,No
C16984,B,No
C16985,B,No
C16986,A,No
C16987,B,No
C16988,A,No
C16989,B,No
C16990,A,No
C16991,A,No
C16992,A,No
C16993,B,No
C16994,B,No
C16995,B,No
C16996,B,No
C16997,A,No
C16998,A,No
C16999,A,No
C17000,A,No
C17001,A,No
C17002,A,No
C17003,B,No
C17004,B,No
C17005,B,No
C17006,B,No
C17007,B,No
C17008,A,No
C17009,A,No
C17010,A,No
C17011,A,No
C17012,A,No
C17013,A,No
C17014,A,No
C17015,A,No
C17016,B,No
C17017,B,No
C17018,B,No
C17019,B,No
C17020,A,No
C17021,A,No
C17022,A,No
C17023,A,No
C17024,A,No
C17025,A,No
C17026,B,No
C17027,B,No
C17028,B,No
C17029,A,No
C17030,B,No
C17031,B,Yes
C17032,A,No
C17033,A,No
C17034,A,No
C17035,A,No
C17036,B,No
C17037,A,No
C17038,A,Yes
C17039,A,No
C17040,B,No
C17041,A,No
C17042,B,No
C17043,A,No
C17044,B,No
C17045,B,No
C17046,A,No
C17047,A,No
C17048,A,No
C17049,B,No
C17050,A,No
C17051,A,No
C17052,A,No
C17053,A,No
C17054,B,No
C17055,A,No
C17056,B,No
C17057,B,No
C17058,A,No
C17059,A,Yes
C17060,A,No
C17061,A,No
C17062,A,No
C17063,A,No
C17064,B,No
C17065,B,Yes
C17066,B,No
C17067,A,No
C17068,B,No
C17069,A,No
C17070,B,No
C17071,B,No
C17072,A,No
C17073,B,No
C17074,A,No
C17075,B,No
C17076,A,No
C17077,B,No
C17078,A,No
C17079,B,No
C17080,B,No
C17081,A,No
C17082,A,No
C17083,B,No
C17084,A,Yes
C17085,B,No
C17086,A,No
C17087,B,No
C17088,A,No
C17089,B,No
C17090,A,No
C17091,B,No
C17092,A,No
C17093,B,No
C17094,A,No
C17095,A,No
C17096,A,No
C17097,A,No
C17098,A,No
C17099,B,No
C17100,B,No
C17101,B,Yes
C17102,A,No
C17103,A,No
C17104,A,No
C17105,B,No
C17106,A,No
C17107,A,No
C17108,B,No
C17109,B,No
C17110,A,No
C17111,B,No
C17112,A,No
C17113,A,No
C17114,B,No
C17115,B,No
C17116,A,No
C17117,B,No
C17118,B,No
C17119,B,No
C17120,A,No
C17121,B,No
C17122,A,No
C17123,A,No
C17124,B,No
C17125,A,No
C17126,A,No
C17127,B,No
C17128,A,No
C17129,A,No
C17130,A,No
C17131,B,No
C17132,B,No
C17133,B,No
C17134,B,No
C17135,A,No
C17136,B,No
C17137,B,Yes
C17138,A,No
C17139,B,No
C17140,A,No
C17141,B,No
C17142,A,No
C17143,B,No
C17144,B,No
C17145,A,No
C17146,A,No
C17147,A,No
C17148,A,No
C17149,A,No
C17150,A,No
C17151,B,No
C17152,B,No
C17153,A,No
C17154,A,No
C17155,A,No
C17156,B,No
C17157,B,No
C17158,A,No
C17159,A,No
C17160,A,No
C17161,A,No
C17162,B,No
C17163,B,No
C17164,B,No
C17165,B,No
C17166,B,No
C17167,A,No
C17168,B,No
C17169,A,No
C17170,A,No
C17171,B,Yes
C17172,A,No
C17173,B,No
C17174,A,No
C17175,B,No
C17176,A,No
C17177,A,No
C17178,B,No
C17179,B,No
C17180,A,No
C17181,B,Yes
C17182,A,No
C17183,A,Yes
C17184,B,No
C17185,A,No
C17186,A,No
C17187,A,No
C17188,B,No
C17189,A,No
C17190,A,No
C17191,B,No
C17192,A,No
C17193,A,No
C17194,A,No
C17195,B,No
C17196,B,No
C17197,A,No
C17198,A,No
C17199,B,No
C17200,A,No
C17201,B,No
C17202,A,No
C17203,A,No
C17204,B,No
C17205,B,No
C17206,B,No
C17207,A,Yes
C17208,A,No
C17209,B,No
C17210,A,No
C17211,A,Yes
C17212,A,No
C17213,B,No
C17214,B,Yes
C17215,A,No
C17216,A,No
C17217,A,No
C17218,B,No
C17219,B,No
C17220,A,No
C17221,B,No
C17222,A,No
C17223,A,No
C17224,A,No
C17225,B,No
C17226,A,No
C17227,B,No
C17228,A,No
C17229,B,No
C17230,A,No
C17231,A,No
C17232,A,No
C17233,A,Yes
C17234,B,No
C17235,A,No
C17236,B,No
C17237,A,No
C17238,A,No
C17239,A,No
C17240,B,No
C17241,A,No
C17242,A,Yes
C17243,B,No
C17244,A,No
C17245,B,No
C17246,A,No
C17247,A,No
C17248,A,No
C17249,B,No
C17250,A,Yes
C17251,A,No
C17252,B,No
C17253,A,No
C17254,B,No
C17255,A,No
C17256,B,No
C17257,B,No
C17258,B,No
C17259,A,No
C17260,B,No
C17261,B,No
C17262,A,No
C17263,B,No
C17264,B,No
C17265,B,No
C17266,B,No
C17267,B,Yes
C17268,A,No
C17269,B,No
C17270,B,No
C17271,B,No
C17272,A,No
C17273,B,No
C17274,A,No
C17275,B,No
C17276,B,No
C17277,A,No
C17278,B,No
C17279,A,No
C17280,B,No
C17281,A,No
C17282,A,No
C17283,B,No
C17284,B,No
C17285,B,No
C17286,B,No
C17287,A,No
C17288,A,No
C17289,A,No
C17290,A,No
C17291,A,No
C17292,A,No
C17293,A,No
C17294,B,No
C17295,A,Yes
C17296,B,No
C17297,B,No
C17298,A,No
C17299,B,No
C17300,A,No
C17301,B,No
C17302,B,No
C17303,B,No
C17304,A,No
C17305,B,No
C17306,B,No
C17307,B,No
C17308,B,No
C17309,A,No
C17310,A,No
C17311,A,No
C17312,A,No
C17313,A,No
C17314,B,No
C17315,A,No
C17316,B,Yes
C17317,B,No
C17318,B,No
C17319,A,No
C17320,A,No
C17321,B,No
C17322,A,No
C17323,A,No
C17324,A,Yes
C17325,A,No
C17326,A,No
C17327,A,No
C17328,A,Yes
C17329,A,No
C17330,B,No
C17331,B,No
C17332,B,No
C17333,B,No
C17334,A,No
C17335,A,No
C17336,A,No
C17337,A,No
C17338,B,Yes
C17339,B,No
C17340,B,No
C17341,A,No
C17342,A,Yes
C17343,B,No
C17344,A,No
C17345,B,No
C17346,B,No
C17347,B,No
C17348,A,No
C17349,A,No
C17350,A,No
C17351,A,No
C17352,A,No
C17353,A,No
C17354,A,No
C17355,B,No
C17356,A,No
C17357,B,No
C17358,B,No
C17359,B,No
C17360,B,No
C17361,A,No
C17362,A,No
C17363,A,No
C17364,A,No
C17365,A,No
C17366,A,No
C17367,A,No
C17368,A,No
C17369,B,No
C17370,B,No
C17371,B,No
C17372,A,No
C17373,B,No
C17374,B,No
C17375,A,No
C17376,B,No
C17377,B,No
C17378,B,No
C17379,A,No
C17380,B,No
C17381,B,Yes
C17382,B,No
C17383,B,Yes
C17384,A,No
C17385,B,No
C17386,B,No
C17387,B,No
C17388,A,No
C17389,A,No
C17390,B,No
C17391,A,No
C17392,A,No
C17393,B,Yes
C17394,B,No
C17395,A,No
C17396,B,No
C17397,A,No
C17398,A,No
C17399,A,No
C17400,B,No
C17401,A,No
C17402,B,No
C17403,B,No
C17404,A,No
C17405,A,No
C17406,A,No
C17407,B,No
C17408,A,No
C17409,A,No
C17410,B,No
C17411,B,No
C17412,A,No
C17413,A,Yes
C17414,B,No
C17415,A,No
C17416,A,No
C17417,A,No
C17418,A,Yes
C17419,B,No
C17420,A,No
C17421,A,No
C17422,A,No
C17423,B,No
C17424,B,No
C17425,A,No
C17426,B,No
C17427,B,No
C17428,B,No
C17429,B,No
C17430,A,No
C17431,B,No
C17432,A,No
C17433,A,Yes
C17434,B,No
C17435,A,No
C17436,B,No
C17437,A,No
C17438,A,Yes
C17439,B,No
C17440,B,No
C17441,B,No
C17442,B,No
C17443,A,Yes
C17444,B,No
C17445,B,No
C17446,A,No
C17447,A,No
C17448,B,No
C17449,B,No
C17450,A,Yes
C17451,A,No
C17452,B,No
C17453,A,No
C17454,A,No
C17455,B,No
C17456,B,No
C17457,A,No
C17458,A,No
C17459,B,No
C17460,B,No
C17461,B,No
C17462,A,No
C17463,B,No
C17464,B,No
C17465,A,No
C17466,B,No
C17467,A,No
C17468,A,No
C17469,A,No
C17470,A,No
C17471,A,No
C17472,B,No
C17473,A,No
C17474,B,No
C17475,A,No
C17476,A,No
C17477,B,No
C17478,A,No
C17479,A,No
C17480,A,No
C17481,B,No
C17482,A,No
C17483,B,Yes
C17484,A,No
C17485,B,No
C17486,B,No
C17487,B,No
C17488,A,No
C17489,A,No
C17490,B,Yes
C17491,A,No
C17492,A,No
C17493,B,No
C17494,A,No
C17495,A,No
C17496,A,No
C17497,B,No
C17498,B,No
C17499,A,Yes
C17500,B,No
C17501,B,No
C17502,A,Yes
C17503,A,No
C17504,A,No
C17505,B,No
C17506,A,No
C17507,A,No
C17508,B,Yes
C17509,A,No
C17510,B,No
C17511,B,No
C17512,B,No
C17513,A,No
C17514,A,No
C17515,A,No
C17516,A,No
C17517,B,No
C17518,A,No
C17519,A,No
C17520,A,No
C17521,B,No
C17522,A,No
C17523,B,No
C17524,A,No
C17525,A,No
C17526,B,No
C17527,A,No
C17528,A,No
C17529,B,No
C17530,B,No
C17531,B,Yes
C17532,A,No
C17533,B,No
C17534,B,No
C17535,A,No
C17536,B,No
C17537,B,No
C17538,B,No
C17539,A,No
C17540,A,No
C17541,A,No
C17542,A,No
C17543,B,No
C17544,A,No
C17545,A,No
C17546,A,Yes
C17547,A,No
C17548,A,No
C17549,B,No
C17550,B,No
C17551,A,No
C17552,A,No
C17553,A,No
C17554,B,No
C17555,A,No
C17556,A,Yes
C17557,B,No
C17558,A,No
C17559,B,No
C17560,A,No
C17561,B,No
C17562,B,No
C17563,B,No
C17564,A,No
C17565,B,No
C17566,B,No
C17567,B,No
C17568,B,Yes
C17569,A,No
C17570,B,No
C17571,A,No
C17572,A,No
C17573,A,No
C17574,A,No
C17575,B,No
C17576,B,No
C17577,B,No
C17578,B,No
C17579,B,No
C17580,A,No
C17581,A,No
C17582,A,No
C17583,A,No
C17584,A,No
C17585,A,No
C17586,B,No
C17587,B,No
C17588,A,Yes
C17589,B,No
C17590,A,No
C17591,B,No
C17592,B,Yes
C17593,B,No
C17594,A,No
C17595,A,No
C17596,A,No
C17597,B,No
C17598,A,No
C17599,A,No
C17600,B,No
C17601,A,No
C17602,A,No
C17603,B,No
C17604,B,No
C17605,A,No
C17606,A,No
C17607,A,No
C17608,A,No
C17609,A,No
C17610,A,No
C17611,A,No
C17612,A,No
C17613,B,No
C17614,B,No
C17615,A,No
C17616,A,No
C17617,B,No
C17618,B,No
C17619,B,No
C17620,B,Yes
C17621,B,No
C17622,A,No
C17623,B,No
C17624,B,No
C17625,A,No
C17626,A,No
C17627,B,No
C17628,B,No
C17629,A,No
C17630,A,No
C17631,A,No
C17632,A,No
C17633,B,No
C17634,A,No
C17635,B,No
C17636,B,Yes
C17637,A,No
C17638,A,No
C17639,A,No
C17640,B,No
C17641,A,No
C17642,A,No
C17643,B,No
C17644,B,No
C17645,B,Yes
C17646,A,No
C17647,B,No
C17648,A,No
C17649,A,Yes
C17650,B,No
C17651,B,No
C17652,A,No
C17653,B,No
C17654,B,No
C17655,A,No
C17656,B,No
C17657,A,No
C17658,A,No
C17659,A,No
C17660,B,No
C17661,A,No
C17662,A,No
C17663,A,No
C17664,B,No
C17665,A,No
C17666,A,No
C17667,B,No
C17668,A,No
C17669,A,No
C17670,B,No
C17671,B,No
C17672,B,No
C17673,A,No
C17674,B,No
C17675,A,No
C17676,A,No
C17677,B,No
C17678,A,No
C17679,A,No
C17680,B,No
C17681,B,No
C17682,A,No
C17683,A,No
C17684,A,No
C17685,B,No
C17686,B,No
C17687,B,No
C17688,B,No
C17689,A,No
C17690,A,No
C17691,B,No
C17692,A,No
C17693,B,Yes
C17694,B,No
C17695,B,No
C17696,A,Yes
C17697,A,No
C17698,A,No
C17699,B,No
C17700,A,No
C17701,B,No
C17702,B,No
C17703,B,No
C17704,B,No
C17705,A,No
C17706,A,No
C17707,B,No
C17708,B,No
C17709,B,No
C17710,A,No
C17711,A,No
C17712,B,No
C17713,B,No
C17714,B,No
C17715,B,No
C17716,B,No
C17717,B,Yes
C17718,A,No
C17719,B,Yes
C17720,A,No
C17721,A,No
C17722,A,No
C17723,A,No
C17724,A,Yes
C17725,B,No
C17726,B,No
C17727,B,No
C17728,A,No
C17729,A,No
C17730,B,No
C17731,A,No
C17732,B,No
C17733,A,No
C17734,A,No
C17735,B,No
C17736,B,No
C17737,B,No
C17738,A,No
C17739,B,No
C17740,A,No
C17741,B,No
C17742,A,No
C17743,B,No
C17744,B,No
C17745,A,No
C17746,A,No
C17747,B,No
C17748,B,No
C17749,B,No
C17750,B,No
C17751,B,No
C17752,A,No
C17753,A,No
C17754,A,Yes
C17755,B,No
C17756,B,No
C17757,A,No
C17758,B,No
C17759,A,No
C17760,A,No
C17761,B,No
C17762,A,No
C17763,A,No
C17764,B,No
C17765,B,No
C17766,A,No
C17767,A,No
C17768,B,No
C17769,A,No
C17770,B,No
C17771,A,No
C17772,A,No
C17773,B,No
C17774,B,No
C17775,B,No
C17776,B,No
C17777,B,No
C17778,B,No
C17779,A,No
C17780,A,No
C17781,A,No
C17782,B,No
C17783,B,No
C17784,A,No
C17785,B,No
C17786,B,No
C17787,A,No
C17788,B,No
C17789,B,No
C17790,A,No
C17791,A,No
C17792,A,No
C17793,A,No
C17794,A,No
C17795,B,No
C17796,A,No
C17797,A,No
C17798,B,No
C17799,A,No
C17800,B,Yes
C17801,A,No
C17802,A,No
C17803,A,No
C17804,B,No
C17805,B,No
C17806,B,No
C17807,B,No
C17808,A,No
C17809,A,Yes
C17810,B,No
C17811,B,No
C17812,A,No
C17813,A,No
C17814,B,No
C17815,A,No
C17816,B,No
C17817,A,No
C17818,A,No
C17819,B,No
C17820,B,No
C17821,B,Yes
C17822,B,No
C17823,A,No
C17824,A,No
C17825,A,No
C17826,B,No
C17827,B,Yes
C17828,A,No
C17829,B,No
C17830,A,No
C17831,A,No
C17832,A,No
C17833,A,No
C17834,A,No
C17835,B,No
C17836,A,No
C17837,A,No
C17838,A,No
C17839,B,No
C17840,A,No
C17841,B,No
C17842,B,Yes
C17843,A,No
C17844,A,No
C17845,B,No
C17846,A,No
C17847,B,No
C17848,A,No
C17849,A,No
C17850,A,No
C17851,B,No
C17852,A,No
C17853,B,No
C17854,B,No
C17855,B,No
C17856,B,No
C17857,A,No
C17858,A,No
C17859,B,No
C17860,A,No
C17861,B,No
C17862,A,No
C17863,A,No
C17864,A,No
C17865,B,No
C17866,A,No
C17867,B,No
C17868,A,Yes
C17869,A,No
C17870,A,No
C17871,B,No
C17872,B,Yes
C17873,B,No
C17874,B,No
C17875,B,No
C17876,B,No
C17877,B,No
C17878,A,No
C17879,B,No
C17880,A,No
C17881,A,No
C17882,B,No
C17883,A,No
C17884,B,No
C17885,B,Yes
C17886,B,No
C17887,B,No
C17888,A,No
C17889,A,No
C17890,A,No
C17891,B,No
C17892,A,No
C17893,A,No
C17894,B,No
C17895,B,No
C17896,A,No
C17897,A,No
C17898,B,No
C17899,B,No
C17900,A,No
C17901,A,No
C17902,A,No
C17903,A,No
C17904,A,No
C17905,B,No
C17906,B,No
C17907,B,No
C17908,A,No
C17909,B,No
C17910,B,No
C17911,B,No
C17912,B,Yes
C17913,B,No
C17914,A,No
C17915,A,No
C17916,B,No
C17917,B,No
C17918,A,No
C17919,A,No
C17920,B,No
C17921,B,No
C17922,A,Yes
C17923,B,No
C17924,A,No
C17925,B,No
C17926,A,No
C17927,B,No
C17928,B,No
C17929,A,Yes
C17930,A,No
C17931,A,No
C17932,A,No
C17933,B,No
C17934,B,No
C17935,B,No
C17936,B,No
C17937,A,No
C17938,A,Yes
C17939,A,No
C17940,A,No
C17941,B,No
C17942,B,No
C17943,B,No
C17944,A,No
C17945,A,No
C17946,A,No
C17947,A,No
C17948,A,No
C17949,B,No
C17950,B,No
C17951,B,No
C17952,A,No
C17953,A,No
C17954,A,No
C17955,A,No
C17956,B,No
C17957,A,No
C17958,A,No
C17959,B,No
C17960,B,No
C17961,A,No
C17962,B,Yes
C17963,B,No
C17964,A,No
C17965,B,No
C17966,A,No
C17967,B,No
C17968,B,No
C17969,A,No
C17970,A,No
C17971,B,No
C17972,A,No
C17973,B,No
C17974,A,No
C17975,A,No
C17976,A,No
C17977,A,Yes
C17978,B,No
C17979,A,No
C17980,B,Yes
C17981,B,No
C17982,B,No
C17983,B,No
C17984,A,No
C17985,A,No
C17986,A,No
C17987,B,No
C17988,B,No
C17989,B,No
C17990,A,No
C17991,B,No
C17992,B,No
C17993,A,No
C17994,B,No
C17995,B,No
C17996,A,No
C17997,B,No
C17998,A,No
C17999,B,No
C18000,A,No
C18001,A,No
C18002,B,No
C18003,B,No
C18004,A,No
C18005,B,No
C18006,A,No
C18007,B,No
C18008,B,No
C18009,B,No
C18010,B,Yes
C18011,A,No
C18012,B,No
C18013,B,No
C18014,A,No
C18015,A,Yes
C18016,B,No
C18017,A,No
C18018,B,No
C18019,A,No
C18020,B,No
C18021,B,No
C18022,A,No
C18023,B,No
C18024,A,No
C18025,B,No
C18026,A,No
C18027,B,No
C18028,B,No
C18029,B,No
C18030,A,No
C18031,B,No
C18032,B,No
C18033,A,No
C18034,A,No
C18035,B,No
C18036,A,No
C18037,A,No
C18038,B,No
C18039,A,No
C18040,B,No
C18041,B,No
C18042,A,No
C18043,A,No
C18044,A,No
C18045,A,No
C18046,B,No
C18047,B,No
C18048,B,No
C18049,A,No
C18050,A,No
C18051,A,No
C18052,B,No
C18053,B,No
C18054,A,Yes
C18055,A,No
C18056,B,No
C18057,A,No
C18058,A,No
C18059,B,No
C18060,B,No
C18061,A,No
C18062,A,No
C18063,A,No
C18064,B,No
C18065,B,No
C18066,A,No
C18067,A,No
C18068,A,No
C18069,A,No
C18070,B,No
C18071,B,No
C18072,A,No
C18073,A,No
C18074,A,No
C18075,A,No
C18076,B,No
C18077,A,No
C18078,A,No
C18079,B,No
C18080,A,No
C18081,A,No
C18082,A,No
C18083,A,No
C18084,A,No
C18085,B,No
C18086,B,No
C18087,B,No
C18088,A,No
C18089,B,No
C18090,A,No
C18091,B,No
C18092,A,No
C18093,B,No
C18094,A,No
C18095,A,No
C18096,A,No
C18097,A,No
C18098,B,No
C18099,A,No
C18100,B,No
C18101,B,No
C18102,A,No
C18103,A,No
C18104,A,No
C18105,B,No
C18106,A,No
C18107,B,No
C18108,A,Yes
C18109,A,No
C18110,B,No
C18111,A,No
C18112,B,No
C18113,B,No
C18114,A,No
C18115,A,No
C18116,A,Yes
C18117,B,No
C18118,B,No
C18119,B,No
C18120,A,No
C18121,B,No
C18122,A,No
C18123,A,No
C18124,B,No
C18125,A,No
C18126,A,No
C18127,A,Yes
C18128,B,No
C18129,A,No
C18130,B,Yes
C18131,B,No
C18132,B,No
C18133,B,No
C18134,A,No
C18135,B,No
C18136,A,No
C18137,A,No
C18138,A,No
C18139,B,No
C18140,A,No
C18141,B,No
C18142,A,No
C18143,B,No
C18144,B,No
C18145,A,No
C18146,A,No
C18147,A,No
C18148,A,No
C18149,B,No
C18150,A,No
C18151,A,No
C18152,B,No
C18153,A,No
C18154,A,No
C18155,B,No
C18156,A,No
C18157,B,No
C18158,A,No
C18159,B,No
C18160,B,No
C18161,B,No
C18162,A,No
C18163,B,No
C18164,A,No
C18165,B,No
C18166,B,No
C18167,B,No
C18168,A,No
C18169,A,No
C18170,B,No
C18171,A,No
C18172,B,No
C18173,A,No
C18174,A,Yes
C18175,B,No
C18176,A,No
C18177,A,No
C18178,B,No
C18179,B,No
C18180,B,Yes
C18181,A,No
C18182,A,No
C18183,B,No
C18184,B,No
C18185,B,No
C18186,A,No
C18187,A,No
C18188,A,No
C18189,B,Yes
C18190,A,No
C18191,A,No
C18192,A,No
C18193,A,No
C18194,A,No
C18195,B,No
C18196,B,No
C18197,A,No
C18198,A,No
C18199,A,No
C18200,B,No
C18201,A,No
C18202,B,No
C18203,B,No
C18204,B,No
C18205,A,No
C18206,A,No
C18207,B,No
C18208,B,No
C18209,B,No
C18210,B,No
C18211,A,No
C18212,A,No
C18213,A,No
C18214,A,No
C18215,A,No
C18216,B,No
C18217,A,No
C18218,A,No
C18219,A,No
C18220,A,No
C18221,A,No
C18222,B,No
C18223,B,No
C18224,B,No
C18225,A,No
C18226,A,No
C18227,A,No
C18228,A,Yes
C18229,B,No
C18230,A,No
C18231,A,No
C18232,A,No
C18233,A,No
C18234,B,No
C18235,B,No
C18236,B,No
C18237,A,No
C18238,A,No
C18239,A,No
C18240,B,No
C18241,B,No
C18242,B,No
C18243,A,No
C18244,A,No
C18245,B,No
C18246,A,No
C18247,B,No
C18248,A,No
C18249,B,No
C18250,A,No
C18251,A,No
C18252,A,Yes
C18253,B,No
C18254,B,No
C18255,B,No
C18256,B,No
C18257,A,No
C18258,B,No
C18259,A,No
C18260,B,No
C18261,A,No
C18262,B,No
C18263,B,No
C18264,B,No
C18265,B,No
C18266,A,No
C18267,B,No
C18268,B,No
C18269,A,No
C18270,A,No
C18271,A,No
C18272,B,Yes
C18273,B,No
C18274,A,No
C18275,B,No
C18276,A,No
C18277,A,No
C18278,B,No
C18279,A,No
C18280,A,No
C18281,A,No
C18282,B,Yes
C18283,B,No
C18284,B,No
C18285,A,Yes
C18286,B,No
C18287,B,No
C18288,A,No
C18289,B,No
C18290,A,No
C18291,B,No
C18292,B,No
C18293,A,No
C18294,B,No
C18295,B,No
C18296,B,No
C18297,A,No
C18298,B,No
C18299,A,No
C18300,B,No
C18301,B,No
C18302,B,No
C18303,B,No
C18304,A,No
C18305,A,No
C18306,B,No
C18307,B,No
C18308,B,No
C18309,A,No
C18310,B,No
C18311,B,No
C18312,A,No
C18313,A,No
C18314,A,No
C18315,A,No
C18316,B,No
C18317,B,No
C18318,B,No
C18319,B,No
C18320,A,No
C18321,B,No
C18322,A,No
C18323,A,No
C18324,A,No
C18325,A,No
C18326,A,No
C18327,B,Yes
C18328,B,No
C18329,A,No
C18330,B,No
C18331,B,No
C18332,B,No
C18333,A,No
C18334,A,No
C18335,B,No
C18336,B,No
C18337,B,No
C18338,B,No
C18339,B,No
C18340,A,No
C18341,A,No
C18342,B,No
C18343,A,No
C18344,B,No
C18345,B,No
C18346,A,No
C18347,A,No
C18348,B,No
C18349,B,No
C18350,B,No
C18351,B,No
C18352,A,No
C18353,B,Yes
C18354,A,No
C18355,B,No
C18356,B,No
C18357,B,No
C18358,A,No
C18359,B,Yes
C18360,A,No
C18361,A,No
C18362,A,No
C18363,B,No
C18364,A,No
C18365,B,No
C18366,B,Yes
C18367,B,No
C18368,A,No
C18369,A,No
C18370,B,Yes
C18371,A,Yes
C18372,A,No
C18373,A,Yes
C18374,B,No
C18375,B,No
C18376,A,No
C18377,A,No
C18378,B,No
C18379,B,No
C18380,B,Yes
C18381,A,No
C18382,B,No
C18383,A,No
C18384,A,No
C18385,A,No
C18386,B,No
C18387,B,No
C18388,A,No
C18389,B,No
C18390,B,No
C18391,A,No
C18392,A,No
C18393,B,No
C18394,B,No
C18395,B,No
C18396,B,No
C18397,A,No
C18398,B,No
C18399,A,No
C18400,B,No
C18401,B,No
C18402,B,No
C18403,B,Yes
C18404,A,No
C18405,B,No
C18406,B,Yes
C18407,B,No
C18408,A,No
C18409,A,No
C18410,A,No
C18411,B,No
C18412,A,No
C18413,A,No
C18414,B,No
C18415,A,No
C18416,A,No
C18417,B,No
C18418,B,No
C18419,B,No
C18420,A,No
C18421,B,No
C18422,A,No
C18423,B,No
C18424,A,No
C18425,B,No
C18426,A,No
C18427,A,No
C18428,A,No
C18429,A,No
C18430,A,No
C18431,B,No
C18432,B,No
C18433,B,No
C18434,A,Yes
C18435,A,No
C18436,B,No
C18437,B,No
C18438,B,No
C18439,A,No
C18440,A,No
C18441,A,No
C18442,A,No
C18443,A,No
C18444,B,No
C18445,A,No
C18446,A,No
C18447,A,No
C18448,B,No
C18449,A,No
C18450,A,No
C18451,A,No
C18452,A,No
C18453,B,No
C18454,B,No
C18455,B,No
C18456,A,No
C18457,B,No
C18458,B,No
C18459,B,No
C18460,A,No
C18461,A,No
C18462,A,No
C18463,A,No
C18464,A,No
C18465,A,No
C18466,B,No
C18467,B,No
C18468,B,No
C18469,B,No
C18470,B,No
C18471,A,No
C18472,B,No
C18473,B,No
C18474,A,No
C18475,B,No
C18476,B,No
C18477,B,Yes
C18478,B,No
C18479,B,Yes
C18480,B,No
C18481,A,No
C18482,B,No
C18483,B,No
C18484,B,Yes
C18485,A,No
C18486,A,No
C18487,A,No
C18488,A,No
C18489,A,No
C18490,B,No
C18491,A,No
C18492,B,No
C18493,A,No
C18494,B,No
C18495,A,No
C18496,B,No
C18497,B,No
C18498,A,No
C18499,B,No
C18500,B,No
C18501,B,No
C18502,B,No
C18503,B,No
C18504,A,No
C18505,A,No
C18506,B,No
C18507,B,No
C18508,B,No
C18509,B,No
C18510,A,No
C18511,B,No
C18512,B,Yes
C18513,A,No
C18514,A,No
C18515,A,No
C18516,A,No
C18517,B,No
C18518,A,No
C18519,B,No
C18520,B,No
C18521,B,No
C18522,A,Yes
C18523,A,No
C18524,B,No
C18525,B,No
C18526,B,No
C18527,B,No
C18528,A,No
C18529,B,No
C18530,B,No
C18531,A,No
C18532,B,No
C18533,A,No
C18534,B,No
C18535,B,Yes
C18536,A,No
C18537,B,No
C18538,B,No
C18539,B,No
C18540,A,No
C18541,A,No
C18542,A,No
C18543,A,No
C18544,B,No
C18545,B,No
C18546,B,No
C18547,B,No
C18548,B,No
C18549,B,Yes
C18550,A,No
C18551,B,No
C18552,A,No
C18553,A,No
C18554,A,No
C18555,B,No
C18556,A,No
C18557,A,No
C18558,B,No
C18559,B,Yes
C18560,A,Yes
C18561,B,No
C18562,B,No
C18563,A,No
C18564,B,No
C18565,A,No
C18566,A,No
C18567,B,No
C18568,B,No
C18569,A,No
C18570,B,No
C18571,A,No
C18572,A,No
C18573,B,No
C18574,A,No
C18575,B,No
C18576,B,No
C18577,B,Yes
C18578,B,No
C18579,B,No
C18580,B,Yes
C18581,A,No
C18582,B,Yes
C18583,B,No
C18584,B,No
C18585,B,No
C18586,B,No
C18587,B,Yes
C18588,B,No
C18589,A,No
C18590,B,No
C18591,B,No
C18592,B,Yes
C18593,B,No
C18594,B,No
C18595,A,No
C18596,B,No
C18597,A,No
C18598,B,No
C18599,A,No
C18600,A,No
C18601,A,No
C18602,B,No
C18603,A,No
C18604,A,No
C18605,A,No
C18606,A,Yes
C18607,A,No
C18608,B,No
C18609,A,No
C18610,A,No
C18611,A,No
C18612,B,Yes
C18613,B,No
C18614,B,No
C18615,B,No
C18616,B,No
C18617,A,No
C18618,A,No
C18619,A,No
C18620,A,No
C18621,B,No
C18622,B,No
C18623,B,No
C18624,B,No
C18625,A,No
C18626,B,No
C18627,B,No
C18628,A,No
C18629,A,No
C18630,A,No
C18631,B,No
C18632,B,No
C18633,B,No
C18634,B,No
C18635,A,No
C18636,B,No
C18637,A,No
C18638,A,No
C18639,A,No
C18640,B,No
C18641,B,No
C18642,A,No
C18643,A,No
C18644,B,No
C18645,A,No
C18646,B,No
C18647,B,No
C18648,A,No
C18649,A,No
C18650,A,No
C18651,A,No
C18652,B,No
C18653,A,No
C18654,B,No
C18655,A,No
C18656,B,No
C18657,B,No
C18658,A,No
C18659,B,No
C18660,A,No
C18661,A,No
C18662,A,No
C18663,B,No
C18664,B,No
C18665,A,No
C18666,A,No
C18667,A,No
C18668,A,No
C18669,A,Yes
C18670,A,No
C18671,A,No
C18672,B,No
C18673,B,No
C18674,B,No
C18675,A,No
C18676,B,No
C18677,B,No
C18678,B,No
C18679,A,No
C18680,A,No
C18681,B,No
C18682,A,No
C18683,A,No
C18684,B,No
C18685,A,No
C18686,B,No
C18687,B,No
C18688,A,No
C18689,B,No
C18690,B,No
C18691,B,No
C18692,B,No
C18693,A,No
C18694,B,No
C18695,A,No
C18696,A,No
C18697,A,No
C18698,B,No
C18699,B,No
C18700,A,No
C18701,A,No
C18702,A,No
C18703,A,No
C18704,A,No
C18705,A,No
C18706,B,No
C18707,A,No
C18708,B,Yes
C18709,A,No
C18710,A,No
C18711,B,Yes
C18712,B,No
C18713,A,No
C18714,B,No
C18715,A,No
C18716,B,No
C18717,A,No
C18718,A,No
C18719,A,No
C18720,A,No
C18721,B,No
C18722,A,No
C18723,B,No
C18724,B,No
C18725,A,No
C18726,B,No
C18727,A,No
C18728,A,Yes
C18729,A,No
C18730,B,No
C18731,B,No
C18732,B,No
C18733,B,No
C18734,B,No
C18735,B,No
C18736,B,No
C18737,A,No
C18738,A,No
C18739,B,No
C18740,A,No
C18741,A,No
C18742,A,No
C18743,B,No
C18744,B,No
C18745,B,No
C18746,B,No
C18747,A,No
C18748,A,No
C18749,A,No
C18750,B,No
C18751,A,No
C18752,A,No
C18753,B,No
C18754,A,No
C18755,B,No
C18756,A,No
C18757,A,No
C18758,A,No
C18759,A,No
C18760,B,No
C18761,A,No
C18762,B,No
C18763,B,Yes
C18764,A,No
C18765,B,No
C18766,A,No
C18767,B,No
C18768,B,No
C18769,B,No
C18770,A,No
C18771,A,No
C18772,B,No
C18773,A,No
C18774,A,No
C18775,B,No
C18776,A,No
C18777,B,Yes
C18778,A,No
C18779,B,No
C18780,B,No
C18781,B,No
C18782,B,No
C18783,B,No
C18784,B,No
C18785,A,Yes
C18786,B,No
C18787,B,No
C18788,B,No
C18789,A,No
C18790,B,No
C18791,B,No
C18792,B,No
C18793,A,No
C18794,A,No
C18795,B,No
C18796,B,No
C18797,B,No
C18798,B,No
C18799,A,No
C18800,A,No
C18801,A,No
C18802,A,No
C18803,B,No
C18804,B,No
C18805,A,Yes
C18806,A,No
C18807,A,No
C18808,A,No
C18809,A,No
C18810,B,No
C18811,B,No
C18812,B,No
C18813,A,No
C18814,B,No
C18815,A,No
C18816,A,No
C18817,A,No
C18818,A,No
C18819,B,No
C18820,B,No
C18821,A,No
C18822,B,No
C18823,A,No
C18824,B,No
C18825,B,No
C18826,A,No
C18827,A,No
C18828,B,No
C18829,A,Yes
C18830,A,No
C18831,A,No
C18832,A,No
C18833,B,No
C18834,A,No
C18835,B,No
C18836,A,No
C18837,B,No
C18838,B,No
C18839,A,No
C18840,B,No
C18841,A,No
C18842,A,No
C18843,A,No
C18844,A,Yes
C18845,B,No
C18846,A,No
C18847,B,No
C18848,B,No
C18849,A,No
C18850,A,No
C18851,B,No
C18852,A,No
C18853,B,No
C18854,A,No
C18855,B,No
C18856,B,No
C18857,B,No
C18858,B,No
C18859,B,No
C18860,A,No
C18861,B,No
C18862,A,No
C18863,A,No
C18864,A,No
C18865,A,No
C18866,B,No
C18867,A,No
C18868,A,No
C18869,A,No
C18870,B,No
C18871,A,No
C18872,A,No
C18873,A,No
C18874,B,No
C18875,A,No
C18876,A,No
C18877,B,No
C18878,A,No
C18879,B,No
C18880,A,No
C18881,A,No
C18882,B,No
C18883,A,No
C18884,A,No
C18885,B,No
C18886,B,No
C18887,B,No
C18888,A,No
C18889,B,No
C18890,A,No
C18891,B,No
C18892,B,No
C18893,B,No
C18894,A,No
C18895,B,No
C18896,B,No
C18897,B,No
C18898,B,No
C18899,A,No
C18900,A,Yes
C18901,B,No
C18902,B,No
C18903,B,No
C18904,A,No
C18905,A,Yes
C18906,B,No
C18907,B,No
C18908,A,No
C18909,B,Yes
C18910,B,No
C18911,B,No
C18912,A,No
C18913,B,No
C18914,A,No
C18915,B,No
C18916,A,No
C18917,A,No
C18918,B,No
C18919,A,No
C18920,A,No
C18921,B,No
C18922,B,No
C18923,A,No
C18924,A,No
C18925,B,No
C18926,B,No
C18927,B,No
C18928,A,No
C18929,B,No
C18930,A,No
C18931,A,No
C18932,B,No
C18933,B,No
C18934,B,No
C18935,B,No
C18936,A,No
C18937,B,No
C18938,A,No
C18939,A,No
C18940,B,No
C18941,B,No
C18942,A,No
C18943,A,No
C18944,B,No
C18945,B,No
C18946,A,No
C18947,B,No
C18948,A,No
C18949,A,No
C18950,B,No
C18951,B,No
C18952,A,No
C18953,A,No
C18954,A,No
C18955,B,No
C18956,B,No
C18957,A,No
C18958,A,No
C18959,A,No
C18960,B,No
C18961,A,No
C18962,A,No
C18963,A,No
C18964,A,No
C18965,A,No
C18966,B,No
C18967,A,No
C18968,A,No
C18969,B,No
C18970,A,No
C18971,B,Yes
C18972,A,No
C18973,B,No
C18974,A,No
C18975,A,No
C18976,B,No
C18977,B,No
C18978,B,No
C18979,B,No
C18980,B,No
C18981,B,No
C18982,A,No
C18983,A,No
C18984,A,No
C18985,B,No
C18986,A,Yes
C18987,B,No
C18988,A,No
C18989,A,No
C18990,B,No
C18991,A,No
C18992,B,No
C18993,B,No
C18994,B,No
C18995,B,No
C18996,B,No
C18997,A,No
C18998,A,No
C18999,A,No
C19000,A,No
C19001,A,No
C19002,A,No
C19003,A,No
C19004,B,No
C19005,A,No
C19006,B,No
C19007,B,No
C19008,A,No
C19009,B,No
C19010,B,No
C19011,B,No
C19012,A,No
C19013,B,No
C19014,A,No
C19015,B,No
C19016,B,No
C19017,A,Yes
C19018,B,No
C19019,B,No
C19020,B,No
C19021,A,No
C19022,B,No
C19023,B,No
C19024,A,No
C19025,A,No
C19026,A,No
C19027,A,No
C19028,B,No
C19029,B,No
C19030,A,No
C19031,A,No
C19032,A,No
C19033,A,No
C19034,A,No
C19035,B,No
C19036,A,No
C19037,B,No
C19038,B,No
C19039,B,No
C19040,A,No
C19041,B,No
C19042,B,No
C19043,B,No
C19044,B,No
C19045,A,No
C19046,A,No
C19047,B,No
C19048,B,Yes
C19049,B,No
C19050,A,No
C19051,B,No
C19052,B,No
C19053,A,No
C19054,A,No
C19055,B,No
C19056,A,No
C19057,A,No
C19058,B,Yes
C19059,A,No
C19060,A,No
C19061,A,No
C19062,A,Yes
C19063,B,No
C19064,A,No
C19065,A,No
C19066,B,No
C19067,B,No
C19068,B,No
C19069,A,No
C19070,A,No
C19071,B,No
C19072,B,No
C19073,A,No
C19074,A,No
C19075,A,No
C19076,B,No
C19077,B,No
C19078,B,No
C19079,A,Yes
C19080,B,No
C19081,B,No
C19082,A,Yes
C19083,A,No
C19084,B,No
C19085,B,No
C19086,A,No
C19087,B,No
C19088,A,No
C19089,B,No
C19090,A,No
C19091,A,Yes
C19092,A,No
C19093,A,No
C19094,B,No
C19095,A,No
C19096,A,No
C19097,A,No
C19098,A,No
C19099,A,No
C19100,B,No
C19101,B,No
C19102,A,No
C19103,A,No
C19104,A,No
C19105,B,No
C19106,B,No
C19107,A,No
C19108,B,No
C19109,B,No
C19110,A,No
C19111,B,No
C19112,A,No
C19113,B,No
C19114,A,No
C19115,A,Yes
C19116,B,No
C19117,B,No
C19118,A,No
C19119,A,No
C19120,A,No
C19121,A,No
C19122,A,No
C19123,B,No
C19124,B,No
C19125,B,No
C19126,A,No
C19127,B,No
C19128,A,No
C19129,A,No
C19130,A,No
C19131,B,No
C19132,B,Yes
C19133,A,Yes
C19134,A,No
C19135,A,No
C19136,A,No
C19137,B,No
C19138,A,No
C19139,A,No
C19140,B,Yes
C19141,A,No
C19142,A,No
C19143,B,No
C19144,B,Yes
C19145,A,Yes
C19146,B,No
C19147,A,No
C19148,A,No
C19149,A,No
C19150,A,No
C19151,B,No
C19152,B,No
C19153,A,No
C19154,B,No
C19155,A,No
C19156,B,No
C19157,A,No
C19158,A,No
C19159,A,No
C19160,A,No
C19161,B,No
C19162,B,No
C19163,A,No
C19164,B,No
C19165,A,No
C19166,B,No
C19167,B,No
C19168,B,No
C19169,B,No
C19170,A,No
C19171,A,No
C19172,A,No
C19173,A,No
C19174,B,No
C19175,B,No
C19176,B,No
C19177,B,No
C19178,A,No
C19179,B,No
C19180,A,No
C19181,B,No
C19182,B,No
C19183,A,No
C19184,B,No
C19185,A,No
C19186,A,No
C19187,A,No
C19188,A,No
C19189,B,Yes
C19190,B,No
C19191,A,No
C19192,B,No
C19193,A,No
C19194,B,No
C19195,B,No
C19196,A,No
C19197,A,No
C19198,A,No
C19199,A,No
C19200,A,No
C19201,B,Yes
C19202,A,No
C19203,A,Yes
C19204,B,No
C19205,A,No
C19206,A,No
C19207,A,No
C19208,B,No
C19209,B,No
C19210,A,Yes
C19211,A,No
C19212,A,Yes
C19213,B,No
C19214,B,No
C19215,A,No
C19216,B,No
C19217,B,No
C19218,A,No
C19219,B,No
C19220,B,No
C19221,B,No
C19222,A,No
C19223,A,No
C19224,B,No
C19225,B,No
C19226,A,No
C19227,B,No
C19228,B,No
C19229,B,No
C19230,B,No
C19231,A,No
C19232,B,No
C19233,A,No
C19234,A,No
C19235,A,No
C19236,B,No
C19237,A,No
C19238,B,No
C19239,B,No
C19240,A,No
C19241,B,No
C19242,B,No
C19243,A,No
C19244,A,No
C19245,B,No
C19246,B,Yes
C19247,B,No
C19248,B,No
C19249,B,No
C19250,A,No
C19251,A,No
C19252,B,No
C19253,A,No
C19254,A,No
C19255,B,No
C19256,A,No
C19257,B,No
C19258,B,No
C19259,A,No
C19260,A,Yes
C19261,A,No
C19262,A,No
C19263,B,No
C19264,B,No
C19265,A,No
C19266,A,No
C19267,B,No
C19268,B,No
C19269,B,No
C19270,A,No
C19271,B,No
C19272,A,No
C19273,A,No
C19274,B,No
C19275,A,No
C19276,A,No
C19277,A,No
C19278,A,No
C19279,B,No
C19280,B,No
C19281,A,No
C19282,B,No
C19283,B,No
C19284,A,No
C19285,A,No
C19286,A,No
C19287,A,No
C19288,B,No
C19289,A,No
C19290,A,No
C19291,A,No
C19292,B,No
C19293,A,No
C19294,B,No
C19295,B,No
C19296,B,No
C19297,B,No
C19298,B,No
C19299,A,No
C19300,A,No
C19301,A,No
C19302,B,No
C19303,B,No
C19304,A,No
C19305,A,No
C19306,A,No
C19307,B,No
C19308,B,No
C19309,B,No
C19310,A,No
C19311,B,No
C19312,A,No
C19313,B,No
C19314,A,No
C19315,B,No
C19316,B,No
C19317,B,No
C19318,B,No
C19319,A,No
C19320,A,No
C19321,A,No
C19322,A,No
C19323,A,No
C19324,B,No
C19325,B,No
C19326,A,No
C19327,B,No
C19328,A,No
C19329,B,No
C19330,B,No
C19331,A,No
C19332,B,No
C19333,A,No
C19334,A,No
C19335,B,No
C19336,B,No
C19337,A,No
C19338,A,No
C19339,A,No
C19340,A,No
C19341,B,No
C19342,B,No
C19343,B,No
C19344,B,No
C19345,A,No
C19346,B,No
C19347,A,No
C19348,B,No
C19349,B,No
C19350,B,No
C19351,A,No
C19352,B,No
C19353,A,No
C19354,A,Yes
C19355,B,No
C19356,A,No
C19357,A,No
C19358,A,No
C19359,B,No
C19360,A,No
C19361,B,No
C19362,B,No
C19363,B,No
C19364,A,No
C19365,B,No
C19366,B,No
C19367,B,No
C19368,A,No
C19369,B,No
C19370,A,No
C19371,B,No
C19372,B,No
C19373,B,No
C19374,B,No
C19375,B,No
C19376,A,No
C19377,A,No
C19378,A,No
C19379,A,No
C19380,A,No
C19381,A,Yes
C19382,A,No
C19383,A,No
C19384,B,No
C19385,B,No
C19386,A,No
C19387,A,No
C19388,B,No
C19389,A,No
C19390,A,No
C19391,B,No
C19392,B,No
C19393,B,No
C19394,B,Yes
C19395,B,No
C19396,A,No
C19397,A,No
C19398,A,No
C19399,A,No
C19400,A,No
C19401,A,No
C19402,A,No
C19403,A,No
C19404,B,No
C19405,B,No
C19406,B,No
C19407,A,No
C19408,A,No
C19409,B,No
C19410,B,No
C19411,B,No
C19412,A,Yes
C19413,B,No
C19414,A,No
C19415,A,No
C19416,A,No
C19417,B,No
C19418,A,No
C19419,B,No
C19420,B,No
C19421,A,No
C19422,A,No
C19423,A,No
C19424,A,No
C19425,B,No
C19426,A,No
C19427,A,No
C19428,B,Yes
C19429,A,No
C19430,A,No
C19431,A,Yes
C19432,A,No
C19433,A,No
C19434,B,No
C19435,A,No
C19436,B,No
C19437,B,No
C19438,A,No
C19439,B,No
C19440,A,No
C19441,B,No
C19442,A,No
C19443,B,No
C19444,B,No
C19445,B,No
C19446,A,No
C19447,A,No
C19448,B,No
C19449,A,No
C19450,A,No
C19451,A,Yes
C19452,A,No
C19453,A,No
C19454,A,No
C19455,B,No
C19456,B,No
C19457,B,No
C19458,A,No
C19459,A,No
C19460,A,No
C19461,A,No
C19462,A,No
C19463,B,No
C19464,A,No
C19465,B,No
C19466,A,No
C19467,A,Yes
C19468,B,No
C19469,A,No
C19470,B,No
C19471,A,No
C19472,B,No
C19473,B,Yes
C19474,B,No
C19475,A,No
C19476,B,No
C19477,A,No
C19478,B,No
C19479,B,No
C19480,A,No
C19481,B,No
C19482,B,No
C19483,A,No
C19484,A,No
C19485,A,No
C19486,B,No
C19487,A,No
C19488,B,No
C19489,B,No
C19490,B,No
C19491,B,No
C19492,B,No
C19493,A,No
C19494,B,Yes
C19495,B,Yes
C19496,A,No
C19497,B,No
C19498,A,No
C19499,B,No
C19500,B,No
C19501,B,No
C19502,B,No
C19503,B,No
C19504,B,No
C19505,A,No
C19506,A,No
C19507,B,No
C19508,B,Yes
C19509,B,No
C19510,B,No
C19511,A,No
C19512,A,Yes
C19513,A,Yes
C19514,A,No
C19515,B,No
C19516,B,No
C19517,A,No
C19518,B,No
C19519,B,No
C19520,B,No
C19521,B,No
C19522,B,No
C19523,B,No
C19524,A,No
C19525,B,No
C19526,A,No
C19527,B,No
C19528,A,No
C19529,A,No
C19530,B,No
C19531,B,No
C19532,B,No
C19533,A,No
C19534,A,No
C19535,A,No
C19536,A,No
C19537,B,No
C19538,A,No
C19539,B,No
C19540,B,No
C19541,B,No
C19542,A,No
C19543,A,No
C19544,A,No
C19545,A,No
C19546,B,No
C19547,B,Yes
C19548,B,No
C19549,A,No
C19550,A,No
C19551,A,No
C19552,A,Yes
C19553,A,No
C19554,A,No
C19555,B,No
C19556,A,Yes
C19557,A,No
C19558,B,No
C19559,A,No
C19560,A,No
C19561,B,No
C19562,B,No
C19563,A,Yes
C19564,B,No
C19565,A,No
C19566,A,Yes
C19567,A,No
C19568,B,No
C19569,B,No
C19570,B,No
C19571,A,No
C19572,B,No
C19573,A,No
C19574,B,No
C19575,B,No
C19576,A,No
C19577,A,No
C19578,A,No
C19579,A,No
C19580,B,No
C19581,A,No
C19582,B,No
C19583,A,No
C19584,A,No
C19585,A,No
C19586,B,No
C19587,B,No
C19588,B,No
C19589,B,No
C19590,A,No
C19591,A,No
C19592,B,No
C19593,B,No
C19594,A,No
C19595,A,No
C19596,A,No
C19597,A,No
C19598,A,No
C19599,A,No
C19600,A,Yes
C19601,A,No
C19602,B,No
C19603,A,No
C19604,A,No
C19605,B,No
C19606,B,No
C19607,A,No
C19608,B,No
C19609,A,No
C19610,A,No
C19611,A,No
C19612,A,No
C19613,B,No
C19614,A,No
C19615,A,No
C19616,A,No
C19617,B,No
C19618,B,No
C19619,B,No
C19620,A,No
C19621,A,No
C19622,B,Yes
C19623,B,No
C19624,B,No
C19625,B,No
C19626,A,No
C19627,A,No
C19628,A,No
C19629,A,No
C19630,A,No
C19631,A,No
C19632,A,No
C19633,B,No
C19634,A,No
C19635,A,No
C19636,A,No
C19637,B,No
C19638,B,No
C19639,B,No
C19640,A,No
C19641,A,No
C19642,B,No
C19643,A,No
C19644,A,Yes
C19645,B,No
C19646,B,No
C19647,A,Yes
C19648,A,No
C19649,A,No
C19650,A,No
C19651,A,No
C19652,A,No
C19653,A,No
C19654,A,No
C19655,B,No
C19656,B,No
C19657,B,No
C19658,A,No
C19659,B,No
C19660,A,No
C19661,A,No
C19662,B,Yes
C19663,B,No
C19664,B,No
C19665,A,No
C19666,B,No
C19667,A,Yes
C19668,B,No
C19669,A,No
C19670,A,No
C19671,B,Yes
C19672,A,Yes
C19673,A,No
C19674,B,No
C19675,B,No
C19676,B,No
C19677,A,No
C19678,B,No
C19679,B,No
C19680,A,No
C19681,A,Yes
C19682,B,No
C19683,B,No
C19684,B,No
C19685,B,No
C19686,A,No
C19687,B,No
C19688,A,No
C19689,B,No
C19690,B,No
C19691,B,No
C19692,B,No
C19693,B,No
C19694,A,No
C19695,A,No
C19696,B,No
C19697,A,No
C19698,B,No
C19699,A,No
C19700,B,No
C19701,B,No
C19702,B,No
C19703,A,No
C19704,B,No
C19705,B,No
C19706,A,No
C19707,A,No
C19708,A,No
C19709,B,No
C19710,A,No
C19711,B,No
C19712,B,No
C19713,B,No
C19714,A,No
C19715,A,No
C19716,B,No
C19717,B,No
C19718,A,No
C19719,A,No
C19720,A,No
C19721,B,No
C19722,B,No
C19723,A,No
C19724,B,No
C19725,B,No
C19726,B,No
C19727,A,No
C19728,B,No
C19729,A,No
C19730,B,No
C19731,A,No
C19732,A,Yes
C19733,A,No
C19734,B,No
C19735,A,No
C19736,B,No
C19737,B,No
C19738,B,No
C19739,A,No
C19740,B,No
C19741,B,No
C19742,B,No
C19743,A,No
C19744,A,No
C19745,A,No
C19746,A,No
C19747,A,No
C19748,B,No
C19749,A,No
C19750,B,No
C19751,A,Yes
C19752,A,Yes
C19753,A,No
C19754,A,No
C19755,B,No
C19756,B,No
C19757,A,No
C19758,B,No
C19759,A,No
C19760,B,No
C19761,B,Yes
C19762,A,No
C19763,A,No
C19764,B,No
C19765,B,No
C19766,A,No
C19767,A,No
C19768,A,No
C19769,B,No
C19770,A,No
C19771,A,No
C19772,A,No
C19773,B,No
C19774,B,No
C19775,A,No
C19776,A,No
C19777,A,No
C19778,B,No
C19779,A,No
C19780,B,No
C19781,A,No
C19782,B,No
C19783,B,No
C19784,A,Yes
C19785,B,No
C19786,A,No
C19787,A,No
C19788,A,No
C19789,A,No
C19790,A,No
C19791,B,No
C19792,A,No
C19793,A,No
C19794,B,No
C19795,B,No
C19796,B,No
C19797,A,No
C19798,B,No
C19799,B,Yes
C19800,A,No
C19801,B,No
C19802,A,No
C19803,B,No
C19804,A,No
C19805,B,No
C19806,B,No
C19807,A,No
C19808,A,No
C19809,B,No
C19810,B,No
C19811,B,No
C19812,A,Yes
C19813,B,No
C19814,B,No
C19815,A,No
C19816,A,No
C19817,A,No
C19818,A,No
C19819,A,No
C19820,A,No
C19821,A,No
C19822,B,No
C19823,B,No
C19824,A,No
C19825,A,No
C19826,A,No
C19827,B,No
C19828,B,No
C19829,B,No
C19830,B,No
C19831,A,No
C19832,A,No
C19833,A,No
C19834,A,No
C19835,B,No
C19836,B,No
C19837,B,No
C19838,B,No
C19839,A,No
C19840,B,No
C19841,B,No
C19842,B,No
C19843,A,No
C19844,A,Yes
C19845,A,No
C19846,B,No
C19847,B,No
C19848,B,No
C19849,B,No
C19850,A,No
C19851,B,No
C19852,B,No
C19853,B,No
C19854,B,No
C19855,A,No
C19856,A,No
C19857,B,No
C19858,B,No
C19859,B,No
C19860,A,No
C19861,A,No
C19862,A,No
C19863,B,No
C19864,B,No
C19865,B,No
C19866,A,No
C19867,B,No
C19868,B,No
C19869,A,No
C19870,B,No
C19871,A,No
C19872,A,No
C19873,B,No
C19874,B,No
C19875,B,No
C19876,B,Yes
C19877,A,No
C19878,A,No
C19879,B,No
C19880,A,No
C19881,A,No
C19882,A,No
C19883,A,No
C19884,A,No
C19885,B,No
C19886,B,Yes
C19887,A,No
C19888,B,No
C19889,B,No
C19890,B,No
C19891,B,No
C19892,B,No
C19893,A,No
C19894,A,No
C19895,A,No
C19896,A,No
C19897,B,No
C19898,A,No
C19899,B,No
C19900,A,No
C19901,B,No
C19902,A,No
C19903,A,No
C19904,A,No
C19905,B,No
C19906,B,No
C19907,B,No
C19908,A,No
C19909,B,No
C19910,A,No
C19911,B,No
C19912,B,No
C19913,A,No
C19914,A,No
C19915,A,No
C19916,A,No
C19917,B,No
C19918,B,No
C19919,A,No
C19920,B,No
C19921,A,No
C19922,B,No
C19923,A,No
C19924,B,No
C19925,B,No
C19926,A,No
C19927,A,Yes
C19928,B,No
C19929,B,No
C19930,A,No
C19931,B,No
C19932,A,No
C19933,B,No
C19934,A,No
C19935,A,No
C19936,B,No
C19937,B,No
C19938,A,No
C19939,A,No
C19940,A,Yes
C19941,A,Yes
C19942,A,No
C19943,B,No
C19944,A,No
C19945,A,No
C19946,B,No
C19947,B,No
C19948,A,No
C19949,A,No
C19950,B,No
C19951,A,No
C19952,A,No
C19953,B,No
C19954,A,No
C19955,B,No
C19956,B,No
C19957,A,No
C19958,B,No
C19959,A,No
C19960,A,No
C19961,B,No
C19962,A,No
C19963,A,Yes
C19964,B,Yes
C19965,A,No
C19966,B,No
C19967,A,No
C19968,B,No
C19969,B,No
C19970,A,No
C19971,A,No
C19972,B,No
C19973,B,No
C19974,B,No
C19975,A,No
C19976,A,No
C19977,B,No
C19978,A,No
C19979,B,No
C19980,A,No
C19981,A,No
C19982,A,No
C19983,B,No
C19984,A,No
C19985,A,No
C19986,A,No
C19987,B,No
C19988,B,No
C19989,B,Yes
C19990,B,No
C19991,B,No
C19992,A,No
C19993,B,No
C19994,B,No
C19995,B,No
C19996,B,No
C19997,B,No
C19998,A,No
C19999,A,No
C20000,B,No
C20001,B,No
C20002,B,No
C20003,A,No
C20004,B,No
C20005,B,No
C20006,B,No
C20007,B,No
C20008,B,No
C20009,A,No
C20010,A,No
C20011,B,No
C20012,A,No
C20013,B,No
C20014,B,No
C20015,A,No
C20016,A,No
C20017,A,No
C20018,A,No
C20019,A,No
C20020,B,No
C20021,A,No
C20022,A,No
C20023,A,No
C20024,A,No
C20025,A,No
C20026,B,Yes
C20027,A,Yes
C20028,A,No
C20029,B,No
C20030,A,No
C20031,A,No
C20032,A,No
C20033,A,No
C20034,A,No
C20035,A,No
C20036,A,No
C20037,B,No
C20038,B,No
C20039,B,No
C20040,B,No
C20041,B,No
C20042,B,No
C20043,B,No
C20044,B,No
C20045,A,No
C20046,A,No
C20047,B,No
C20048,B,No
C20049,B,No
C20050,B,No
C20051,B,No
C20052,A,No
C20053,A,No
C20054,A,No
C20055,B,No
C20056,B,No
C20057,A,No
C20058,B,No
C20059,B,No
C20060,A,No
C20061,B,No
C20062,B,No
C20063,A,No
C20064,B,No
C20065,A,No
C20066,B,No
C20067,B,No
C20068,A,No
C20069,A,No
C20070,B,No
C20071,A,No
C20072,A,No
C20073,B,No
C20074,B,No
C20075,A,Yes
C20076,B,No
C20077,A,No
C20078,A,No
C20079,B,No
C20080,A,No
C20081,B,No
C20082,A,No
C20083,A,No
C20084,B,No
C20085,B,No
C20086,B,No
C20087,B,Yes
C20088,A,No
C20089,B,No
C20090,B,No
C20091,A,No
C20092,A,No
C20093,B,No
C20094,A,No
C20095,B,No
C20096,A,No
C20097,B,No
C20098,A,No
C20099,A,No
C20100,B,No
C20101,B,No
C20102,A,No
C20103,B,No
C20104,B,No
C20105,A,No
C20106,A,No
C20107,A,No
C20108,B,No
C20109,B,No
C20110,B,No
C20111,B,No
C20112,B,No
C20113,A,No
C20114,A,No
C20115,B,Yes
C20116,B,No
C20117,B,No
C20118,B,Yes
C20119,B,No
C20120,B,No
C20121,A,No
C20122,A,No
C20123,A,No
C20124,A,No
C20125,A,No
C20126,A,No
C20127,A,No
C20128,B,No
C20129,A,No
C20130,B,No
C20131,B,No
C20132,B,No
C20133,A,No
C20134,B,No
C20135,B,Yes
C20136,A,No
C20137,B,No
C20138,B,No
C20139,A,Yes
C20140,B,No
C20141,A,No
C20142,B,No
C20143,B,No
C20144,A,No
C20145,A,No
C20146,B,No
C20147,A,No
C20148,B,No
C20149,B,No
C20150,B,No
C20151,B,No
C20152,B,No
C20153,B,No
C20154,B,No
C20155,B,No
C20156,A,No
C20157,A,No
C20158,B,No
C20159,A,No
C20160,A,Yes
C20161,A,No
C20162,B,No
C20163,A,No
C20164,B,No
C20165,B,No
C20166,B,No
C20167,A,No
C20168,A,No
C20169,B,No
C20170,A,No
C20171,A,Yes
C20172,B,No
C20173,B,No
C20174,B,No
C20175,B,No
C20176,A,No
C20177,B,No
C20178,A,No
C20179,A,No
C20180,A,No
C20181,B,No
C20182,B,No
C20183,A,No
C20184,B,No
C20185,A,No
C20186,A,No
C20187,B,No
C20188,B,No
C20189,A,No
C20190,A,No
C20191,B,No
C20192,B,Yes
C20193,A,No
C20194,A,No
C20195,A,No
C20196,A,No
C20197,B,No
C20198,A,No
C20199,B,No
C20200,A,No
C20201,B,No
C20202,A,No
C20203,A,No
C20204,B,No
C20205,A,No
C20206,B,No
C20207,A,No
C20208,A,Yes
C20209,A,No
C20210,A,Yes
C20211,A,No
C20212,A,Yes
C20213,B,No
C20214,B,No
C20215,B,No
C20216,B,No
C20217,B,No
C20218,B,No
C20219,B,No
C20220,A,No
C20221,B,No
C20222,A,No
C20223,B,No
C20224,A,No
C20225,A,No
C20226,B,No
C20227,B,No
C20228,B,No
C20229,A,No
C20230,B,No
C20231,A,No
C20232,B,No
C20233,A,No
C20234,A,No
C20235,A,No
C20236,A,No
C20237,B,No
C20238,A,No
C20239,A,No
C20240,A,No
C20241,B,No
C20242,A,No
C20243,B,No
C20244,B,No
C20245,B,No
C20246,A,No
C20247,A,No
C20248,B,No
C20249,B,No
C20250,A,No
C20251,A,No
C20252,A,No
C20253,B,No
C20254,A,No
C20255,A,No
C20256,B,No
C20257,A,No
C20258,A,No
C20259,A,No
C20260,A,No
C20261,A,No
C20262,B,No
C20263,B,No
C20264,B,No
C20265,A,No
C20266,B,No
C20267,A,No
C20268,B,No
C20269,A,No
C20270,B,No
C20271,B,No
C20272,B,No
C20273,A,No
C20274,A,No
C20275,A,No
C20276,A,No
C20277,A,No
C20278,B,No
C20279,B,Yes
C20280,A,No
C20281,B,No
C20282,B,Yes
C20283,B,No
C20284,B,No
C20285,A,No
C20286,B,No
C20287,B,No
C20288,B,No
C20289,A,No
C20290,A,No
C20291,B,No
C20292,B,No
C20293,A,No
C20294,B,No
C20295,A,No
C20296,B,No
C20297,B,No
C20298,A,Yes
C20299,A,No
C20300,B,No
C20301,A,No
C20302,A,No
C20303,A,No
C20304,A,No
C20305,B,No
C20306,A,No
C20307,A,No
C20308,A,No
C20309,B,No
C20310,A,No
C20311,B,No
C20312,B,No
C20313,A,No
C20314,B,No
C20315,A,No
C20316,A,No
C20317,A,No
C20318,A,No
C20319,B,No
C20320,B,No
C20321,A,No
C20322,B,No
C20323,B,No
C20324,A,No
C20325,A,No
C20326,B,No
C20327,B,No
C20328,B,No
C20329,B,Yes
C20330,B,No
C20331,B,No
C20332,B,No
C20333,A,No
C20334,B,No
C20335,A,No
C20336,B,No
C20337,B,No
C20338,B,No
C20339,B,No
C20340,A,No
C20341,B,No
C20342,A,No
C20343,B,No
C20344,B,No
C20345,A,No
C20346,A,No
C20347,B,No
C20348,B,No
C20349,A,No
C20350,A,No
C20351,A,No
C20352,B,No
C20353,B,No
C20354,B,No
C20355,A,No
C20356,A,No
C20357,A,Yes
C20358,A,No
C20359,A,No
C20360,A,No
C20361,A,No
C20362,B,No
C20363,A,No
C20364,A,No
C20365,A,No
C20366,A,No
C20367,A,Yes
C20368,B,No
C20369,A,No
C20370,B,No
C20371,A,No
C20372,B,No
C20373,A,No
C20374,B,No
C20375,A,No
C20376,A,No
C20377,B,No
C20378,A,Yes
C20379,B,Yes
C20380,B,No
C20381,A,No
C20382,B,No
C20383,B,No
C20384,B,No
C20385,A,No
C20386,A,No
C20387,B,No
C20388,A,No
C20389,B,No
C20390,B,No
C20391,A,No
C20392,A,No
C20393,B,No
C20394,B,No
C20395,B,No
C20396,A,No
C20397,B,No
C20398,B,No
C20399,A,Yes
C20400,B,No
C20401,A,No
C20402,A,No
C20403,A,Yes
C20404,B,No
C20405,B,No
C20406,B,No
C20407,B,No
C20408,A,No
C20409,B,No
C20410,A,Yes
C20411,A,No
C20412,A,No
C20413,A,No
C20414,B,No
C20415,B,No
C20416,B,No
C20417,B,No
C20418,A,No
C20419,B,No
C20420,B,No
C20421,A,No
C20422,B,No
C20423,B,No
C20424,A,No
C20425,B,No
C20426,A,No
C20427,B,No
C20428,A,No
C20429,A,No
C20430,B,No
C20431,B,No
C20432,B,No
C20433,A,No
C20434,B,No
C20435,A,No
C20436,A,No
C20437,A,No
C20438,B,No
C20439,B,No
C20440,B,No
C20441,B,No
C20442,A,No
C20443,A,No
C20444,B,No
C20445,A,No
C20446,B,Yes
C20447,B,No
C20448,B,No
C20449,A,No
C20450,A,No
C20451,A,No
C20452,A,No
C20453,A,No
C20454,A,No
C20455,A,No
C20456,B,No
C20457,A,No
C20458,B,Yes
C20459,B,No
C20460,A,No
C20461,B,No
C20462,A,No
C20463,A,No
C20464,B,No
C20465,B,No
C20466,B,No
C20467,A,Yes
C20468,B,No
C20469,B,No
C20470,A,Yes
C20471,A,No
C20472,B,No
C20473,B,No
C20474,B,No
C20475,A,No
C20476,A,No
C20477,B,No
C20478,B,No
C20479,A,No
C20480,B,No
C20481,A,No
C20482,B,No
C20483,A,No
C20484,A,No
C20485,B,No
C20486,A,No
C20487,B,No
C20488,A,No
C20489,B,No
C20490,B,No
C20491,A,No
C20492,B,No
C20493,B,No
C20494,A,No
C20495,A,No
C20496,A,No
C20497,B,No
C20498,A,No
C20499,A,No
C20500,A,No
C20501,B,No
C20502,B,No
C20503,A,No
C20504,A,Yes
C20505,A,No
C20506,A,No
C20507,A,No
C20508,B,No
C20509,B,No
C20510,A,No
C20511,A,No
C20512,A,No
C20513,A,No
C20514,B,No
C20515,B,No
C20516,A,No
C20517,A,No
C20518,B,No
C20519,B,No
C20520,A,No
C20521,B,No
C20522,A,No
C20523,A,No
C20524,A,No
C20525,A,No
C20526,A,No
C20527,A,No
C20528,A,No
C20529,B,No
C20530,B,No
C20531,A,No
C20532,B,No
C20533,B,No
C20534,A,No
C20535,B,No
C20536,B,No
C20537,B,No
C20538,A,No
C20539,B,No
C20540,B,No
C20541,A,No
C20542,B,No
C20543,A,No
C20544,B,No
C20545,B,No
C20546,B,Yes
C20547,A,No
C20548,A,No
C20549,A,No
C20550,B,No
C20551,A,No
C20552,A,No
C20553,A,No
C20554,A,No
C20555,A,No
C20556,B,No
C20557,A,No
C20558,B,No
C20559,B,No
C20560,A,No
C20561,A,Yes
C20562,B,No
C20563,B,No
C20564,A,No
C20565,A,No
C20566,B,No
C20567,B,No
C20568,B,No
C20569,A,No
C20570,B,No
C20571,A,No
C20572,B,No
C20573,B,No
C20574,B,No
C20575,A,No
C20576,B,No
C20577,B,No
C20578,A,No
C20579,A,No
C20580,B,No
C20581,B,No
C20582,A,Yes
C20583,A,No
C20584,B,No
C20585,B,No
C20586,A,No
C20587,B,No
C20588,B,No
C20589,A,No
C20590,B,No
C20591,A,No
C20592,B,No
C20593,A,No
C20594,B,No
C20595,B,No
C20596,A,No
C20597,B,No
C20598,A,Yes
C20599,A,No
C20600,B,No
C20601,A,No
C20602,B,No
C20603,A,No
C20604,B,No
C20605,B,No
C20606,A,No
C20607,A,No
C20608,B,No
C20609,B,No
C20610,B,No
C20611,B,Yes
C20612,A,No
C20613,A,No
C20614,A,No
C20615,B,No
C20616,A,No
C20617,B,No
C20618,A,No
C20619,B,No
C20620,B,No
C20621,B,No
C20622,A,Yes
C20623,A,No
C20624,B,No
C20625,B,No
C20626,B,No
C20627,B,No
C20628,A,No
C20629,B,No
C20630,B,No
C20631,B,No
C20632,A,No
C20633,B,No
C20634,A,No
C20635,B,No
C20636,A,No
C20637,B,No
C20638,A,No
C20639,A,No
C20640,A,No
C20641,B,No
C20642,A,No
C20643,A,Yes
C20644,B,No
C20645,B,No
C20646,B,No
C20647,A,No
C20648,B,No
C20649,A,No
C20650,A,No
C20651,B,No
C20652,A,No
C20653,B,No
C20654,A,No
C20655,A,No
C20656,A,No
C20657,A,No
C20658,A,No
C20659,A,No
C20660,B,No
C20661,A,Yes
C20662,A,No
C20663,A,No
C20664,B,No
C20665,A,No
C20666,A,No
C20667,B,Yes
C20668,A,Yes
C20669,B,Yes
C20670,B,No
C20671,A,No
C20672,B,No
C20673,A,No
C20674,A,No
C20675,A,No
C20676,B,No
C20677,A,No
C20678,B,No
C20679,B,No
C20680,A,Yes
C20681,B,No
C20682,B,No
C20683,A,No
C20684,B,No
C20685,B,No
C20686,B,No
C20687,B,No
C20688,A,No
C20689,B,No
C20690,A,Yes
C20691,A,Yes
C20692,A,No
C20693,A,No
C20694,B,No
C20695,A,No
C20696,A,No
C20697,B,No
C20698,A,No
C20699,B,No
C20700,B,No
C20701,B,No
C20702,B,No
C20703,B,No
C20704,A,No
C20705,A,No
C20706,B,No
C20707,A,No
C20708,B,Yes
C20709,B,No
C20710,B,No
C20711,A,No
C20712,B,No
C20713,B,No
C20714,B,No
C20715,A,No
C20716,A,No
C20717,B,No
C20718,B,No
C20719,B,No
C20720,A,No
C20721,B,No
C20722,B,No
C20723,B,Yes
C20724,B,No
C20725,B,No
C20726,B,No
C20727,B,No
C20728,A,No
C20729,A,No
C20730,B,No
C20731,B,No
C20732,A,No
C20733,A,No
C20734,B,No
C20735,A,No
C20736,A,No
C20737,A,No
C20738,A,No
C20739,A,No
C20740,B,No
C20741,B,No
C20742,A,No
C20743,B,No
C20744,A,No
C20745,B,No
C20746,A,No
C20747,A,No
C20748,A,No
C20749,A,No
C20750,A,No
C20751,A,No
C20752,A,No
C20753,B,No
C20754,B,No
C20755,B,No
C20756,B,No
C20757,B,No
C20758,B,No
C20759,A,Yes
C20760,A,No
C20761,B,No
C20762,A,Yes
C20763,A,No
C20764,A,Yes
C20765,A,No
C20766,B,No
C20767,A,No
C20768,A,No
C20769,A,No
C20770,A,No
C20771,A,No
C20772,A,No
C20773,B,No
C20774,B,No
C20775,A,No
C20776,B,No
C20777,A,No
C20778,B,No
C20779,A,No
C20780,A,No
C20781,A,No
C20782,B,No
C20783,B,No
C20784,A,No
C20785,A,No
C20786,A,No
C20787,B,No
C20788,B,No
C20789,A,No
C20790,B,No
C20791,A,No
C20792,A,No
C20793,A,No
C20794,A,No
C20795,B,No
C20796,B,No
C20797,B,No
C20798,A,No
C20799,B,No
C20800,A,No
C20801,B,No
C20802,A,Yes
C20803,B,Yes
C20804,B,No
C20805,A,No
C20806,B,No
C20807,B,No
C20808,A,No
C20809,B,No
C20810,B,No
C20811,B,No
C20812,B,No
C20813,B,No
C20814,A,No
C20815,A,No
C20816,A,No
C20817,B,No
C20818,B,No
C20819,A,Yes
C20820,B,No
C20821,B,No
C20822,B,No
C20823,A,No
C20824,B,Yes
C20825,B,No
C20826,B,No
C20827,A,No
C20828,A,No
C20829,A,No
C20830,B,No
C20831,B,No
C20832,B,No
C20833,A,No
C20834,A,No
C20835,A,No
C20836,B,No
C20837,A,No
C20838,A,Yes
C20839,A,No
C20840,A,Yes
C20841,A,No
C20842,B,No
C20843,A,No
C20844,A,No
C20845,B,No
C20846,B,No
C20847,A,No
C20848,A,No
C20849,A,No
C20850,A,No
C20851,A,No
C20852,B,No
C20853,A,Yes
C20854,A,No
C20855,A,No
C20856,A,No
C20857,B,No
C20858,B,No
C20859,B,No
C20860,A,No
C20861,A,No
C20862,B,No
C20863,A,No
C20864,A,No
C20865,B,No
C20866,A,No
C20867,B,No
C20868,A,No
C20869,B,No
C20870,B,No
C20871,A,Yes
C20872,A,No
C20873,A,No
C20874,A,No
C20875,A,No
C20876,A,No
C20877,B,No
C20878,B,No
C20879,B,No
C20880,B,No
C20881,B,No
C20882,B,No
C20883,A,No
C20884,A,No
C20885,A,No
C20886,B,No
C20887,A,No
C20888,A,No
C20889,A,No
C20890,A,No
C20891,A,No
C20892,A,No
C20893,A,No
C20894,A,No
C20895,B,No
C20896,A,No
C20897,A,No
C20898,B,No
C20899,B,No
C20900,A,No
C20901,A,No
C20902,A,No
C20903,B,No
C20904,B,No
C20905,A,No
C20906,B,No
C20907,B,No
C20908,A,No
C20909,A,No
C20910,B,No
C20911,B,No
C20912,B,No
C20913,A,No
C20914,B,No
C20915,B,No
C20916,B,No
C20917,B,No
C20918,A,No
C20919,B,No
C20920,A,No
C20921,B,No
C20922,A,No
C20923,B,No
C20924,B,No
C20925,B,No
C20926,B,No
C20927,A,No
C20928,A,No
C20929,A,No
C20930,A,No
C20931,A,No
C20932,A,No
C20933,A,No
C20934,B,No
C20935,A,No
C20936,B,No
C20937,A,No
C20938,A,No
C20939,A,No
C20940,B,No
C20941,A,No
C20942,A,No
C20943,B,No
C20944,B,No
C20945,B,No
C20946,A,No
C20947,B,No
C20948,A,No
C20949,B,No
C20950,B,No
C20951,B,No
C20952,A,No
C20953,B,No
C20954,B,No
C20955,B,No
C20956,B,No
C20957,A,No
C20958,A,No
C20959,B,No
C20960,A,No
C20961,B,No
C20962,B,No
C20963,A,No
C20964,B,No
C20965,A,No
C20966,A,No
C20967,A,No
C20968,B,No
C20969,B,No
C20970,A,No
C20971,A,No
C20972,A,No
C20973,A,No
C20974,A,No
C20975,A,No
C20976,A,No
C20977,A,No
C20978,A,No
C20979,A,No
C20980,A,No
C20981,A,No
C20982,B,Yes
C20983,A,No
C20984,B,No
C20985,A,No
C20986,B,No
C20987,A,No
C20988,A,No
C20989,B,No
C20990,A,No
C20991,B,No
C20992,A,No
C20993,A,No
C20994,A,No
C20995,B,No
C20996,B,No
C20997,A,No
C20998,B,No
C20999,B,No
C21000,A,No
C21001,A,No
C21002,B,No
C21003,A,No
C21004,B,No
C21005,A,No
C21006,A,No
C21007,A,No
C21008,B,No
C21009,A,No
C21010,B,No
C21011,B,Yes
C21012,B,No
C21013,B,No
C21014,B,No
C21015,B,No
C21016,B,No
C21017,B,No
C21018,B,No
C21019,A,No
C21020,B,No
C21021,A,No
C21022,B,No
C21023,B,No
C21024,A,No
C21025,B,No
C21026,A,No
C21027,B,Yes
C21028,B,No
C21029,B,No
C21030,B,No
C21031,A,No
C21032,A,Yes
C21033,A,No
C21034,B,No
C21035,A,No
C21036,A,No
C21037,B,No
C21038,B,No
C21039,A,No
C21040,A,No
C21041,B,No
C21042,B,No
C21043,B,No
C21044,B,No
C21045,A,No
C21046,B,No
C21047,A,No
C21048,A,No
C21049,B,No
C21050,B,No
C21051,B,No
C21052,B,No
C21053,A,No
C21054,A,No
C21055,B,No
C21056,A,No
C21057,A,No
C21058,A,No
C21059,A,No
C21060,A,No
C21061,B,No
C21062,B,No
C21063,A,No
C21064,B,No
C21065,B,No
C21066,A,Yes
C21067,B,No
C21068,A,No
C21069,B,No
C21070,A,No
C21071,A,No
C21072,A,No
C21073,B,No
C21074,B,No
C21075,A,No
C21076,A,No
C21077,A,No
C21078,B,No
C21079,A,No
C21080,A,No
C21081,B,No
C21082,B,No
C21083,A,Yes
C21084,B,No
C21085,A,No
C21086,B,No
C21087,B,No
C21088,A,No
C21089,A,No
C21090,B,No
C21091,B,No
C21092,B,No
C21093,A,No
C21094,B,No
C21095,B,No
C21096,A,No
C21097,A,No
C21098,B,No
C21099,A,No
C21100,A,No
C21101,B,No
C21102,B,No
C21103,A,No
C21104,A,No
C21105,B,No
C21106,A,No
C21107,B,No
C21108,A,No
C21109,A,No
C21110,B,No
C21111,B,No
C21112,B,No
C21113,A,No
C21114,B,No
C21115,A,No
C21116,B,No
C21117,A,No
C21118,B,Yes
C21119,A,No
C21120,A,No
C21121,A,No
C21122,A,No
C21123,B,No
C21124,B,No
C21125,B,Yes
C21126,B,No
C21127,B,No
C21128,B,No
C21129,A,No
C21130,B,No
C21131,B,No
C21132,B,No
C21133,A,No
C21134,A,No
C21135,B,No
C21136,A,No
C21137,A,No
C21138,A,Yes
C21139,A,No
C21140,A,No
C21141,B,No
C21142,A,No
C21143,B,No
C21144,B,No
C21145,B,No
C21146,A,No
C21147,B,No
C21148,B,No
C21149,A,No
C21150,A,No
C21151,B,No
C21152,B,No
C21153,B,No
C21154,B,No
C21155,B,No
C21156,B,No
C21157,B,Yes
C21158,A,Yes
C21159,B,Yes
C21160,A,No
C21161,B,No
C21162,B,No
C21163,A,No
C21164,B,No
C21165,A,No
C21166,A,No
C21167,A,No
C21168,B,No
C21169,B,No
C21170,A,No
C21171,B,No
C21172,B,No
C21173,B,No
C21174,B,No
C21175,B,No
C21176,A,No
C21177,B,No
C21178,B,No
C21179,A,No
C21180,A,No
C21181,B,No
C21182,A,No
C21183,B,No
C21184,A,No
C21185,B,No
C21186,A,No
C21187,A,No
C21188,B,No
C21189,B,No
C21190,B,No
C21191,A,No
C21192,A,No
C21193,B,No
C21194,B,No
C21195,A,No
C21196,B,No
C21197,B,No
C21198,A,No
C21199,B,No
C21200,A,No
C21201,B,No
C21202,B,Yes
C21203,A,No
C21204,A,No
C21205,B,No
C21206,B,No
C21207,B,No
C21208,B,No
C21209,A,No
C21210,A,No
C21211,B,No
C21212,B,No
C21213,A,No
C21214,B,No
C21215,B,No
C21216,A,No
C21217,A,No
C21218,B,No
C21219,B,No
C21220,B,Yes
C21221,A,No
C21222,B,No
C21223,B,No
C21224,B,No
C21225,B,Yes
C21226,A,No
C21227,A,No
C21228,B,No
C21229,A,No
C21230,B,No
C21231,A,No
C21232,B,No
C21233,A,No
C21234,A,No
C21235,A,Yes
C21236,A,No
C21237,A,No
C21238,B,No
C21239,A,No
C21240,A,No
C21241,A,No
C21242,A,No
C21243,A,No
C21244,A,No
C21245,A,No
C21246,A,No
C21247,A,No
C21248,A,No
C21249,A,No
C21250,A,No
C21251,B,No
C21252,A,No
C21253,B,No
C21254,A,No
C21255,B,No
C21256,A,No
C21257,A,No
C21258,A,No
C21259,A,No
C21260,B,No
C21261,B,No
C21262,A,No
C21263,B,No
C21264,B,No
C21265,A,No
C21266,A,No
C21267,B,No
C21268,B,No
C21269,B,No
C21270,A,No
C21271,A,No
C21272,A,No
C21273,B,No
C21274,A,No
C21275,A,No
C21276,B,No
C21277,B,No
C21278,B,No
C21279,A,No
C21280,A,No
C21281,B,No
C21282,B,No
C21283,B,No
C21284,B,No
C21285,A,Yes
C21286,B,No
C21287,A,Yes
C21288,A,No
C21289,B,No
C21290,A,Yes
C21291,B,No
C21292,A,No
C21293,A,No
C21294,A,No
C21295,B,No
C21296,A,No
C21297,A,No
C21298,B,No
C21299,B,No
C21300,B,No
C21301,A,No
C21302,A,No
C21303,A,No
C21304,B,No
C21305,A,No
C21306,B,No
C21307,A,No
C21308,A,No
C21309,B,No
C21310,B,No
C21311,B,No
C21312,A,No
C21313,B,No
C21314,B,No
C21315,A,No
C21316,B,No
C21317,A,No
C21318,B,Yes
C21319,B,No
C21320,A,No
C21321,A,No
C21322,B,No
C21323,A,No
C21324,B,Yes
C21325,B,No
C21326,B,No
C21327,A,No
C21328,B,No
C21329,A,No
C21330,A,No
C21331,A,No
C21332,A,No
C21333,A,No
C21334,B,No
C21335,B,No
C21336,A,No
C21337,A,No
C21338,B,No
C21339,B,No
C21340,A,No
C21341,B,No
C21342,A,No
C21343,B,No
C21344,A,Yes
C21345,B,No
C21346,A,No
C21347,B,No
C21348,B,No
C21349,A,No
C21350,A,No
C21351,B,No
C21352,B,No
C21353,B,No
C21354,B,No
C21355,B,No
C21356,B,No
C21357,B,No
C21358,B,No
C21359,B,No
C21360,A,No
C21361,A,No
C21362,A,No
C21363,A,No
C21364,A,No
C21365,B,No
C21366,B,Yes
C21367,B,Yes
C21368,B,No
C21369,A,Yes
C21370,A,No
C21371,B,No
C21372,A,No
C21373,A,No
C21374,A,No
C21375,B,No
C21376,B,No
C21377,B,No
C21378,A,No
C21379,B,No
C21380,A,No
C21381,B,No
C21382,A,No
C21383,B,No
C21384,B,No
C21385,B,No
C21386,A,No
C21387,A,No
C21388,A,No
C21389,A,No
C21390,B,No
C21391,B,No
C21392,A,No
C21393,B,No
C21394,A,No
C21395,B,No
C21396,B,No
C21397,B,No
C21398,B,No
C21399,B,No
C21400,B,No
C21401,B,No
C21402,B,No
C21403,A,No
C21404,A,No
C21405,B,No
C21406,B,No
C21407,B,No
C21408,A,No
C21409,A,No
C21410,B,No
C21411,A,No
C21412,A,No
C21413,B,No
C21414,B,No
C21415,A,No
C21416,B,No
C21417,A,No
C21418,B,No
C21419,B,No
C21420,A,No
C21421,A,Yes
C21422,B,No
C21423,A,No
C21424,B,No
C21425,A,No
C21426,B,Yes
C21427,B,No
C21428,A,No
C21429,B,No
C21430,A,No
C21431,A,No
C21432,B,No
C21433,A,No
C21434,A,No
C21435,B,No
C21436,A,No
C21437,B,No
C21438,A,No
C21439,B,No
C21440,B,No
C21441,B,No
C21442,B,No
C21443,B,No
C21444,B,No
C21445,B,No
C21446,B,No
C21447,A,Yes
C21448,B,No
C21449,A,No
C21450,B,No
C21451,A,No
C21452,A,No
C21453,B,No
C21454,B,No
C21455,B,No
C21456,A,No
C21457,A,No
C21458,A,No
C21459,A,No
C21460,A,No
C21461,A,No
C21462,B,No
C21463,B,No
C21464,A,No
C21465,A,No
C21466,B,No
C21467,A,Yes
C21468,B,No
C21469,B,No
C21470,B,No
C21471,A,No
C21472,B,No
C21473,A,No
C21474,B,No
C21475,B,No
C21476,A,No
C21477,B,No
C21478,B,Yes
C21479,B,No
C21480,B,No
C21481,B,No
C21482,B,No
C21483,B,No
C21484,B,No
C21485,A,No
C21486,A,No
C21487,A,No
C21488,A,No
C21489,B,No
C21490,B,No
C21491,B,No
C21492,A,No
C21493,B,No
C21494,A,No
C21495,A,No
C21496,A,No
C21497,A,No
C21498,B,No
C21499,A,Yes
C21500,A,No
C21501,A,No
C21502,A,No
C21503,A,No
C21504,B,No
C21505,B,No
C21506,A,No
C21507,B,No
C21508,A,No
C21509,B,No
C21510,A,No
C21511,B,No
C21512,A,No
C21513,A,No
C21514,A,No
C21515,B,No
C21516,B,Yes
C21517,B,No
C21518,A,Yes
C21519,B,No
C21520,B,No
C21521,B,No
C21522,A,No
C21523,A,No
C21524,A,No
C21525,B,No
C21526,A,No
C21527,B,No
C21528,A,No
C21529,B,No
C21530,A,No
C21531,A,No
C21532,A,No
C21533,B,No
C21534,B,No
C21535,A,No
C21536,B,No
C21537,A,No
C21538,A,No
C21539,A,Yes
C21540,B,No
C21541,B,No
C21542,B,No
C21543,B,No
C21544,A,No
C21545,B,No
C21546,A,No
C21547,A,No
C21548,A,No
C21549,B,No
C21550,A,No
C21551,B,No
C21552,A,No
C21553,B,No
C21554,B,No
C21555,A,No
C21556,A,No
C21557,A,No
C21558,A,No
C21559,B,No
C21560,A,No
C21561,B,No
C21562,A,No
C21563,A,No
C21564,B,No
C21565,A,No
C21566,A,No
C21567,A,No
C21568,B,No
C21569,A,No
C21570,A,No
C21571,B,No
C21572,A,No
C21573,B,No
C21574,A,No
C21575,A,No
C21576,A,No
C21577,A,No
C21578,A,No
C21579,B,Yes
C21580,B,No
C21581,A,No
C21582,B,No
C21583,A,No
C21584,B,No
C21585,B,No
C21586,B,No
C21587,B,No
C21588,A,No
C21589,A,No
C21590,A,No
C21591,A,No
C21592,A,No
C21593,B,No
C21594,B,No
C21595,B,No
C21596,A,No
C21597,A,Yes
C21598,A,No
C21599,B,No
C21600,A,No
C21601,A,No
C21602,A,No
C21603,A,No
C21604,A,No
C21605,B,No
C21606,B,No
C21607,A,No
C21608,A,No
C21609,B,No
C21610,A,No
C21611,A,No
C21612,B,No
C21613,B,No
C21614,B,No
C21615,A,No
C21616,A,No
C21617,A,No
C21618,A,No
C21619,A,No
C21620,B,No
C21621,B,No
C21622,A,No
C21623,B,No
C21624,A,No
C21625,B,No
C21626,A,Yes
C21627,B,No
C21628,B,No
C21629,A,No
C21630,B,No
C21631,A,No
C21632,B,No
C21633,B,No
C21634,A,No
C21635,B,No
C21636,A,No
C21637,A,No
C21638,B,Yes
C21639,A,No
C21640,B,No
C21641,A,No
C21642,A,No
C21643,A,No
C21644,B,Yes
C21645,B,No
C21646,B,Yes
C21647,A,No
C21648,A,Yes
C21649,A,No
C21650,B,No
C21651,B,No
C21652,A,No
C21653,B,No
C21654,B,No
C21655,A,Yes
C21656,A,No
C21657,B,No
C21658,A,No
C21659,B,Yes
C21660,A,No
C21661,A,No
C21662,B,No
C21663,A,No
C21664,B,No
C21665,A,No
C21666,B,No
C21667,A,No
C21668,A,No
C21669,A,Yes
C21670,A,No
C21671,A,No
C21672,A,No
C21673,A,No
C21674,A,No
C21675,B,No
C21676,A,No
C21677,B,No
C21678,B,No
C21679,B,No
C21680,A,No
C21681,B,No
C21682,B,No
C21683,A,No
C21684,A,No
C21685,B,Yes
C21686,A,No
C21687,B,No
C21688,A,No
C21689,A,No
C21690,B,No
C21691,A,No
C21692,B,No
C21693,A,No
C21694,A,No
C21695,A,No
C21696,A,No
C21697,B,No
C21698,A,No
C21699,B,No
C21700,A,No
C21701,B,No
C21702,A,No
C21703,B,No
C21704,A,No
C21705,B,No
C21706,B,No
C21707,A,No
C21708,B,Yes
C21709,B,No
C21710,A,No
C21711,B,Yes
C21712,A,No
C21713,A,No
C21714,A,No
C21715,A,No
C21716,B,No
C21717,A,No
C21718,B,No
C21719,A,No
C21720,A,No
C21721,A,No
C21722,B,No
C21723,B,No
C21724,A,No
C21725,A,No
C21726,A,No
C21727,B,No
C21728,B,No
C21729,B,No
C21730,B,No
C21731,A,No
C21732,B,No
C21733,A,No
C21734,B,No
C21735,A,No
C21736,A,No
C21737,B,No
C21738,A,No
C21739,B,No
C21740,B,No
C21741,A,No
C21742,B,No
C21743,B,No
C21744,B,No
C21745,A,No
C21746,A,Yes
C21747,B,No
C21748,B,No
C21749,A,No
C21750,B,No
C21751,B,No
C21752,A,No
C21753,A,No
C21754,B,No
C21755,B,No
C21756,A,No
C21757,B,No
C21758,B,No
C21759,A,No
C21760,A,No
C21761,A,No
C21762,A,No
C21763,A,No
C21764,B,No
C21765,B,No
C21766,B,No
C21767,B,Yes
C21768,A,No
C21769,B,No
C21770,B,No
C21771,A,No
C21772,B,No
C21773,B,No
C21774,A,No
C21775,A,No
C21776,A,No
C21777,A,No
C21778,A,No
C21779,A,No
C21780,A,No
C21781,A,No
C21782,A,No
C21783,B,No
C21784,A,No
C21785,A,No
C21786,B,No
C21787,B,No
C21788,A,No
C21789,B,No
C21790,B,No
C21791,B,No
C21792,B,No
C21793,A,No
C21794,B,No
C21795,A,No
C21796,B,No
C21797,A,No
C21798,B,No
C21799,B,No
C21800,B,No
C21801,B,No
C21802,B,No
C21803,A,No
C21804,A,No
C21805,B,No
C21806,B,No
C21807,B,No
C21808,B,No
C21809,B,No
C21810,B,No
C21811,B,No
C21812,B,No
C21813,B,No
C21814,B,No
C21815,B,No
C21816,A,No
C21817,B,No
C21818,A,No
C21819,A,No
C21820,B,No
C21821,B,No
C21822,A,Yes
C21823,B,No
C21824,B,No
C21825,A,No
C21826,B,No
C21827,A,No
C21828,A,No
C21829,A,No
C21830,A,No
C21831,A,No
C21832,A,No
C21833,B,No
C21834,B,No
C21835,A,No
C21836,A,No
C21837,B,No
C21838,A,No
C21839,B,No
C21840,A,No
C21841,A,No
C21842,B,No
C21843,B,No
C21844,B,No
C21845,B,No
C21846,A,No
C21847,B,Yes
C21848,A,No
C21849,B,No
C21850,A,No
C21851,A,No
C21852,B,No
C21853,B,No
C21854,A,No
C21855,A,Yes
C21856,A,No
C21857,B,No
C21858,A,No
C21859,B,No
C21860,B,No
C21861,B,No
C21862,A,No
C21863,A,No
C21864,A,No
C21865,B,No
C21866,B,No
C21867,A,No
C21868,B,No
C21869,A,No
C21870,B,No
C21871,A,No
C21872,B,No
C21873,B,No
C21874,B,Yes
C21875,A,No
C21876,A,No
C21877,B,No
C21878,A,No
C21879,A,No
C21880,A,No
C21881,B,No
C21882,A,No
C21883,B,No
C21884,A,No
C21885,A,No
C21886,B,No
C21887,A,No
C21888,B,No
C21889,A,No
C21890,A,No
C21891,B,No
C21892,A,No
C21893,A,No
C21894,A,No
C21895,A,No
C21896,B,No
C21897,A,No
C21898,B,No
C21899,A,No
C21900,A,No
C21901,B,No
C21902,A,No
C21903,A,No
C21904,B,No
C21905,A,No
C21906,A,No
C21907,A,No
C21908,B,No
C21909,A,No
C21910,A,No
C21911,B,No
C21912,A,No
C21913,A,No
C21914,A,No
C21915,B,No
C21916,A,No
C21917,A,No
C21918,A,No
C21919,B,No
C21920,A,No
C21921,B,No
C21922,B,No
C21923,A,No
C21924,A,No
C21925,A,No
C21926,A,No
C21927,B,No
C21928,A,Yes
C21929,B,No
C21930,A,No
C21931,B,No
C21932,B,No
C21933,A,No
C21934,A,No
C21935,B,No
C21936,A,No
C21937,B,No
C21938,B,No
C21939,A,No
C21940,B,No
C21941,A,No
C21942,A,No
C21943,A,No
C21944,B,No
C21945,B,Yes
C21946,B,No
C21947,B,No
C21948,B,No
C21949,A,No
C21950,B,No
C21951,A,No
C21952,A,No
C21953,B,No
C21954,B,No
C21955,A,No
C21956,A,No
C21957,A,No
C21958,A,Yes
C21959,B,No
C21960,B,No
C21961,B,No
C21962,B,No
C21963,A,No
C21964,A,No
C21965,A,No
C21966,B,Yes
C21967,A,Yes
C21968,A,No
C21969,B,No
C21970,A,No
C21971,A,No
C21972,A,No
C21973,B,No
C21974,B,No
C21975,B,Yes
C21976,B,No
C21977,B,No
C21978,B,No
C21979,B,No
C21980,B,Yes
C21981,B,No
C21982,B,No
C21983,A,No
C21984,A,No
C21985,A,Yes
C21986,B,No
C21987,A,No
C21988,B,No
C21989,B,No
C21990,B,No
C21991,A,No
C21992,A,No
C21993,A,No
C21994,A,No
C21995,B,No
C21996,B,No
C21997,A,No
C21998,B,No
C21999,B,No
C22000,B,No
C22001,A,No
C22002,B,No
C22003,A,No
C22004,B,No
C22005,B,No
C22006,B,No
C22007,A,No
C22008,A,No
C22009,B,Yes
C22010,B,No
C22011,A,No
C22012,B,No
C22013,B,No
C22014,B,No
C22015,B,No
C22016,A,No
C22017,B,No
C22018,A,No
C22019,B,No
C22020,A,No
C22021,B,No
C22022,A,No
C22023,B,Yes
C22024,B,No
C22025,A,No
C22026,B,No
C22027,A,No
C22028,B,No
C22029,A,No
C22030,B,No
C22031,A,No
C22032,B,No
C22033,B,No
C22034,B,No
C22035,A,No
C22036,A,No
C22037,A,No
C22038,A,No
C22039,A,No
C22040,A,No
C22041,A,No
C22042,A,No
C22043,A,No
C22044,B,No
C22045,A,No
C22046,B,Yes
C22047,B,No
C22048,B,No
C22049,B,No
C22050,B,No
C22051,B,No
C22052,A,Yes
C22053,B,No
C22054,B,No
C22055,A,No
C22056,B,No
C22057,B,No
C22058,B,No
C22059,B,No
C22060,A,No
C22061,B,No
C22062,A,No
C22063,A,No
C22064,B,No
C22065,B,No
C22066,B,No
C22067,A,No
C22068,B,No
C22069,A,No
C22070,A,No
C22071,A,No
C22072,A,No
C22073,A,No
C22074,B,No
C22075,B,No
C22076,A,No
C22077,B,No
C22078,B,No
C22079,A,No
C22080,A,No
C22081,A,No
C22082,B,No
C22083,A,No
C22084,B,No
C22085,B,No
C22086,B,No
C22087,B,No
C22088,A,No
C22089,B,No
C22090,B,No
C22091,A,No
C22092,B,No
C22093,A,No
C22094,A,No
C22095,A,No
C22096,B,No
C22097,B,No
C22098,B,No
C22099,B,No
C22100,B,No
C22101,B,No
C22102,B,No
C22103,A,No
C22104,B,No
C22105,A,No
C22106,B,No
C22107,B,No
C22108,A,No
C22109,B,No
C22110,B,No
C22111,B,No
C22112,A,No
C22113,B,No
C22114,A,No
C22115,B,No
C22116,B,No
C22117,B,No
C22118,A,No
C22119,B,No
C22120,B,No
C22121,B,No
C22122,B,No
C22123,A,No
C22124,A,No
C22125,A,No
C22126,A,No
C22127,B,No
C22128,A,No
C22129,B,Yes
C22130,B,Yes
C22131,A,No
C22132,A,Yes
C22133,B,No
C22134,B,No
C22135,A,No
C22136,A,No
C22137,B,Yes
C22138,A,No
C22139,A,Yes
C22140,B,No
C22141,A,No
C22142,A,No
C22143,B,No
C22144,B,No
C22145,A,Yes
C22146,B,No
C22147,B,Yes
C22148,A,No
C22149,A,No
C22150,B,No
C22151,A,No
C22152,A,No
C22153,B,No
C22154,A,No
C22155,B,No
C22156,B,No
C22157,B,No
C22158,B,Yes
C22159,B,No
C22160,B,No
C22161,B,No
C22162,B,No
C22163,B,No
C22164,A,No
C22165,B,No
C22166,A,Yes
C22167,A,No
C22168,B,No
C22169,A,No
C22170,A,No
C22171,B,No
C22172,B,No
C22173,A,No
C22174,B,No
C22175,A,No
C22176,B,No
C22177,B,No
C22178,A,No
C22179,A,No
C22180,A,No
C22181,A,No
C22182,B,No
C22183,B,No
C22184,A,No
C22185,B,No
C22186,A,No
C22187,A,No
C22188,A,No
C22189,B,No
C22190,A,No
C22191,B,No
C22192,B,No
C22193,B,No
C22194,B,No
C22195,B,No
C22196,A,No
C22197,A,Yes
C22198,A,No
C22199,A,No
C22200,A,No
C22201,B,Yes
C22202,B,No
C22203,B,No
C22204,B,No
C22205,B,No
C22206,B,No
C22207,A,No
C22208,B,No
C22209,A,No
C22210,B,No
C22211,A,Yes
C22212,B,No
C22213,B,No
C22214,B,No
C22215,B,No
C22216,B,No
C22217,B,No
C22218,A,No
C22219,B,No
C22220,A,No
C22221,A,No
C22222,B,No
C22223,A,No
C22224,B,No
C22225,A,No
C22226,A,No
C22227,B,No
C22228,B,No
C22229,A,No
C22230,B,No
C22231,A,No
C22232,A,No
C22233,B,No
C22234,B,No
C22235,A,No
C22236,B,No
C22237,B,No
C22238,B,No
C22239,A,No
C22240,B,No
C22241,B,No
C22242,B,Yes
C22243,A,No
C22244,B,No
C22245,A,No
C22246,B,Yes
C22247,A,No
C22248,B,No
C22249,B,No
C22250,B,No
C22251,A,No
C22252,A,No
C22253,A,No
C22254,B,No
C22255,B,No
C22256,B,No
C22257,A,No
C22258,A,No
C22259,A,No
C22260,A,No
C22261,A,No
C22262,A,No
C22263,B,No
C22264,B,No
C22265,B,No
C22266,B,No
C22267,B,No
C22268,B,No
C22269,B,No
C22270,A,No
C22271,A,No
C22272,A,No
C22273,A,Yes
C22274,B,No
C22275,B,No
C22276,A,No
C22277,A,No
C22278,B,No
C22279,B,No
C22280,B,No
C22281,B,No
C22282,B,No
C22283,B,No
C22284,B,No
C22285,B,No
C22286,A,No
C22287,B,No
C22288,B,Yes
C22289,B,No
C22290,A,No
C22291,B,No
C22292,A,No
C22293,B,No
C22294,B,No
C22295,B,No
C22296,B,No
C22297,A,No
C22298,A,No
C22299,A,No
C22300,A,No
C22301,B,No
C22302,A,No
C22303,A,Yes
C22304,B,No
C22305,B,No
C22306,A,No
C22307,A,No
C22308,B,No
C22309,B,No
C22310,B,No
C22311,A,No
C22312,B,No
C22313,B,No
C22314,B,No
C22315,A,Yes
C22316,A,No
C22317,A,No
C22318,A,No
C22319,B,No
C22320,A,No
C22321,B,No
C22322,A,No
C22323,A,No
C22324,A,No
C22325,B,No
C22326,A,No
C22327,A,No
C22328,B,No
C22329,B,No
C22330,B,No
C22331,B,No
C22332,A,No
C22333,B,No
C22334,B,No
C22335,A,No
C22336,A,Yes
C22337,B,No
C22338,A,No
C22339,A,No
C22340,B,No
C22341,A,No
C22342,B,No
C22343,A,No
C22344,B,No
C22345,B,No
C22346,B,No
C22347,A,No
C22348,B,No
C22349,A,No
C22350,A,No
C22351,A,No
C22352,B,No
C22353,B,No
C22354,A,No
C22355,A,No
C22356,A,No
C22357,B,No
C22358,B,No
C22359,B,No
C22360,A,No
C22361,B,No
C22362,B,No
C22363,A,No
C22364,A,No
C22365,A,No
C22366,A,No
C22367,B,No
C22368,B,No
C22369,A,No
C22370,A,Yes
C22371,A,No
C22372,B,No
C22373,A,No
C22374,B,No
C22375,A,No
C22376,A,No
C22377,A,No
C22378,B,No
C22379,A,No
C22380,A,No
C22381,B,No
C22382,A,No
C22383,A,No
C22384,A,No
C22385,A,No
C22386,B,No
C22387,A,No
C22388,B,No
C22389,A,No
C22390,A,No
C22391,A,No
C22392,A,No
C22393,B,No
C22394,B,No
C22395,A,No
C22396,A,No
C22397,B,No
C22398,B,No
C22399,B,No
C22400,B,No
C22401,B,No
C22402,A,No
C22403,A,No
C22404,B,No
C22405,A,No
C22406,A,No
C22407,A,No
C22408,A,No
C22409,A,No
C22410,B,No
C22411,B,No
C22412,A,Yes
C22413,B,Yes
C22414,B,Yes
C22415,B,No
C22416,A,No
C22417,B,No
C22418,A,Yes
C22419,A,No
C22420,B,No
C22421,B,No
C22422,B,No
C22423,B,No
C22424,B,No
C22425,B,No
C22426,B,No
C22427,A,No
C22428,B,No
C22429,A,No
C22430,A,No
C22431,A,Yes
C22432,B,No
C22433,A,No
C22434,A,No
C22435,B,No
C22436,A,No
C22437,A,No
C22438,B,No
C22439,B,No
C22440,B,No
C22441,A,No
C22442,B,No
C22443,B,No
C22444,B,No
C22445,B,No
C22446,A,No
C22447,B,No
C22448,B,No
C22449,B,No
C22450,B,No
C22451,B,No
C22452,B,No
C22453,A,No
C22454,A,No
C22455,A,Yes
C22456,A,Yes
C22457,A,No
C22458,B,Yes
C22459,A,No
C22460,B,No
C22461,A,No
C22462,B,No
C22463,B,No
C22464,B,No
C22465,B,No
C22466,B,No
C22467,A,No
C22468,A,No
C22469,A,No
C22470,A,No
C22471,B,No
C22472,A,No
C22473,A,No
C22474,B,No
C22475,B,No
C22476,A,No
C22477,A,No
C22478,A,No
C22479,B,No
C22480,A,Yes
C22481,B,No
C22482,A,No
C22483,A,No
C22484,A,No
C22485,B,No
C22486,A,No
C22487,B,No
C22488,B,No
C22489,B,No
C22490,B,No
C22491,B,No
C22492,A,No
C22493,A,No
C22494,A,Yes
C22495,A,No
C22496,A,No
C22497,A,No
C22498,A,No
C22499,A,No
C22500,B,No
C22501,B,Yes
C22502,B,No
C22503,B,No
C22504,B,No
C22505,B,No
C22506,A,No
C22507,B,No
C22508,B,No
C22509,B,No
C22510,A,No
C22511,B,No
C22512,A,No
C22513,B,No
C22514,A,No
C22515,A,No
C22516,A,No
C22517,B,No
C22518,A,No
C22519,A,No
C22520,A,No
C22521,A,No
C22522,B,No
C22523,B,No
C22524,B,No
C22525,B,No
C22526,A,No
C22527,B,No
C22528,A,No
C22529,A,No
C22530,A,No
C22531,A,Yes
C22532,B,No
C22533,A,No
C22534,A,No
C22535,B,No
C22536,A,No
C22537,B,No
C22538,A,No
C22539,B,No
C22540,B,No
C22541,A,No
C22542,B,No
C22543,B,No
C22544,A,No
C22545,B,No
C22546,A,No
C22547,A,No
C22548,B,No
C22549,A,No
C22550,A,No
C22551,B,No
C22552,B,Yes
C22553,A,No
C22554,A,No
C22555,A,No
C22556,A,No
C22557,A,No
C22558,A,No
C22559,A,No
C22560,B,No
C22561,A,No
C22562,B,No
C22563,A,No
C22564,B,No
C22565,B,No
C22566,A,No
C22567,A,No
C22568,A,No
C22569,A,Yes
C22570,B,No
C22571,B,No
C22572,B,No
C22573,B,No
C22574,B,No
C22575,B,No
C22576,B,No
C22577,B,No
C22578,A,No
C22579,B,No
C22580,B,No
C22581,A,No
C22582,B,No
C22583,B,No
C22584,B,No
C22585,A,No
C22586,A,No
C22587,B,No
C22588,A,No
C22589,B,No
C22590,A,Yes
C22591,A,No
C22592,B,No
C22593,A,No
C22594,B,No
C22595,B,Yes
C22596,A,No
C22597,B,No
C22598,B,No
C22599,B,No
C22600,B,No
C22601,A,Yes
C22602,A,No
C22603,A,No
C22604,A,No
C22605,A,No
C22606,A,No
C22607,B,No
C22608,A,No
C22609,A,No
C22610,B,No
C22611,B,No
C22612,B,No
C22613,B,No
C22614,A,No
C22615,B,No
C22616,B,No
C22617,B,No
C22618,B,No
C22619,B,No
C22620,A,No
C22621,A,No
C22622,B,No
C22623,A,No
C22624,B,No
C22625,B,No
C22626,B,Yes
C22627,A,No
C22628,B,No
C22629,A,No
C22630,A,No
C22631,A,No
C22632,B,No
C22633,A,No
C22634,A,No
C22635,A,No
C22636,A,No
C22637,B,No
C22638,B,No
C22639,A,No
C22640,A,No
C22641,B,No
C22642,A,No
C22643,B,No
C22644,B,No
C22645,A,No
C22646,A,Yes
C22647,A,Yes
C22648,A,No
C22649,B,No
C22650,B,No
C22651,B,No
C22652,A,Yes
C22653,B,No
C22654,A,No
C22655,B,No
C22656,B,Yes
C22657,B,No
C22658,B,No
C22659,B,No
C22660,A,No
C22661,A,No
C22662,A,No
C22663,A,No
C22664,B,No
C22665,B,No
C22666,B,No
C22667,A,No
C22668,A,No
C22669,A,No
C22670,B,No
C22671,A,No
C22672,A,No
C22673,B,No
C22674,A,No
C22675,B,No
C22676,A,No
C22677,B,No
C22678,A,No
C22679,A,No
C22680,A,No
C22681,B,No
C22682,A,No
C22683,A,Yes
C22684,B,No
C22685,A,No
C22686,A,No
C22687,A,No
C22688,A,No
C22689,A,No
C22690,A,No
C22691,B,No
C22692,A,No
C22693,B,No
C22694,B,No
C22695,B,No
C22696,B,No
C22697,B,No
C22698,B,No
C22699,B,No
C22700,A,No
C22701,A,No
C22702,A,No
C22703,B,No
C22704,A,No
C22705,B,No
C22706,B,No
C22707,A,No
C22708,B,No
C22709,A,No
C22710,B,No
C22711,A,No
C22712,B,No
C22713,B,No
C22714,A,No
C22715,B,No
C22716,A,Yes
C22717,A,Yes
C22718,B,No
C22719,B,No
C22720,A,No
C22721,B,No
C22722,B,No
C22723,A,No
C22724,B,Yes
C22725,A,No
C22726,A,No
C22727,A,No
C22728,B,No
C22729,A,No
C22730,B,No
C22731,B,No
C22732,A,No
C22733,B,No
C22734,B,No
C22735,A,No
C22736,A,No
C22737,A,No
C22738,B,No
C22739,A,No
C22740,A,No
C22741,B,No
C22742,A,No
C22743,A,No
C22744,A,No
C22745,A,No
C22746,B,No
C22747,A,No
C22748,B,No
C22749,A,No
C22750,B,No
C22751,B,No
C22752,B,No
C22753,B,No
C22754,B,No
C22755,A,No
C22756,A,No
C22757,B,No
C22758,A,No
C22759,B,No
C22760,A,No
C22761,B,No
C22762,B,No
C22763,A,No
C22764,A,No
C22765,B,No
C22766,B,No
C22767,A,No
C22768,B,No
C22769,B,No
C22770,B,No
C22771,A,No
C22772,A,No
C22773,A,No
C22774,A,No
C22775,A,No
C22776,A,No
C22777,A,No
C22778,B,No
C22779,A,No
C22780,B,No
C22781,B,No
C22782,B,No
C22783,B,No
C22784,A,No
C22785,A,No
C22786,A,No
C22787,B,No
C22788,B,Yes
C22789,A,No
C22790,B,No
C22791,B,No
C22792,B,No
C22793,B,No
C22794,A,No
C22795,A,No
C22796,B,No
C22797,B,No
C22798,A,No
C22799,A,Yes
C22800,B,No
C22801,B,No
C22802,A,No
C22803,B,No
C22804,B,No
C22805,A,No
C22806,A,No
C22807,A,No
C22808,A,No
C22809,B,No
C22810,A,No
C22811,B,No
C22812,A,No
C22813,A,No
C22814,B,No
C22815,B,No
C22816,B,No
C22817,B,No
C22818,A,Yes
C22819,B,No
C22820,A,Yes
C22821,A,No
C22822,B,No
C22823,B,No
C22824,B,No
C22825,B,No
C22826,B,No
C22827,B,No
C22828,A,No
C22829,B,No
C22830,A,No
C22831,B,No
C22832,B,No
C22833,B,No
C22834,A,No
C22835,B,No
C22836,B,No
C22837,A,No
C22838,B,No
C22839,A,No
C22840,B,No
C22841,B,No
C22842,A,No
C22843,A,No
C22844,B,No
C22845,B,No
C22846,B,No
C22847,B,No
C22848,A,No
C22849,B,Yes
C22850,A,No
C22851,B,No
C22852,B,No
C22853,A,No
C22854,A,No
C22855,A,No
C22856,A,No
C22857,A,No
C22858,B,No
C22859,A,No
C22860,A,No
C22861,B,No
C22862,A,No
C22863,B,No
C22864,A,No
C22865,A,No
C22866,B,Yes
C22867,A,Yes
C22868,B,No
C22869,A,Yes
C22870,A,No
C22871,B,No
C22872,B,Yes
C22873,B,No
C22874,A,No
C22875,B,No
C22876,B,No
C22877,B,Yes
C22878,A,No
C22879,A,No
C22880,B,No
C22881,A,No
C22882,A,No
C22883,A,No
C22884,B,No
C22885,A,No
C22886,B,No
C22887,A,No
C22888,A,No
C22889,A,No
C22890,A,No
C22891,A,No
C22892,B,Yes
C22893,A,No
C22894,B,No
C22895,B,No
C22896,B,No
C22897,A,No
C22898,A,No
C22899,B,No
C22900,A,No
C22901,A,No
C22902,B,No
C22903,B,No
C22904,A,No
C22905,A,No
C22906,B,No
C22907,A,No
C22908,B,No
C22909,A,No
C22910,B,No
C22911,A,No
C22912,A,No
C22913,A,No
C22914,B,No
C22915,A,No
C22916,A,No
C22917,A,No
C22918,B,Yes
C22919,B,No
C22920,B,No
C22921,B,No
C22922,B,No
C22923,B,No
C22924,A,No
C22925,B,No
C22926,B,No
C22927,A,No
C22928,B,No
C22929,A,No
C22930,B,No
C22931,A,No
C22932,A,No
C22933,B,No
C22934,A,No
C22935,B,Yes
C22936,A,No
C22937,B,No
C22938,B,No
C22939,A,No
C22940,A,No
C22941,B,No
C22942,B,No
C22943,B,No
C22944,B,No
C22945,B,No
C22946,B,No
C22947,A,No
C22948,B,No
C22949,B,No
C22950,B,No
C22951,B,No
C22952,B,No
C22953,A,No
C22954,B,No
C22955,B,No
C22956,A,No
C22957,B,No
C22958,B,No
C22959,A,No
C22960,B,No
C22961,A,No
C22962,B,No
C22963,A,Yes
C22964,A,No
C22965,A,No
C22966,B,No
C22967,B,No
C22968,B,No
C22969,A,No
C22970,B,No
C22971,B,No
C22972,A,No
C22973,A,No
C22974,B,No
C22975,B,No
C22976,B,No
C22977,A,No
C22978,B,No
C22979,A,No
C22980,B,No
C22981,B,Yes
C22982,A,No
C22983,A,No
C22984,A,No
C22985,B,No
C22986,B,No
C22987,A,No
C22988,A,No
C22989,A,No
C22990,B,Yes
C22991,B,No
C22992,B,No
C22993,A,No
C22994,B,No
C22995,A,No
C22996,A,Yes
C22997,A,No
C22998,A,No
C22999,A,Yes
C23000,A,Yes
C23001,A,No
C23002,B,No
C23003,A,No
C23004,B,No
C23005,A,No
C23006,B,No
C23007,A,No
C23008,A,No
C23009,A,No
C23010,A,No
C23011,B,No
C23012,B,No
C23013,A,No
C23014,B,No
C23015,B,No
C23016,A,Yes
C23017,B,No
C23018,A,No
C23019,A,No
C23020,A,No
C23021,B,No
C23022,B,Yes
C23023,A,No
C23024,B,Yes
C23025,A,No
C23026,A,No
C23027,B,No
C23028,B,No
C23029,A,No
C23030,B,No
C23031,B,No
C23032,A,No
C23033,B,No
C23034,A,No
C23035,B,No
C23036,B,Yes
C23037,B,No
C23038,A,No
C23039,B,No
C23040,B,No
C23041,A,No
C23042,B,No
C23043,A,No
C23044,A,No
C23045,B,No
C23046,B,No
C23047,A,No
C23048,A,No
C23049,B,No
C23050,A,Yes
C23051,B,No
C23052,A,No
C23053,A,No
C23054,B,No
C23055,B,No
C23056,B,No
C23057,B,No
C23058,A,No
C23059,A,No
C23060,A,No
C23061,B,No
C23062,A,No
C23063,B,Yes
C23064,B,No
C23065,A,No
C23066,B,No
C23067,B,No
C23068,A,No
C23069,B,No
C23070,A,No
C23071,A,No
C23072,B,Yes
C23073,B,No
C23074,B,Yes
C23075,B,No
C23076,A,No
C23077,B,No
C23078,A,No
C23079,A,No
C23080,B,No
C23081,A,No
C23082,A,No
C23083,B,No
C23084,A,No
C23085,B,No
C23086,A,No
C23087,A,No
C23088,B,No
C23089,B,No
C23090,A,No
C23091,B,Yes
C23092,A,No
C23093,B,No
C23094,A,Yes
C23095,A,No
C23096,A,No
C23097,A,No
C23098,A,No
C23099,B,No
C23100,B,No
C23101,A,No
C23102,A,No
C23103,A,No
C23104,B,No
C23105,A,No
C23106,A,No
C23107,A,No
C23108,A,No
C23109,B,No
C23110,B,No
C23111,B,No
C23112,A,No
C23113,B,No
C23114,B,No
C23115,A,No
C23116,A,No
C23117,A,No
C23118,A,No
C23119,B,No
C23120,A,No
C23121,B,No
C23122,A,No
C23123,A,No
C23124,B,No
C23125,A,No
C23126,B,No
C23127,B,No
C23128,A,No
C23129,B,No
C23130,B,No
C23131,A,No
C23132,B,No
C23133,B,No
C23134,B,No
C23135,A,No
C23136,A,No
C23137,B,No
C23138,A,No
C23139,A,No
C23140,A,No
C23141,B,No
C23142,B,No
C23143,B,No
C23144,A,No
C23145,B,No
C23146,B,No
C23147,A,No
C23148,B,No
C23149,A,No
C23150,B,No
C23151,A,No
C23152,B,No
C23153,B,No
C23154,A,No
C23155,B,No
C23156,A,No
C23157,A,No
C23158,B,No
C23159,A,No
C23160,B,No
C23161,A,Yes
C23162,A,Yes
C23163,B,No
C23164,A,No
C23165,A,No
C23166,A,No
C23167,A,No
C23168,B,No
C23169,B,No
C23170,B,Yes
C23171,A,No
C23172,A,No
C23173,B,Yes
C23174,B,No
C23175,A,No
C23176,B,No
C23177,B,No
C23178,B,No
C23179,B,No
C23180,A,Yes
C23181,B,Yes
C23182,B,Yes
C23183,A,No
C23184,B,No
C23185,B,No
C23186,B,No
C23187,B,No
C23188,B,No
C23189,B,No
C23190,A,No
C23191,A,No
C23192,A,No
C23193,B,No
C23194,A,No
C23195,B,No
C23196,A,Yes
C23197,B,No
C23198,A,No
C23199,B,No
C23200,A,No
C23201,B,No
C23202,B,No
C23203,B,No
C23204,B,No
C23205,A,No
C23206,A,No
C23207,A,No
C23208,B,No
C23209,A,No
C23210,A,No
C23211,A,No
C23212,B,No
C23213,B,No
C23214,A,No
C23215,B,No
C23216,A,No
C23217,A,No
C23218,A,No
C23219,B,No
C23220,A,No
C23221,B,No
C23222,B,No
C23223,B,No
C23224,B,No
C23225,B,No
C23226,A,No
C23227,A,No
C23228,B,No
C23229,B,No
C23230,A,No
C23231,A,No
C23232,A,No
C23233,A,No
C23234,A,No
C23235,B,No
C23236,B,No
C23237,B,No
C23238,B,No
C23239,B,No
C23240,B,No
C23241,B,No
C23242,B,No
C23243,A,No
C23244,B,No
C23245,B,No
C23246,B,No
C23247,A,No
C23248,A,No
C23249,B,No
C23250,B,No
C23251,B,No
C23252,B,No
C23253,B,No
C23254,B,No
C23255,B,No
C23256,B,No
C23257,B,No
C23258,B,No
C23259,B,No
C23260,B,No
C23261,A,No
C23262,A,No
C23263,B,No
C23264,A,No
C23265,B,No
C23266,B,No
C23267,A,No
C23268,B,No
C23269,B,No
C23270,A,Yes
C23271,B,No
C23272,B,No
C23273,A,No
C23274,B,No
C23275,B,No
C23276,A,No
C23277,B,No
C23278,A,No
C23279,B,No
C23280,B,No
C23281,A,No
C23282,A,No
C23283,B,No
C23284,A,No
C23285,B,No
C23286,B,No
C23287,A,No
C23288,B,No
C23289,A,No
C23290,A,No
C23291,A,No
C23292,A,No
C23293,A,No
C23294,A,No
C23295,B,No
C23296,A,No
C23297,A,No
C23298,B,No
C23299,B,No
C23300,B,No
C23301,A,No
C23302,B,No
C23303,B,No
C23304,B,No
C23305,A,No
C23306,B,No
C23307,A,No
C23308,A,No
C23309,B,No
C23310,A,No
C23311,B,No
C23312,A,No
C23313,B,No
C23314,B,No
C23315,B,No
C23316,B,No
C23317,B,No
C23318,B,No
C23319,B,No
C23320,A,No
C23321,A,No
C23322,B,No
C23323,B,No
C23324,B,Yes
C23325,A,Yes
C23326,A,No
C23327,A,No
C23328,A,No
C23329,B,No
C23330,B,No
C23331,A,No
C23332,B,No
C23333,B,No
C23334,B,No
C23335,A,No
C23336,A,No
C23337,B,No
C23338,A,No
C23339,A,No
C23340,B,No
C23341,A,Yes
C23342,A,No
C23343,A,No
C23344,B,No
C23345,A,No
C23346,B,No
C23347,B,No
C23348,A,No
C23349,A,No
C23350,A,No
C23351,B,No
C23352,B,No
C23353,A,No
C23354,B,No
C23355,B,No
C23356,B,No
C23357,B,No
C23358,B,No
C23359,A,No
C23360,B,No
C23361,B,No
C23362,A,No
C23363,B,No
C23364,A,No
C23365,B,No
C23366,A,No
C23367,A,No
C23368,A,No
C23369,A,No
C23370,B,No
C23371,A,No
C23372,A,No
C23373,A,No
C23374,A,No
C23375,A,No
C23376,A,No
C23377,B,No
C23378,B,No
C23379,A,No
C23380,A,No
C23381,B,No
C23382,A,No
C23383,B,Yes
C23384,B,No
C23385,A,No
C23386,A,No
C23387,A,No
C23388,B,No
C23389,B,No
C23390,B,No
C23391,A,No
C23392,B,No
C23393,A,No
C23394,A,No
C23395,B,Yes
C23396,A,No
C23397,A,No
C23398,B,No
C23399,A,No
C23400,B,No
C23401,A,No
C23402,A,No
C23403,A,No
C23404,B,No
C23405,A,No
C23406,A,No
C23407,A,No
C23408,A,No
C23409,B,No
C23410,A,No
C23411,B,No
C23412,A,No
C23413,A,No
C23414,A,No
C23415,A,No
C23416,B,No
C23417,A,No
C23418,B,No
C23419,A,No
C23420,A,No
C23421,A,No
C23422,B,No
C23423,A,No
C23424,A,No
C23425,B,No
C23426,B,No
C23427,B,No
C23428,A,No
C23429,A,No
C23430,B,No
C23431,A,Yes
C23432,B,No
C23433,A,No
C23434,B,No
C23435,A,No
C23436,A,No
C23437,B,No
C23438,B,No
C23439,B,No
C23440,A,No
C23441,B,No
C23442,B,No
C23443,A,No
C23444,B,No
C23445,B,No
C23446,B,No
C23447,B,No
C23448,A,No
C23449,B,No
C23450,B,No
C23451,A,No
C23452,B,No
C23453,A,No
C23454,A,No
C23455,A,No
C23456,B,No
C23457,B,No
C23458,B,No
C23459,B,No
C23460,B,No
C23461,B,No
C23462,B,No
C23463,B,No
C23464,B,No
C23465,B,No
C23466,B,Yes
C23467,A,No
C23468,B,No
C23469,B,No
C23470,A,No
C23471,A,No
C23472,A,No
C23473,A,No
C23474,A,No
C23475,A,No
C23476,B,No
C23477,A,No
C23478,A,No
C23479,B,No
C23480,B,No
C23481,A,No
C23482,A,No
C23483,A,No
C23484,B,No
C23485,A,No
C23486,B,No
C23487,B,No
C23488,B,No
C23489,B,No
C23490,B,No
C23491,A,No
C23492,A,No
C23493,B,No
C23494,A,No
C23495,A,No
C23496,B,No
C23497,A,No
C23498,A,No
C23499,B,No
C23500,A,No
C23501,A,No
C23502,A,No
C23503,A,No
C23504,B,No
C23505,B,No
C23506,B,No
C23507,B,No
C23508,A,No
C23509,B,No
C23510,B,No
C23511,B,No
C23512,B,No
C23513,A,No
C23514,A,No
C23515,A,No
C23516,B,No
C23517,B,No
C23518,A,No
C23519,A,No
C23520,B,No
C23521,B,No
C23522,A,No
C23523,B,No
C23524,A,No
C23525,A,No
C23526,B,No
C23527,B,Yes
C23528,A,No
C23529,B,No
C23530,B,No
C23531,A,No
C23532,B,No
C23533,A,No
C23534,B,No
C23535,A,No
C23536,B,No
C23537,B,No
C23538,A,No
C23539,A,No
C23540,A,No
C23541,A,No
C23542,B,No
C23543,B,No
C23544,B,No
C23545,A,No
C23546,A,No
C23547,B,No
C23548,A,No
C23549,A,No
C23550,A,Yes
C23551,B,No
C23552,B,No
C23553,A,Yes
C23554,B,No
C23555,A,No
C23556,B,Yes
C23557,B,No
C23558,B,No
C23559,A,No
C23560,A,No
C23561,B,No
C23562,A,No
C23563,A,No
C23564,B,No
C23565,A,No
C23566,B,No
C23567,B,No
C23568,B,No
C23569,A,No
C23570,B,No
C23571,B,No
C23572,A,No
C23573,B,No
C23574,B,No
C23575,A,No
C23576,A,No
C23577,A,No
C23578,B,No
C23579,A,No
C23580,B,No
C23581,A,Yes
C23582,A,No
C23583,A,No
C23584,A,No
C23585,A,No
C23586,B,No
C23587,B,No
C23588,B,No
C23589,B,No
C23590,B,No
C23591,B,No
C23592,A,No
C23593,B,No
C23594,A,No
C23595,A,No
C23596,B,No
C23597,B,No
C23598,B,No
C23599,A,No
C23600,B,No
C23601,B,No
C23602,B,No
C23603,B,No
C23604,A,No
C23605,B,No
C23606,B,No
C23607,B,No
C23608,B,No
C23609,A,No
C23610,A,No
C23611,A,No
C23612,A,No
C23613,B,No
C23614,B,No
C23615,A,No
C23616,A,No
C23617,A,No
C23618,B,No
C23619,A,No
C23620,B,No
C23621,A,No
C23622,B,No
C23623,A,No
C23624,B,No
C23625,B,No
C23626,B,No
C23627,A,No
C23628,A,No
C23629,A,No
C23630,B,No
C23631,A,No
C23632,A,No
C23633,B,No
C23634,A,No
C23635,B,No
C23636,A,No
C23637,A,No
C23638,B,No
C23639,A,No
C23640,A,No
C23641,A,No
C23642,B,No
C23643,A,No
C23644,A,Yes
C23645,A,No
C23646,A,No
C23647,A,No
C23648,B,No
C23649,A,No
C23650,B,No
C23651,B,No
C23652,A,No
C23653,A,No
C23654,A,Yes
C23655,B,No
C23656,B,No
C23657,A,No
C23658,A,No
C23659,A,No
C23660,B,No
C23661,B,No
C23662,B,No
C23663,A,No
C23664,B,No
C23665,A,No
C23666,B,No
C23667,A,No
C23668,A,No
C23669,A,No
C23670,B,No
C23671,B,No
C23672,A,No
C23673,B,No
C23674,A,No
C23675,B,No
C23676,A,No
C23677,A,No
C23678,A,No
C23679,A,No
C23680,A,No
C23681,A,No
C23682,B,No
C23683,A,No
C23684,B,No
C23685,B,No
C23686,B,No
C23687,B,No
C23688,A,No
C23689,B,No
C23690,B,No
C23691,A,No
C23692,A,No
C23693,B,No
C23694,A,No
C23695,A,No
C23696,B,No
C23697,A,No
C23698,A,No
C23699,B,Yes
C23700,B,No
C23701,B,No
C23702,B,No
C23703,A,No
C23704,B,No
C23705,B,No
C23706,A,No
C23707,A,No
C23708,A,No
C23709,B,No
C23710,A,No
C23711,A,No
C23712,B,No
C23713,A,No
C23714,B,No
C23715,A,No
C23716,B,Yes
C23717,A,No
C23718,B,No
C23719,B,Yes
C23720,B,No
C23721,B,No
C23722,A,No
C23723,B,No
C23724,A,No
C23725,A,No
C23726,A,No
C23727,A,No
C23728,B,No
C23729,A,No
C23730,B,No
C23731,B,No
C23732,A,No
C23733,A,No
C23734,A,No
C23735,B,No
C23736,A,No
C23737,A,No
C23738,B,No
C23739,B,No
C23740,B,No
C23741,B,No
C23742,A,No
C23743,A,No
C23744,A,No
C23745,B,No
C23746,B,No
C23747,B,No
C23748,B,Yes
C23749,A,No
C23750,B,No
C23751,B,No
C23752,A,No
C23753,B,No
C23754,B,No
C23755,A,No
C23756,A,No
C23757,B,No
C23758,B,No
C23759,A,No
C23760,B,Yes
C23761,A,No
C23762,A,No
C23763,A,No
C23764,A,No
C23765,B,No
C23766,B,Yes
C23767,B,No
C23768,B,No
C23769,B,No
C23770,B,No
C23771,B,No
C23772,B,No
C23773,B,No
C23774,A,Yes
C23775,A,No
C23776,B,No
C23777,A,No
C23778,A,No
C23779,B,No
C23780,A,No
C23781,B,No
C23782,B,No
C23783,A,Yes
C23784,A,No
C23785,A,Yes
C23786,A,No
C23787,A,No
C23788,A,No
C23789,A,No
C23790,B,No
C23791,B,No
C23792,B,No
C23793,B,No
C23794,A,No
C23795,B,No
C23796,A,No
C23797,B,No
C23798,A,No
C23799,A,No
C23800,A,No
C23801,B,No
C23802,B,No
C23803,B,No
C23804,B,No
C23805,B,No
C23806,B,No
C23807,A,No
C23808,B,Yes
C23809,A,No
C23810,A,No
C23811,B,No
C23812,B,No
C23813,A,No
C23814,B,No
C23815,A,No
C23816,B,No
C23817,B,No
C23818,A,No
C23819,A,No
C23820,B,No
C23821,B,No
C23822,A,No
C23823,A,No
C23824,A,Yes
C23825,B,No
C23826,B,No
C23827,A,No
C23828,B,No
C23829,B,No
C23830,B,No
C23831,B,No
C23832,B,No
C23833,A,No
C23834,A,No
C23835,A,No
C23836,A,No
C23837,A,No
C23838,A,No
C23839,B,No
C23840,A,Yes
C23841,B,No
C23842,A,Yes
C23843,B,Yes
C23844,B,No
C23845,B,No
C23846,A,No
C23847,B,No
C23848,B,No
C23849,B,No
C23850,B,No
C23851,A,No
C23852,A,No
C23853,A,No
C23854,A,No
C23855,B,No
C23856,B,No
C23857,A,No
C23858,B,No
C23859,A,No
C23860,B,No
C23861,A,No
C23862,A,No
C23863,A,No
C23864,B,No
C23865,A,No
C23866,B,No
C23867,A,No
C23868,B,No
C23869,B,No
C23870,B,No
C23871,B,No
C23872,A,No
C23873,A,No
C23874,A,No
C23875,B,No
C23876,B,No
C23877,B,No
C23878,A,No
C23879,A,Yes
C23880,A,No
C23881,B,No
C23882,A,No
C23883,A,No
C23884,A,No
C23885,A,No
C23886,B,No
C23887,B,No
C23888,A,No
C23889,A,No
C23890,A,No
C23891,B,No
C23892,B,No
C23893,B,No
C23894,A,No
C23895,A,No
C23896,B,No
C23897,B,No
C23898,B,No
C23899,B,No
C23900,B,No
C23901,B,No
C23902,A,No
C23903,B,No
C23904,B,No
C23905,B,No
C23906,B,No
C23907,A,No
C23908,B,No
C23909,A,No
C23910,B,No
C23911,B,No
C23912,A,No
C23913,B,No
C23914,A,No
C23915,B,No
C23916,A,No
C23917,A,No
C23918,A,No
C23919,A,No
C23920,B,No
C23921,B,No
C23922,B,No
C23923,B,No
C23924,A,No
C23925,B,No
C23926,B,Yes
C23927,B,No
C23928,A,No
C23929,B,No
C23930,A,No
C23931,B,No
C23932,B,No
C23933,A,No
C23934,B,No
C23935,B,No
C23936,B,No
C23937,B,No
C23938,A,No
C23939,B,No
C23940,B,No
C23941,B,No
C23942,B,No
C23943,A,No
C23944,A,No
C23945,B,No
C23946,B,No
C23947,A,No
C23948,B,No
C23949,A,No
C23950,B,No
C23951,B,Yes
C23952,A,Yes
C23953,A,No
C23954,B,No
C23955,B,No
C23956,B,No
C23957,A,Yes
C23958,A,No
C23959,B,No
C23960,B,No
C23961,A,No
C23962,A,No
C23963,B,No
C23964,A,No
C23965,A,No
C23966,A,No
C23967,A,No
C23968,B,No
C23969,A,No
C23970,B,No
C23971,B,No
C23972,A,No
C23973,A,No
C23974,B,No
C23975,A,No
C23976,B,No
C23977,A,No
C23978,B,No
C23979,B,No
C23980,B,No
C23981,B,No
C23982,A,No
C23983,A,No
C23984,B,No
C23985,B,No
C23986,B,No
C23987,A,No
C23988,B,No
C23989,B,No
C23990,B,No
C23991,A,No
C23992,A,No
C23993,A,No
C23994,B,No
C23995,A,No
C23996,A,No
C23997,B,No
C23998,A,No
C23999,B,No
C24000,B,No
