customer,letter,applied
C00001,B,No
C00002,B,Yes
C00003,A,No
C00004,A,No
C00005,B,No
C00006,B,No
C00007,A,No
C00008,B,No
C00009,A,No
C00010,B,No
C00011,A,No
C00012,B,No
C00013,B,No
C00014,A,No
C00015,B,No
C00016,A,No
C00017,B,No
C00018,B,No
C00019,B,No
C00020,A,No
C00021,A,No
C00022,A,No
C00023,B,No
C00024,B,No
C00025,A,No
C00026,B,No
C00027,B,No
C00028,A,No
C00029,A,No
C00030,A,No
C00031,B,No
C00032,B,No
C00033,A,No
C00034,B,No
C00035,B,Yes
C00036,B,No
C00037,A,No
C00038,A,No
C00039,A,No
C00040,B,No
C00041,A,No
C00042,B,No
C00043,A,No
C00044,B,No
C00045,A,No
C00046,A,No
C00047,A,No
C00048,B,No
C00049,A,No
C00050,B,No
C00051,A,No
C00052,A,No
C00053,B,No
C00054,B,No
C00055,B,No
C00056,A,No
C00057,A,No
C00058,A,No
C00059,B,No
C00060,B,Yes
C00061,B,No
C00062,A,No
C00063,B,No
C00064,A,No
C00065,A,No
C00066,A,No
C00067,A,No
C00068,A,No
C00069,A,No
C00070,B,No
C00071,B,No
C00072,B,No
C00073,A,No
C00074,B,No
C00075,A,Yes
C00076,A,No
C00077,B,No
C00078,B,No
C00079,B,No
C00080,B,No
C00081,A,No
C00082,A,No
C00083,A,No
C00084,A,No
C00085,B,No
C00086,B,Yes
C00087,B,No
C00088,B,No
C00089,B,No
C00090,A,No
C00091,A,No
C00092,A,No
C00093,A,No
C00094,A,No
C00095,B,No
C00096,A,No
C00097,B,No
C00098,A,No
C00099,A,No
C00100,B,No
C00101,A,No
C00102,A,No
C00103,B,No
C00104,A,No
C00105,A,No
C00106,A,No
C00107,A,No
C00108,A,No
C00109,A,No
C00110,A,No
C00111,B,No
C00112,B,No
C00113,A,No
C00114,B,Yes
C00115,B,No
C00116,A,No
C00117,B,No
C00118,A,No
C00119,A,No
C00120,B,No
C00121,A,No
C00122,B,No
C00123,A,No
C00124,B,No
C00125,B,No
C00126,A,No
C00127,A,Yes
C00128,A,No
C00129,B,No
C00130,A,Yes
C00131,B,No
C00132,B,No
C00133,B,No
C00134,A,No
C00135,A,No
C00136,B,No
C00137,B,No
C00138,B,No
C00139,A,No
C00140,B,No
C00141,B,No
C00142,A,No
C00143,A,No
C00144,A,No
C00145,A,No
C00146,B,No
C00147,B,No
C00148,A,No
C00149,A,No
C00150,A,No
C00151,B,No
C00152,B,Yes
C00153,A,No
C00154,A,No
C00155,B,No
C00156,B,Yes
C00157,B,No
C00158,A,No
C00159,B,No
C00160,B,No
C00161,B,No
C00162,B,Yes
C00163,A,No
C00164,A,No
C00165,B,No
C00166,B,No
C00167,B,No
C00168,B,No
C00169,A,No
C00170,A,No
C00171,B,No
C00172,A,No
C00173,A,No
C00174,A,No
C00175,B,No
C00176,A,No
C00177,B,No
C00178,A,No
C00179,B,No
C00180,A,No
C00181,A,No
C00182,B,No
C00183,B,No
C00184,B,No
C00185,B,No
C00186,A,No
C00187,A,No
C00188,A,No
C00189,A,No
C00190,A,No
C00191,A,No
C00192,A,No
C00193,A,No
C00194,A,No
C00195,B,No
C00196,A,No
C00197,A,No
C00198,B,No
C00199,A,No
C00200,B,No
C00201,A,No
C00202,A,No
C00203,B,No
C00204,A,No
C00205,B,No
C00206,B,No
C00207,B,No
C00208,A,No
C00209,B,No
C00210,A,No
C00211,A,No
C00212,B,No
C00213,B,No
C00214,A,No
C00215,B,No
C00216,A,No
C00217,A,No
C00218,B,No
C00219,A,No
C00220,B,No
C00221,B,Yes
C00222,B,No
C00223,B,No
C00224,A,No
C00225,B,No
C00226,A,No
C00227,B,No
C00228,A,No
C00229,A,No
C00230,B,No
C00231,A,No
C00232,B,No
C00233,B,No
C00234,A,No
C00235,B,No
C00236,A,No
C00237,B,No
C00238,B,No
C00239,A,No
C00240,A,No
C00241,A,No
C00242,B,No
C00243,A,No
C00244,A,No
C00245,A,No
C00246,B,No
C00247,A,No
C00248,A,No
C00249,A,No
C00250,A,No
C00251,A,No
C00252,A,No
C00253,A,No
C00254,B,No
C00255,A,No
C00256,A,Yes
C00257,B,No
C00258,B,No
C00259,B,No
C00260,A,No
C00261,B,No
C00262,A,No
C00263,A,No
C00264,B,No
C00265,B,No
C00266,A,Yes
C00267,B,No
C00268,A,No
C00269,A,No
C00270,A,No
C00271,A,No
C00272,B,No
C00273,A,Yes
C00274,B,No
C00275,B,No
C00276,A,No
C00277,A,No
C00278,A,No
C00279,A,No
C00280,A,No
C00281,A,No
C00282,A,No
C00283,B,No
C00284,A,No
C00285,B,No
C00286,A,No
C00287,A,No
C00288,A,No
C00289,A,No
C00290,A,No
C00291,A,No
C00292,B,No
C00293,B,No
C00294,A,No
C00295,A,No
C00296,B,No
C00297,A,No
C00298,A,No
C00299,B,No
C00300,B,No
C00301,B,No
C00302,B,No
C00303,A,No
C00304,B,No
C00305,B,No
C00306,A,No
C00307,A,No
C00308,A,No
C00309,B,No
C00310,B,No
C00311,B,No
C00312,B,No
C00313,B,No
C00314,B,No
C00315,B,No
C00316,A,No
C00317,B,Yes
C00318,B,No
C00319,A,No
C00320,A,No
C00321,B,No
C00322,A,No
C00323,A,No
C00324,A,No
C00325,A,No
C00326,B,Yes
C00327,A,No
C00328,B,No
C00329,B,No
C00330,A,No
C00331,A,No
C00332,A,No
C00333,A,No
C00334,B,Yes
C00335,B,No
C00336,B,No
C00337,A,No
C00338,A,No
C00339,B,No
C00340,A,No
C00341,A,No
C00342,A,No
C00343,A,No
C00344,B,No
C00345,A,No
C00346,A,No
C00347,B,No
C00348,A,No
C00349,A,No
C00350,A,No
C00351,B,No
C00352,B,No
C00353,A,No
C00354,B,No
C00355,B,No
C00356,B,No
C00357,A,No
C00358,A,Yes
C00359,A,No
C00360,B,No
C00361,B,No
C00362,B,No
C00363,B,No
C00364,B,No
C00365,A,No
C00366,B,No
C00367,A,No
C00368,A,No
C00369,A,No
C00370,B,No
C00371,B,No
C00372,B,No
C00373,A,No
C00374,B,No
C00375,A,No
C00376,B,No
C00377,B,No
C00378,B,Yes
C00379,B,No
C00380,A,No
C00381,B,No
C00382,A,No
C00383,A,No
C00384,A,No
C00385,A,No
C00386,B,No
C00387,B,No
C00388,B,No
C00389,A,No
C00390,B,No
C00391,B,No
C00392,B,No
C00393,A,No
C00394,A,No
C00395,A,No
C00396,A,No
C00397,A,No
C00398,B,No
C00399,B,No
C00400,A,No
C00401,A,No
C00402,B,No
C00403,A,No
C00404,A,No
C00405,B,No
C00406,A,No
C00407,B,No
C00408,A,No
C00409,B,Yes
C00410,A,No
C00411,A,No
C00412,A,No
C00413,A,No
C00414,A,No
C00415,A,No
C00416,A,No
C00417,B,No
C00418,B,No
C00419,B,No
C00420,A,No
C00421,B,No
C00422,B,No
C00423,A,No
C00424,A,No
C00425,A,No
C00426,A,No
C00427,A,No
C00428,A,No
C00429,B,No
C00430,A,No
C00431,B,No
C00432,B,No
C00433,A,No
C00434,A,No
C00435,B,No
C00436,B,No
C00437,A,No
C00438,A,No
C00439,A,No
C00440,A,No
C00441,A,No
C00442,B,No
C00443,A,No
C00444,A,No
C00445,A,No
C00446,B,No
C00447,A,No
C00448,B,No
C00449,B,No
C00450,B,No
C00451,A,No
C00452,A,No
C00453,B,No
C00454,A,No
C00455,A,No
C00456,B,No
C00457,B,No
C00458,B,No
C00459,B,No
C00460,A,No
C00461,B,No
C00462,B,No
C00463,A,No
C00464,A,No
C00465,B,No
C00466,B,Yes
C00467,A,No
C00468,B,Yes
C00469,B,No
C00470,B,No
C00471,A,No
C00472,B,No
C00473,A,No
C00474,B,No
C00475,B,No
C00476,A,No
C00477,B,No
C00478,B,No
C00479,A,No
C00480,B,No
C00481,B,No
C00482,B,No
C00483,A,No
C00484,B,No
C00485,B,No
C00486,A,No
C00487,A,No
C00488,B,No
C00489,B,No
C00490,A,Yes
C00491,A,Yes
C00492,A,No
C00493,A,No
C00494,B,No
C00495,A,No
C00496,B,No
C00497,A,No
C00498,B,No
C00499,B,No
C00500,B,Yes
C00501,A,No
C00502,B,No
C00503,A,No
C00504,B,No
C00505,B,No
C00506,A,No
C00507,A,No
C00508,A,No
C00509,B,No
C00510,A,No
C00511,A,No
C00512,A,No
C00513,B,No
C00514,B,No
C00515,A,No
C00516,B,No
C00517,A,No
C00518,A,No
C00519,A,No
C00520,A,No
C00521,B,No
C00522,B,No
C00523,A,No
C00524,A,No
C00525,B,No
C00526,A,No
C00527,B,No
C00528,A,No
C00529,B,No
C00530,B,No
C00531,B,No
C00532,B,No
C00533,A,No
C00534,A,No
C00535,B,No
C00536,A,No
C00537,B,No
C00538,B,No
C00539,A,Yes
C00540,B,No
C00541,B,No
C00542,A,Yes
C00543,A,No
C00544,B,No
C00545,A,No
C00546,A,No
C00547,B,No
C00548,A,No
C00549,A,No
C00550,A,No
C00551,B,No
C00552,B,No
C00553,A,No
C00554,A,No
C00555,B,No
C00556,A,No
C00557,A,No
C00558,B,No
C00559,A,No
C00560,B,No
C00561,B,No
C00562,B,No
C00563,B,No
C00564,A,No
C00565,B,No
C00566,B,No
C00567,B,No
C00568,B,No
C00569,B,Yes
C00570,A,No
C00571,A,No
C00572,B,No
C00573,A,No
C00574,A,No
C00575,B,No
C00576,A,No
C00577,A,Yes
C00578,A,No
C00579,A,No
C00580,B,No
C00581,B,No
C00582,B,No
C00583,A,No
C00584,B,Yes
C00585,B,No
C00586,B,No
C00587,A,No
C00588,A,No
C00589,B,No
C00590,B,No
C00591,A,No
C00592,A,No
C00593,B,No
C00594,A,No
C00595,A,No
C00596,A,No
C00597,B,No
C00598,B,No
C00599,B,No
C00600,B,No
C00601,B,No
C00602,B,No
C00603,A,No
C00604,A,Yes
C00605,B,No
C00606,A,No
C00607,A,No
C00608,A,Yes
C00609,A,No
C00610,B,No
C00611,A,No
C00612,B,No
C00613,B,No
C00614,B,No
C00615,B,Yes
C00616,B,No
C00617,B,No
C00618,A,Yes
C00619,A,No
C00620,B,No
C00621,A,No
C00622,A,No
C00623,B,No
C00624,B,No
C00625,B,No
C00626,B,No
C00627,A,No
C00628,A,Yes
C00629,A,No
C00630,A,No
C00631,A,No
C00632,A,No
C00633,B,No
C00634,B,No
C00635,B,No
C00636,B,No
C00637,B,No
C00638,B,No
C00639,A,No
C00640,B,No
C00641,B,No
C00642,A,Yes
C00643,A,No
C00644,A,No
C00645,A,No
C00646,B,No
C00647,A,No
C00648,A,No
C00649,A,No
C00650,B,No
C00651,B,No
C00652,A,No
C00653,A,No
C00654,B,No
C00655,A,No
C00656,B,No
C00657,B,No
C00658,A,No
C00659,A,No
C00660,B,No
C00661,B,No
C00662,A,No
C00663,B,No
C00664,A,No
C00665,B,No
C00666,B,No
C00667,A,No
C00668,A,No
C00669,B,No
C00670,A,No
C00671,A,No
C00672,A,No
C00673,B,No
C00674,A,No
C00675,B,No
C00676,A,No
C00677,B,No
C00678,A,No
C00679,A,No
C00680,B,Yes
C00681,B,Yes
C00682,A,No
C00683,A,No
C00684,A,No
C00685,A,No
C00686,B,No
C00687,B,Yes
C00688,B,No
C00689,B,No
C00690,B,No
C00691,B,No
C00692,B,No
C00693,A,No
C00694,B,No
C00695,B,No
C00696,A,No
C00697,B,No
C00698,B,No
C00699,B,No
C00700,B,No
C00701,B,No
C00702,B,No
C00703,A,No
C00704,A,No
C00705,B,No
C00706,A,No
C00707,A,No
C00708,B,No
C00709,B,No
C00710,B,No
C00711,B,No
C00712,A,No
C00713,A,No
C00714,B,No
C00715,B,No
C00716,A,No
C00717,B,No
C00718,B,No
C00719,B,No
C00720,B,No
C00721,A,No
C00722,B,No
C00723,B,No
C00724,A,No
C00725,A,No
C00726,B,No
C00727,A,No
C00728,B,No
C00729,B,No
C00730,A,No
C00731,B,No
C00732,B,Yes
C00733,B,No
C00734,A,No
C00735,A,Yes
C00736,A,No
C00737,B,No
C00738,A,No
C00739,B,No
C00740,A,No
C00741,B,No
C00742,B,No
C00743,A,No
C00744,B,No
C00745,A,No
C00746,A,No
C00747,A,No
C00748,A,No
C00749,A,No
C00750,A,No
C00751,B,No
C00752,B,No
C00753,A,No
C00754,A,No
C00755,B,No
C00756,B,No
C00757,A,No
C00758,B,No
C00759,A,No
C00760,A,No
C00761,B,Yes
C00762,B,No
C00763,B,No
C00764,A,No
C00765,A,No
C00766,B,No
C00767,B,No
C00768,A,No
C00769,B,No
C00770,A,No
C00771,B,No
C00772,A,No
C00773,A,No
C00774,B,Yes
C00775,A,No
C00776,A,No
C00777,B,No
C00778,A,Yes
C00779,A,No
C00780,B,No
C00781,B,No
C00782,A,No
C00783,B,No
C00784,B,No
C00785,A,No
C00786,A,No
C00787,B,No
C00788,B,No
C00789,B,No
C00790,B,Yes
C00791,A,No
C00792,A,No
C00793,B,No
C00794,A,No
C00795,B,No
C00796,A,No
C00797,B,No
C00798,B,No
C00799,B,No
C00800,A,No
C00801,B,No
C00802,B,No
C00803,A,No
C00804,A,No
C00805,A,No
C00806,A,Yes
C00807,B,No
C00808,B,No
C00809,A,No
C00810,B,No
C00811,B,No
C00812,A,No
C00813,A,No
C00814,B,No
C00815,B,No
C00816,B,No
C00817,B,No
C00818,A,No
C00819,B,No
C00820,A,No
C00821,A,No
C00822,A,No
C00823,A,No
C00824,B,No
C00825,B,No
C00826,B,No
C00827,A,No
C00828,B,No
C00829,B,No
C00830,B,No
C00831,A,No
C00832,A,No
C00833,A,No
C00834,A,No
C00835,B,No
C00836,B,No
C00837,B,No
C00838,A,No
C00839,A,No
C00840,B,No
C00841,A,Yes
C00842,B,No
C00843,B,No
C00844,A,No
C00845,B,No
C00846,A,No
C00847,A,No
C00848,B,No
C00849,A,Yes
C00850,B,No
C00851,A,No
C00852,B,No
C00853,B,No
C00854,B,No
C00855,B,No
C00856,A,No
C00857,B,No
C00858,A,No
C00859,A,No
C00860,A,No
C00861,B,No
C00862,A,No
C00863,B,No
C00864,B,No
C00865,B,No
C00866,A,No
C00867,B,No
C00868,B,No
C00869,A,No
C00870,A,No
C00871,B,No
C00872,A,No
C00873,A,No
C00874,B,No
C00875,A,No
C00876,B,No
C00877,A,No
C00878,A,No
C00879,A,No
C00880,B,No
C00881,B,No
C00882,B,No
C00883,A,No
C00884,B,No
C00885,A,No
C00886,B,No
C00887,B,No
C00888,A,No
C00889,B,No
C00890,A,No
C00891,A,No
C00892,A,Yes
C00893,A,No
C00894,B,No
C00895,A,No
C00896,B,No
C00897,B,No
C00898,B,No
C00899,B,No
C00900,A,Yes
C00901,A,No
C00902,B,No
C00903,B,No
C00904,B,No
C00905,A,No
C00906,B,No
C00907,A,No
C00908,B,No
C00909,A,No
C00910,A,No
C00911,A,No
C00912,A,No
C00913,B,Yes
C00914,A,No
C00915,B,Yes
C00916,B,No
C00917,A,No
C00918,B,Yes
C00919,A,No
C00920,B,No
C00921,B,No
C00922,B,No
C00923,A,No
C00924,A,No
C00925,B,No
C00926,B,No
C00927,A,No
C00928,A,No
C00929,A,No
C00930,A,Yes
C00931,A,No
C00932,B,No
C00933,A,No
C00934,B,No
C00935,B,No
C00936,B,No
C00937,A,No
C00938,B,No
C00939,A,No
C00940,B,No
C00941,B,No
C00942,B,No
C00943,B,No
C00944,B,No
C00945,A,No
C00946,A,No
C00947,B,No
C00948,A,No
C00949,B,No
C00950,B,No
C00951,B,No
C00952,A,No
C00953,B,No
C00954,B,Yes
C00955,B,No
C00956,A,No
C00957,A,No
C00958,B,No
C00959,B,No
C00960,A,No
C00961,B,No
C00962,A,No
C00963,B,No
C00964,B,Yes
C00965,B,No
C00966,A,No
C00967,B,No
C00968,A,No
C00969,A,No
C00970,A,No
C00971,A,No
C00972,A,No
C00973,B,No
C00974,B,No
C00975,A,No
C00976,B,No
C00977,B,No
C00978,B,No
C00979,A,No
C00980,B,No
C00981,A,No
C00982,A,No
C00983,B,No
C00984,A,No
C00985,B,No
C00986,B,No
C00987,A,No
C00988,B,No
C00989,B,No
C00990,B,No
C00991,B,Yes
C00992,B,No
C00993,A,No
C00994,B,No
C00995,A,No
C00996,A,No
C00997,A,No
C00998,A,No
C00999,B,No
C01000,B,No
C01001,B,No
C01002,B,No
C01003,B,No
C01004,B,No
C01005,A,No
C01006,A,No
C01007,B,Yes
C01008,A,No
C01009,A,No
C01010,B,No
C01011,B,No
C01012,B,No
C01013,A,No
C01014,A,No
C01015,A,No
C01016,B,No
C01017,B,No
C01018,B,No
C01019,B,No
C01020,A,No
C01021,B,No
C01022,A,No
C01023,A,No
C01024,A,No
C01025,B,No
C01026,B,Yes
C01027,B,Yes
C01028,B,Yes
C01029,A,No
C01030,A,No
C01031,A,No
C01032,B,No
C01033,B,No
C01034,B,No
C01035,A,No
C01036,B,No
C01037,B,No
C01038,A,Yes
C01039,A,No
C01040,B,Yes
C01041,B,No
C01042,A,No
C01043,A,No
C01044,A,No
C01045,A,No
C01046,A,No
C01047,B,No
C01048,A,No
C01049,B,No
C01050,B,No
C01051,B,No
C01052,B,No
C01053,A,No
C01054,A,No
C01055,A,No
C01056,A,No
C01057,B,No
C01058,A,No
C01059,A,No
C01060,B,No
C01061,B,No
C01062,B,No
C01063,A,No
C01064,A,No
C01065,B,No
C01066,B,No
C01067,A,No
C01068,A,No
C01069,B,No
C01070,A,No
C01071,A,No
C01072,B,No
C01073,B,No
C01074,B,No
C01075,B,No
C01076,B,No
C01077,B,No
C01078,A,No
C01079,A,No
C01080,B,No
C01081,A,No
C01082,A,No
C01083,B,No
C01084,A,No
C01085,B,No
C01086,A,No
C01087,A,No
C01088,A,No
C01089,B,No
C01090,A,Yes
C01091,A,No
C01092,B,No
C01093,B,No
C01094,A,No
C01095,B,No
C01096,B,No
C01097,A,No
C01098,A,Yes
C01099,B,No
C01100,A,No
C01101,A,Yes
C01102,B,No
C01103,A,No
C01104,A,No
C01105,A,No
C01106,B,No
C01107,A,No
C01108,A,No
C01109,B,No
C01110,A,No
C01111,A,No
C01112,A,No
C01113,B,No
C01114,A,No
C01115,B,No
C01116,B,Yes
C01117,B,No
C01118,B,No
C01119,B,No
C01120,B,No
C01121,B,No
C01122,B,No
C01123,B,No
C01124,A,No
C01125,A,No
C01126,A,No
C01127,A,No
C01128,B,No
C01129,B,No
C01130,B,No
C01131,A,No
C01132,B,No
C01133,A,No
C01134,B,No
C01135,B,No
C01136,A,No
C01137,A,No
C01138,A,No
C01139,B,Yes
C01140,A,No
C01141,A,No
C01142,B,No
C01143,B,No
C01144,B,No
C01145,A,No
C01146,A,No
C01147,B,No
C01148,A,No
C01149,B,No
C01150,B,No
C01151,A,No
C01152,A,No
C01153,B,No
C01154,B,No
C01155,A,No
C01156,A,No
C01157,B,No
C01158,B,No
C01159,B,No
C01160,B,Yes
C01161,B,No
C01162,B,No
C01163,A,No
C01164,A,No
C01165,B,No
C01166,B,No
C01167,A,No
C01168,A,No
C01169,B,No
C01170,A,No
C01171,B,No
C01172,A,No
C01173,A,No
C01174,A,No
C01175,B,No
C01176,B,No
C01177,A,No
C01178,B,No
C01179,A,No
C01180,A,No
C01181,A,No
C01182,A,No
C01183,A,No
C01184,B,No
C01185,A,No
C01186,B,No
C01187,B,No
C01188,B,No
C01189,B,No
C01190,B,No
C01191,B,No
C01192,B,No
C01193,B,No
C01194,A,No
C01195,B,No
C01196,A,No
C01197,A,No
C01198,B,No
C01199,B,No
C01200,A,No
C01201,B,No
C01202,A,No
C01203,B,No
C01204,B,No
C01205,A,No
C01206,A,No
C01207,B,No
C01208,A,No
C01209,A,No
C01210,B,No
C01211,A,No
C01212,B,No
C01213,A,No
C01214,B,No
C01215,B,No
C01216,A,No
C01217,A,No
C01218,A,No
C01219,B,No
C01220,B,No
C01221,B,Yes
C01222,B,No
C01223,A,No
C01224,A,No
C01225,A,No
C01226,B,No
C01227,A,No
C01228,A,No
C01229,B,No
C01230,B,No
C01231,A,No
C01232,A,No
C01233,B,No
C01234,B,No
C01235,A,No
C01236,A,No
C01237,B,No
C01238,B,No
C01239,A,No
C01240,B,No
C01241,B,Yes
C01242,B,No
C01243,A,No
C01244,B,No
C01245,A,No
C01246,B,No
C01247,A,No
C01248,A,No
C01249,A,No
C01250,B,No
C01251,B,No
C01252,A,No
C01253,A,No
C01254,B,No
C01255,A,No
C01256,B,No
C01257,A,No
C01258,A,No
C01259,A,No
C01260,B,No
C01261,B,No
C01262,A,No
C01263,A,No
C01264,B,No
C01265,A,No
C01266,B,No
C01267,B,No
C01268,A,No
C01269,B,No
C01270,A,No
C01271,A,No
C01272,B,No
C01273,B,No
C01274,A,No
C01275,A,No
C01276,B,No
C01277,B,No
C01278,B,No
C01279,A,No
C01280,B,No
C01281,A,No
C01282,B,No
C01283,A,No
C01284,A,No
C01285,B,No
C01286,B,Yes
C01287,A,No
C01288,A,Yes
C01289,B,No
C01290,B,No
C01291,B,No
C01292,B,No
C01293,B,No
C01294,A,No
C01295,B,No
C01296,B,No
C01297,B,No
C01298,A,No
C01299,A,No
C01300,B,No
C01301,B,No
C01302,A,No
C01303,B,No
C01304,A,No
C01305,B,No
C01306,B,No
C01307,B,No
C01308,A,No
C01309,A,No
C01310,B,No
C01311,A,No
C01312,A,No
C01313,A,No
C01314,B,No
C01315,A,No
C01316,A,No
C01317,A,No
C01318,B,No
C01319,B,No
C01320,A,No
C01321,A,No
C01322,A,No
C01323,B,No
C01324,B,No
C01325,A,No
C01326,B,No
C01327,B,No
C01328,B,No
C01329,A,No
C01330,A,No
C01331,A,No
C01332,A,No
C01333,B,No
C01334,A,No
C01335,B,No
C01336,A,No
C01337,B,No
C01338,B,No
C01339,B,No
C01340,A,No
C01341,B,No
C01342,A,No
C01343,B,No
C01344,B,Yes
C01345,A,No
C01346,B,No
C01347,A,Yes
C01348,B,No
C01349,B,No
C01350,B,No
C01351,A,No
C01352,B,No
C01353,B,No
C01354,A,No
C01355,A,No
C01356,A,No
C01357,B,No
C01358,B,Yes
C01359,B,No
C01360,A,No
C01361,A,No
C01362,B,No
C01363,A,No
C01364,B,No
C01365,A,No
C01366,B,No
C01367,A,No
C01368,B,No
C01369,A,No
C01370,B,No
C01371,A,No
C01372,A,No
C01373,A,No
C01374,B,No
C01375,B,No
C01376,A,No
C01377,A,No
C01378,B,No
C01379,A,No
C01380,B,No
C01381,B,No
C01382,B,No
C01383,B,No
C01384,B,No
C01385,B,No
C01386,B,No
C01387,A,No
C01388,A,Yes
C01389,B,No
C01390,A,No
C01391,A,No
C01392,A,No
C01393,A,No
C01394,A,No
C01395,A,No
C01396,B,No
C01397,A,No
C01398,A,No
C01399,B,No
C01400,A,No
C01401,B,No
C01402,B,No
C01403,B,No
C01404,B,No
C01405,A,No
C01406,A,No
C01407,B,No
C01408,A,No
C01409,B,No
C01410,A,Yes
C01411,A,No
C01412,A,No
C01413,B,No
C01414,A,No
C01415,A,No
C01416,B,No
C01417,B,No
C01418,A,No
C01419,B,No
C01420,B,No
C01421,A,No
C01422,B,No
C01423,B,No
C01424,B,No
C01425,A,No
C01426,B,No
C01427,A,No
C01428,B,No
C01429,A,No
C01430,A,No
C01431,B,No
C01432,B,No
C01433,A,No
C01434,A,No
C01435,A,No
C01436,B,No
C01437,A,No
C01438,B,No
C01439,A,No
C01440,A,No
C01441,B,No
C01442,A,No
C01443,A,No
C01444,B,No
C01445,A,Yes
C01446,B,No
C01447,B,No
C01448,A,No
C01449,B,No
C01450,A,No
C01451,A,No
C01452,B,No
C01453,B,No
C01454,A,No
C01455,B,No
C01456,B,No
C01457,A,No
C01458,A,No
C01459,A,No
C01460,A,No
C01461,A,No
C01462,A,No
C01463,B,No
C01464,A,No
C01465,A,No
C01466,B,No
C01467,B,No
C01468,A,No
C01469,B,No
C01470,B,No
C01471,A,No
C01472,A,No
C01473,A,No
C01474,B,No
C01475,A,No
C01476,B,No
C01477,A,No
C01478,B,No
C01479,A,No
C01480,B,No
C01481,B,No
C01482,A,No
C01483,B,No
C01484,A,No
C01485,A,No
C01486,B,No
C01487,A,No
C01488,A,No
C01489,A,Yes
C01490,A,No
C01491,B,No
C01492,A,No
C01493,A,No
C01494,A,No
C01495,B,Yes
C01496,B,No
C01497,B,No
C01498,A,No
C01499,B,No
C01500,B,No
C01501,B,No
C01502,A,No
C01503,B,No
C01504,A,No
C01505,B,No
C01506,A,Yes
C01507,A,No
C01508,B,No
C01509,A,No
C01510,B,No
C01511,B,Yes
C01512,A,No
C01513,A,No
C01514,B,No
C01515,B,No
C01516,B,Yes
C01517,B,Yes
C01518,A,No
C01519,A,No
C01520,B,No
C01521,A,No
C01522,B,No
C01523,A,No
C01524,B,No
C01525,B,No
C01526,B,No
C01527,A,No
C01528,B,No
C01529,B,No
C01530,B,No
C01531,B,No
C01532,A,No
C01533,A,No
C01534,A,No
C01535,B,No
C01536,B,Yes
C01537,B,No
C01538,A,No
C01539,A,No
C01540,A,No
C01541,A,No
C01542,B,No
C01543,A,No
C01544,A,Yes
C01545,B,No
C01546,A,No
C01547,A,No
C01548,A,No
C01549,A,No
C01550,A,No
C01551,A,No
C01552,B,No
C01553,B,No
C01554,B,No
C01555,A,No
C01556,B,No
C01557,B,No
C01558,B,No
C01559,A,No
C01560,A,No
C01561,B,No
C01562,B,No
C01563,B,No
C01564,B,No
C01565,A,No
C01566,B,No
C01567,A,No
C01568,A,No
C01569,A,No
C01570,B,No
C01571,A,No
C01572,B,No
C01573,B,No
C01574,B,Yes
C01575,A,No
C01576,A,No
C01577,A,No
C01578,A,No
C01579,A,No
C01580,A,No
C01581,A,No
C01582,A,No
C01583,B,No
C01584,A,No
C01585,B,No
C01586,B,No
C01587,A,No
C01588,B,No
C01589,A,No
C01590,A,No
C01591,A,No
C01592,B,No
C01593,A,No
C01594,B,No
C01595,B,No
C01596,B,No
C01597,A,No
C01598,B,No
C01599,B,No
C01600,B,No
C01601,B,No
C01602,B,No
C01603,B,No
C01604,A,No
C01605,B,No
C01606,B,No
C01607,A,No
C01608,B,No
C01609,A,No
C01610,B,No
C01611,A,No
C01612,A,No
C01613,B,No
C01614,B,No
C01615,A,No
C01616,B,No
C01617,B,No
C01618,B,No
C01619,A,No
C01620,A,No
C01621,A,No
C01622,A,No
C01623,B,No
C01624,B,Yes
C01625,B,No
C01626,A,No
C01627,B,No
C01628,A,No
C01629,A,No
C01630,B,Yes
C01631,B,No
C01632,B,No
C01633,B,No
C01634,B,No
C01635,B,No
C01636,A,No
C01637,A,No
C01638,B,No
C01639,B,No
C01640,A,No
C01641,A,No
C01642,B,No
C01643,A,No
C01644,B,No
C01645,B,Yes
C01646,A,No
C01647,A,No
C01648,A,No
C01649,A,Yes
C01650,B,No
C01651,A,No
C01652,B,No
C01653,B,No
C01654,B,No
C01655,A,No
C01656,A,No
C01657,A,No
C01658,B,No
C01659,B,No
C01660,B,No
C01661,B,No
C01662,B,No
C01663,B,No
C01664,B,No
C01665,A,No
C01666,B,Yes
C01667,B,No
C01668,A,No
C01669,B,No
C01670,B,No
C01671,B,Yes
C01672,B,No
C01673,A,No
C01674,B,No
C01675,A,No
C01676,B,No
C01677,B,No
C01678,A,No
C01679,B,No
C01680,B,No
C01681,A,No
C01682,A,No
C01683,A,No
C01684,B,No
C01685,A,No
C01686,A,No
C01687,B,No
C01688,B,No
C01689,A,No
C01690,A,No
C01691,A,Yes
C01692,A,No
C01693,A,No
C01694,A,No
C01695,B,No
C01696,A,No
C01697,A,No
C01698,A,No
C01699,A,No
C01700,B,No
C01701,A,No
C01702,A,Yes
C01703,B,No
C01704,A,Yes
C01705,B,Yes
C01706,A,No
C01707,B,No
C01708,A,No
C01709,B,No
C01710,A,Yes
C01711,A,No
C01712,A,No
C01713,B,No
C01714,B,No
C01715,A,No
C01716,B,No
C01717,B,No
C01718,A,No
C01719,A,No
C01720,B,No
C01721,A,No
C01722,B,Yes
C01723,A,No
C01724,B,No
C01725,B,No
C01726,B,No
C01727,B,No
C01728,B,No
C01729,B,No
C01730,B,No
C01731,A,No
C01732,B,No
C01733,B,Yes
C01734,A,Yes
C01735,A,No
C01736,A,No
C01737,A,No
C01738,A,No
C01739,B,No
C01740,A,No
C01741,A,No
C01742,A,No
C01743,A,No
C01744,B,No
C01745,B,No
C01746,B,No
C01747,B,No
C01748,A,Yes
C01749,A,No
C01750,A,No
C01751,A,No
C01752,A,No
C01753,A,No
C01754,B,No
C01755,A,No
C01756,B,No
C01757,B,No
C01758,B,No
C01759,B,No
C01760,B,Yes
C01761,A,No
C01762,B,No
C01763,B,No
C01764,B,No
C01765,B,No
C01766,A,No
C01767,B,No
C01768,B,No
C01769,B,No
C01770,A,No
C01771,B,No
C01772,A,No
C01773,A,No
C01774,A,Yes
C01775,B,No
C01776,A,No
C01777,A,No
C01778,B,No
C01779,A,No
C01780,B,No
C01781,B,No
C01782,A,No
C01783,A,No
C01784,A,No
C01785,B,No
C01786,A,No
C01787,B,No
C01788,A,No
C01789,B,No
C01790,A,No
C01791,B,No
C01792,B,No
C01793,A,Yes
C01794,B,No
C01795,A,No
C01796,B,No
C01797,B,No
C01798,B,No
C01799,A,No
C01800,A,No
C01801,B,No
C01802,B,No
C01803,A,No
C01804,A,No
C01805,B,No
C01806,B,No
C01807,A,No
C01808,B,No
C01809,A,No
C01810,B,No
C01811,A,No
C01812,B,No
C01813,A,No
C01814,A,No
C01815,A,No
C01816,B,No
C01817,B,No
C01818,B,No
C01819,B,No
C01820,B,Yes
C01821,B,No
C01822,B,No
C01823,A,No
C01824,A,No
C01825,A,No
C01826,B,No
C01827,A,No
C01828,A,No
C01829,B,No
C01830,A,No
C01831,B,No
C01832,B,No
C01833,A,No
C01834,B,No
C01835,B,No
C01836,A,No
C01837,B,Yes
C01838,B,No
C01839,B,No
C01840,A,No
C01841,B,No
C01842,A,No
C01843,B,No
C01844,A,No
C01845,B,No
C01846,B,No
C01847,B,No
C01848,A,Yes
C01849,A,No
C01850,A,No
C01851,A,No
C01852,A,No
C01853,B,No
C01854,A,No
C01855,B,No
C01856,B,Yes
C01857,B,No
C01858,B,No
C01859,B,No
C01860,B,No
C01861,A,No
C01862,A,No
C01863,B,No
C01864,B,No
C01865,B,No
C01866,B,No
C01867,B,No
C01868,B,No
C01869,B,No
C01870,B,No
C01871,A,No
C01872,A,No
C01873,A,No
C01874,B,No
C01875,B,Yes
C01876,B,No
C01877,A,No
C01878,B,No
C01879,A,No
C01880,B,No
C01881,A,No
C01882,B,No
C01883,A,No
C01884,A,No
C01885,A,No
C01886,A,No
C01887,B,No
C01888,A,No
C01889,B,No
C01890,B,Yes
C01891,A,No
C01892,B,No
C01893,B,No
C01894,A,No
C01895,A,No
C01896,B,No
C01897,A,No
C01898,B,No
C01899,B,No
C01900,B,No
C01901,B,Yes
C01902,A,No
C01903,A,No
C01904,A,No
C01905,A,No
C01906,A,No
C01907,B,No
C01908,A,No
C01909,A,Yes
C01910,A,No
C01911,A,No
C01912,B,No
C01913,A,No
C01914,A,No
C01915,A,No
C01916,A,No
C01917,B,No
C01918,B,No
C01919,A,No
C01920,B,No
C01921,B,No
C01922,B,No
C01923,B,No
C01924,B,No
C01925,A,No
C01926,A,No
C01927,B,No
C01928,A,No
C01929,A,No
C01930,B,No
C01931,A,Yes
C01932,A,No
C01933,A,No
C01934,A,No
C01935,A,No
C01936,A,No
C01937,A,No
C01938,B,No
C01939,A,No
C01940,B,No
C01941,B,No
C01942,A,Yes
C01943,B,No
C01944,B,No
C01945,B,No
C01946,A,No
C01947,B,No
C01948,B,Yes
C01949,B,No
C01950,A,No
C01951,A,No
C01952,B,No
C01953,B,No
C01954,B,No
C01955,A,No
C01956,A,No
C01957,B,Yes
C01958,B,No
C01959,A,No
C01960,B,No
C01961,A,Yes
C01962,A,No
C01963,B,No
C01964,B,No
C01965,B,No
C01966,A,No
C01967,A,No
C01968,B,No
C01969,A,No
C01970,B,No
C01971,A,No
C01972,A,No
C01973,A,No
C01974,A,Yes
C01975,A,No
C01976,B,No
C01977,B,No
C01978,B,No
C01979,A,No
C01980,B,No
C01981,A,No
C01982,A,No
C01983,B,No
C01984,A,No
C01985,B,No
C01986,B,No
C01987,A,No
C01988,A,No
C01989,B,No
C01990,A,No
C01991,B,No
C01992,A,No
C01993,B,No
C01994,B,No
C01995,B,No
C01996,B,Yes
C01997,A,No
C01998,A,No
C01999,A,No
C02000,B,No
C02001,A,No
C02002,B,No
C02003,B,No
C02004,A,No
C02005,B,No
C02006,A,No
C02007,A,No
C02008,A,No
C02009,A,No
C02010,A,No
C02011,B,No
C02012,B,No
C02013,B,No
C02014,B,No
C02015,B,No
C02016,B,No
C02017,A,No
C02018,A,No
C02019,B,No
C02020,A,No
C02021,B,No
C02022,A,No
C02023,A,No
C02024,A,No
C02025,A,No
C02026,A,No
C02027,A,No
C02028,A,No
C02029,A,No
C02030,B,No
C02031,B,No
C02032,A,No
C02033,A,No
C02034,A,No
C02035,B,No
C02036,A,Yes
C02037,B,No
C02038,B,No
C02039,B,No
C02040,A,No
C02041,B,Yes
C02042,B,No
C02043,A,No
C02044,B,No
C02045,A,No
C02046,B,Yes
C02047,B,No
C02048,A,No
C02049,B,No
C02050,B,No
C02051,B,No
C02052,A,No
C02053,A,No
C02054,A,No
C02055,A,No
C02056,A,No
C02057,B,No
C02058,B,No
C02059,B,No
C02060,A,No
C02061,A,No
C02062,B,No
C02063,A,No
C02064,A,No
C02065,B,No
C02066,B,No
C02067,B,No
C02068,B,No
C02069,A,No
C02070,A,No
C02071,A,Yes
C02072,A,No
C02073,B,No
C02074,B,No
C02075,B,No
C02076,A,No
C02077,A,No
C02078,B,No
C02079,A,No
C02080,A,No
C02081,B,No
C02082,B,No
C02083,B,Yes
C02084,A,No
C02085,A,No
C02086,B,No
C02087,B,No
C02088,B,No
C02089,A,No
C02090,B,No
C02091,A,Yes
C02092,B,No
C02093,A,No
C02094,A,No
C02095,B,No
C02096,B,No
C02097,B,No
C02098,B,No
C02099,A,No
C02100,A,No
C02101,A,No
C02102,B,No
C02103,B,No
C02104,B,No
C02105,A,No
C02106,A,No
C02107,B,No
C02108,A,No
C02109,B,Yes
C02110,B,No
C02111,A,No
C02112,B,No
C02113,B,No
C02114,A,No
C02115,B,No
C02116,B,No
C02117,A,No
C02118,A,No
C02119,B,No
C02120,B,No
C02121,B,No
C02122,A,No
C02123,A,No
C02124,B,No
C02125,A,No
C02126,B,No
C02127,A,No
C02128,A,No
C02129,B,No
C02130,B,No
C02131,B,No
C02132,A,No
C02133,B,No
C02134,A,No
C02135,B,No
C02136,A,Yes
C02137,B,No
C02138,B,No
C02139,B,Yes
C02140,A,No
C02141,B,No
C02142,A,No
C02143,A,No
C02144,B,No
C02145,A,No
C02146,A,No
C02147,A,No
C02148,B,Yes
C02149,B,No
C02150,B,No
C02151,B,No
C02152,A,No
C02153,A,No
C02154,B,No
C02155,A,No
C02156,B,No
C02157,B,No
C02158,A,No
C02159,A,No
C02160,B,No
C02161,B,No
C02162,A,No
C02163,B,No
C02164,B,No
C02165,A,No
C02166,B,No
C02167,A,No
C02168,A,No
C02169,A,No
C02170,B,No
C02171,B,No
C02172,B,No
C02173,A,No
C02174,B,Yes
C02175,B,No
C02176,A,No
C02177,A,No
C02178,B,No
C02179,A,No
C02180,B,Yes
C02181,A,No
C02182,B,No
C02183,A,No
C02184,B,No
C02185,B,No
C02186,B,No
C02187,A,No
C02188,A,No
C02189,B,No
C02190,A,No
C02191,B,Yes
C02192,A,Yes
C02193,B,No
C02194,B,No
C02195,B,No
C02196,B,No
C02197,A,No
C02198,B,No
C02199,A,No
C02200,B,No
C02201,B,No
C02202,A,No
C02203,A,No
C02204,B,No
C02205,B,No
C02206,B,No
C02207,A,No
C02208,A,No
C02209,A,No
C02210,B,No
C02211,B,No
C02212,A,No
C02213,A,No
C02214,A,No
C02215,B,No
C02216,B,No
C02217,B,No
C02218,A,No
C02219,B,No
C02220,B,No
C02221,A,No
C02222,B,Yes
C02223,A,No
C02224,B,No
C02225,A,No
C02226,B,No
C02227,A,No
C02228,A,No
C02229,B,No
C02230,A,No
C02231,A,No
C02232,A,No
C02233,B,No
C02234,B,No
C02235,B,No
C02236,B,No
C02237,A,No
C02238,A,No
C02239,A,No
C02240,B,No
C02241,B,No
C02242,A,No
C02243,B,No
C02244,B,No
C02245,A,No
C02246,A,No
C02247,A,No
C02248,B,No
C02249,A,No
C02250,A,No
C02251,B,No
C02252,A,No
C02253,B,No
C02254,B,No
C02255,A,No
C02256,B,No
C02257,A,No
C02258,A,No
C02259,B,No
C02260,A,No
C02261,A,Yes
C02262,A,No
C02263,B,No
C02264,A,No
C02265,B,No
C02266,B,No
C02267,A,No
C02268,B,No
C02269,B,No
C02270,B,No
C02271,B,No
C02272,A,No
C02273,A,No
C02274,A,No
C02275,A,Yes
C02276,B,No
C02277,B,No
C02278,B,No
C02279,A,No
C02280,A,No
C02281,A,No
C02282,A,No
C02283,A,No
C02284,B,No
C02285,A,No
C02286,A,No
C02287,B,No
C02288,B,Yes
C02289,A,No
C02290,A,No
C02291,A,No
C02292,A,No
C02293,A,No
C02294,B,No
C02295,B,No
C02296,B,No
C02297,A,No
C02298,A,No
C02299,B,No
C02300,A,Yes
C02301,B,No
C02302,B,No
C02303,A,No
C02304,B,No
C02305,A,No
C02306,A,No
C02307,A,No
C02308,B,No
C02309,B,No
C02310,B,No
C02311,A,No
C02312,A,No
C02313,A,No
C02314,A,No
C02315,B,No
C02316,B,No
C02317,A,No
C02318,A,No
C02319,B,No
C02320,A,No
C02321,B,No
C02322,A,No
C02323,B,No
C02324,A,No
C02325,A,No
C02326,B,No
C02327,A,No
C02328,B,No
C02329,A,No
C02330,A,No
C02331,B,No
C02332,B,No
C02333,B,No
C02334,B,No
C02335,A,No
C02336,A,No
C02337,A,No
C02338,B,No
C02339,A,No
C02340,B,No
C02341,A,No
C02342,A,No
C02343,A,No
C02344,B,No
C02345,B,No
C02346,B,No
C02347,A,No
C02348,B,No
C02349,B,No
C02350,A,No
C02351,B,No
C02352,A,No
C02353,B,No
C02354,B,No
C02355,A,No
C02356,A,No
C02357,A,No
C02358,B,Yes
C02359,A,No
C02360,B,No
C02361,B,No
C02362,A,No
C02363,B,No
C02364,B,No
C02365,A,No
C02366,A,No
C02367,B,No
C02368,A,No
C02369,A,No
C02370,A,No
C02371,B,No
C02372,A,No
C02373,B,No
C02374,B,No
C02375,B,No
C02376,B,No
C02377,A,No
C02378,B,No
C02379,B,No
C02380,B,No
C02381,A,No
C02382,A,No
C02383,B,No
C02384,B,Yes
C02385,B,No
C02386,B,No
C02387,A,No
C02388,B,No
C02389,A,No
C02390,A,No
C02391,A,No
C02392,A,No
C02393,A,No
C02394,B,No
C02395,A,No
C02396,A,No
C02397,A,No
C02398,A,No
C02399,B,No
C02400,A,No
C02401,A,No
C02402,A,No
C02403,A,No
C02404,B,No
C02405,A,No
C02406,A,No
C02407,A,No
C02408,B,No
C02409,A,No
C02410,A,No
C02411,A,No
C02412,B,No
C02413,A,No
C02414,B,No
C02415,B,No
C02416,B,No
C02417,A,No
C02418,B,No
C02419,B,No
C02420,A,No
C02421,A,No
C02422,A,No
C02423,A,No
C02424,A,No
C02425,B,No
C02426,B,No
C02427,A,No
C02428,B,No
C02429,A,No
C02430,A,No
C02431,A,No
C02432,B,No
C02433,B,No
C02434,B,No
C02435,B,No
C02436,B,No
C02437,B,No
C02438,B,No
C02439,A,No
C02440,B,No
C02441,B,No
C02442,B,No
C02443,B,No
C02444,B,No
C02445,B,No
C02446,B,Yes
C02447,A,No
C02448,B,No
C02449,B,No
C02450,A,No
C02451,B,No
C02452,A,No
C02453,B,No
C02454,A,No
C02455,A,No
C02456,A,No
C02457,B,No
C02458,A,No
C02459,B,No
C02460,A,No
C02461,A,No
C02462,B,No
C02463,A,No
C02464,B,No
C02465,A,No
C02466,A,No
C02467,B,No
C02468,B,No
C02469,B,No
C02470,B,No
C02471,A,No
C02472,B,No
C02473,B,No
C02474,A,No
C02475,B,No
C02476,A,No
C02477,A,No
C02478,B,No
C02479,A,No
C02480,A,No
C02481,A,No
C02482,A,No
C02483,A,No
C02484,B,No
C02485,A,No
C02486,A,No
C02487,B,No
C02488,A,No
C02489,A,No
C02490,A,No
C02491,A,No
C02492,B,No
C02493,B,No
C02494,B,No
C02495,B,No
C02496,A,No
C02497,B,No
C02498,B,No
C02499,A,No
C02500,B,No
C02501,A,No
C02502,A,No
C02503,B,No
C02504,A,No
C02505,A,No
C02506,B,No
C02507,A,No
C02508,B,No
C02509,B,No
C02510,A,No
C02511,B,No
C02512,B,No
C02513,A,No
C02514,A,No
C02515,A,No
C02516,A,No
C02517,B,No
C02518,A,No
C02519,B,No
C02520,A,No
C02521,B,No
C02522,B,No
C02523,B,No
C02524,A,Yes
C02525,A,No
C02526,A,No
C02527,B,No
C02528,A,No
C02529,B,No
C02530,B,No
C02531,A,No
C02532,A,No
C02533,B,Yes
C02534,B,No
C02535,B,Yes
C02536,A,No
C02537,A,No
C02538,B,No
C02539,A,No
C02540,A,No
C02541,A,No
C02542,A,No
C02543,A,No
C02544,A,No
C02545,A,No
C02546,A,No
C02547,A,No
C02548,B,No
C02549,B,No
C02550,B,No
C02551,A,No
C02552,B,No
C02553,B,No
C02554,B,No
C02555,A,No
C02556,B,No
C02557,A,No
C02558,A,No
C02559,B,No
C02560,A,No
C02561,A,No
C02562,A,No
C02563,B,No
C02564,B,No
C02565,A,No
C02566,B,No
C02567,A,No
C02568,A,No
C02569,A,No
C02570,A,Yes
C02571,B,No
C02572,A,No
C02573,A,No
C02574,B,No
C02575,B,No
C02576,A,No
C02577,A,No
C02578,B,No
C02579,B,Yes
C02580,A,No
C02581,B,No
C02582,A,No
C02583,B,No
C02584,A,No
C02585,A,No
C02586,B,No
C02587,B,Yes
C02588,A,No
C02589,B,No
C02590,B,No
C02591,B,No
C02592,A,No
C02593,A,No
C02594,A,No
C02595,A,No
C02596,A,No
C02597,B,Yes
C02598,B,No
C02599,B,No
C02600,B,No
C02601,B,No
C02602,A,No
C02603,B,Yes
C02604,A,No
C02605,A,No
C02606,A,No
C02607,B,No
C02608,A,No
C02609,A,No
C02610,A,No
C02611,A,No
C02612,A,No
C02613,A,Yes
C02614,A,No
C02615,A,No
C02616,A,No
C02617,B,No
C02618,B,No
C02619,A,No
C02620,B,No
C02621,A,No
C02622,A,No
C02623,B,Yes
C02624,A,No
C02625,B,No
C02626,B,No
C02627,A,No
C02628,A,No
C02629,A,No
C02630,A,No
C02631,B,No
C02632,A,No
C02633,B,No
C02634,A,No
C02635,A,No
C02636,B,No
C02637,A,No
C02638,A,No
C02639,B,No
C02640,B,No
C02641,B,No
C02642,B,No
C02643,A,No
C02644,A,No
C02645,A,No
C02646,A,No
C02647,B,No
C02648,B,No
C02649,A,Yes
C02650,A,No
C02651,B,No
C02652,A,No
C02653,A,No
C02654,A,No
C02655,A,No
C02656,A,No
C02657,A,No
C02658,B,No
C02659,B,No
C02660,B,No
C02661,B,No
C02662,B,No
C02663,A,No
C02664,B,No
C02665,B,No
C02666,A,No
C02667,B,No
C02668,B,No
C02669,B,No
C02670,B,No
C02671,B,No
C02672,A,No
C02673,B,No
C02674,B,No
C02675,A,No
C02676,A,No
C02677,B,No
C02678,B,No
C02679,B,No
C02680,B,No
C02681,B,No
C02682,A,No
C02683,A,No
C02684,A,No
C02685,B,No
C02686,A,Yes
C02687,B,No
C02688,B,No
C02689,B,No
C02690,A,No
C02691,B,No
C02692,A,No
C02693,B,No
C02694,B,No
C02695,A,No
C02696,A,No
C02697,B,No
C02698,B,No
C02699,B,No
C02700,A,No
C02701,B,No
C02702,B,No
C02703,A,No
C02704,A,No
C02705,A,Yes
C02706,B,No
C02707,A,Yes
C02708,B,No
C02709,B,No
C02710,A,No
C02711,A,No
C02712,A,Yes
C02713,A,No
C02714,A,No
C02715,A,No
C02716,B,No
C02717,B,Yes
C02718,B,No
C02719,A,No
C02720,A,No
C02721,B,Yes
C02722,B,No
C02723,B,No
C02724,B,No
C02725,A,No
C02726,B,No
C02727,B,No
C02728,B,No
C02729,B,No
C02730,B,No
C02731,B,No
C02732,B,No
C02733,B,No
C02734,B,No
C02735,A,No
C02736,B,No
C02737,A,No
C02738,A,No
C02739,B,No
C02740,B,No
C02741,B,No
C02742,A,No
C02743,A,No
C02744,A,No
C02745,B,No
C02746,A,No
C02747,B,No
C02748,A,No
C02749,A,No
C02750,A,No
C02751,B,No
C02752,B,No
C02753,B,Yes
C02754,B,No
C02755,A,No
C02756,B,Yes
C02757,B,Yes
C02758,B,No
C02759,B,No
C02760,A,No
C02761,B,No
C02762,B,No
C02763,A,No
C02764,B,No
C02765,A,No
C02766,B,No
C02767,B,No
C02768,B,No
C02769,B,No
C02770,B,No
C02771,A,No
C02772,A,Yes
C02773,B,No
C02774,B,No
C02775,A,No
C02776,A,No
C02777,A,No
C02778,A,No
C02779,A,No
C02780,B,Yes
C02781,A,No
C02782,B,No
C02783,B,No
C02784,A,No
C02785,A,No
C02786,B,No
C02787,A,No
C02788,B,No
C02789,A,No
C02790,A,No
C02791,A,No
C02792,B,No
C02793,A,No
C02794,B,No
C02795,B,No
C02796,B,No
C02797,B,No
C02798,B,No
C02799,B,No
C02800,B,No
C02801,A,No
C02802,A,No
C02803,A,No
C02804,A,No
C02805,B,No
C02806,A,No
C02807,A,No
C02808,A,No
C02809,B,No
C02810,B,No
C02811,A,No
C02812,A,No
C02813,A,No
C02814,B,No
C02815,B,No
C02816,A,No
C02817,B,No
C02818,A,No
C02819,A,No
C02820,B,No
C02821,B,No
C02822,B,No
C02823,B,No
C02824,A,No
C02825,A,No
C02826,B,No
C02827,B,No
C02828,A,No
C02829,A,No
C02830,A,No
C02831,A,No
C02832,B,No
C02833,A,No
C02834,B,No
C02835,A,No
C02836,B,No
C02837,B,No
C02838,B,No
C02839,B,No
C02840,A,No
C02841,A,No
C02842,A,No
C02843,A,No
C02844,A,No
C02845,A,No
C02846,B,No
C02847,B,No
C02848,B,No
C02849,A,No
C02850,B,No
C02851,A,No
C02852,B,No
C02853,B,No
C02854,A,No
C02855,A,No
C02856,B,No
C02857,B,No
C02858,B,No
C02859,B,No
C02860,A,No
C02861,A,No
C02862,A,No
C02863,B,No
C02864,B,No
C02865,B,No
C02866,A,No
C02867,B,No
C02868,B,No
C02869,A,No
C02870,B,No
C02871,B,No
C02872,A,No
C02873,B,No
C02874,B,No
C02875,A,No
C02876,A,No
C02877,A,No
C02878,B,No
C02879,A,No
C02880,A,No
C02881,A,Yes
C02882,B,No
C02883,B,No
C02884,A,No
C02885,B,No
C02886,A,No
C02887,A,Yes
C02888,A,No
C02889,B,No
C02890,B,Yes
C02891,B,No
C02892,B,No
C02893,A,No
C02894,B,No
C02895,A,No
C02896,A,No
C02897,B,No
C02898,A,No
C02899,A,No
C02900,B,No
C02901,A,No
C02902,B,No
C02903,A,No
C02904,B,No
C02905,A,No
C02906,B,No
C02907,B,No
C02908,A,No
C02909,B,No
C02910,A,No
C02911,B,No
C02912,B,No
C02913,A,No
C02914,A,No
C02915,A,No
C02916,B,No
C02917,B,No
C02918,A,No
C02919,B,Yes
C02920,A,No
C02921,B,No
C02922,B,No
C02923,B,No
C02924,A,Yes
C02925,A,No
C02926,B,No
C02927,B,No
C02928,A,No
C02929,A,No
C02930,A,No
C02931,A,No
C02932,A,No
C02933,A,No
C02934,A,No
C02935,A,No
C02936,A,No
C02937,A,No
C02938,B,No
C02939,B,No
C02940,B,No
C02941,B,No
C02942,A,No
C02943,B,Yes
C02944,B,No
C02945,B,No
C02946,A,No
C02947,A,No
C02948,B,Yes
C02949,A,No
C02950,B,No
C02951,B,No
C02952,A,No
C02953,A,No
C02954,A,No
C02955,B,No
C02956,A,No
C02957,A,No
C02958,B,No
C02959,A,No
C02960,B,No
C02961,B,No
C02962,B,No
C02963,A,No
C02964,B,No
C02965,B,No
C02966,A,No
C02967,B,Yes
C02968,B,No
C02969,B,No
C02970,B,No
C02971,B,No
C02972,B,No
C02973,B,No
C02974,B,No
C02975,B,No
C02976,B,No
C02977,A,No
C02978,A,No
C02979,B,No
C02980,A,No
C02981,B,No
C02982,A,No
C02983,A,No
C02984,A,No
C02985,B,No
C02986,A,No
C02987,A,No
C02988,B,No
C02989,A,No
C02990,B,No
C02991,A,No
C02992,A,No
C02993,A,No
C02994,A,No
C02995,A,No
C02996,B,No
C02997,B,No
C02998,A,No
C02999,B,No
C03000,B,No
C03001,B,No
C03002,A,No
C03003,B,No
C03004,B,No
C03005,A,No
C03006,B,No
C03007,A,No
C03008,B,No
C03009,A,No
C03010,A,No
C03011,B,No
C03012,A,No
C03013,A,No
C03014,A,Yes
C03015,B,No
C03016,A,No
C03017,A,No
C03018,A,No
C03019,A,No
C03020,B,No
C03021,A,No
C03022,A,No
C03023,A,No
C03024,B,No
C03025,B,No
C03026,B,No
C03027,B,No
C03028,A,No
C03029,B,No
C03030,A,No
C03031,B,No
C03032,A,No
C03033,B,No
C03034,A,No
C03035,A,No
C03036,B,No
C03037,B,No
C03038,B,No
C03039,B,Yes
C03040,A,No
C03041,A,No
C03042,B,No
C03043,B,Yes
C03044,B,No
C03045,A,No
C03046,A,No
C03047,B,No
C03048,A,No
C03049,A,No
C03050,A,No
C03051,A,No
C03052,B,No
C03053,A,No
C03054,A,No
C03055,B,No
C03056,B,No
C03057,A,No
C03058,A,Yes
C03059,B,No
C03060,A,No
C03061,A,No
C03062,B,No
C03063,A,No
C03064,B,No
C03065,A,No
C03066,B,No
C03067,A,No
C03068,B,No
C03069,A,No
C03070,B,No
C03071,A,No
C03072,B,No
C03073,B,No
C03074,A,No
C03075,B,No
C03076,A,No
C03077,A,No
C03078,B,No
C03079,B,No
C03080,A,No
C03081,B,No
C03082,A,No
C03083,B,No
C03084,B,No
C03085,A,Yes
C03086,A,Yes
C03087,A,No
C03088,A,No
C03089,A,No
C03090,B,No
C03091,A,No
C03092,B,No
C03093,A,Yes
C03094,B,No
C03095,B,No
C03096,A,No
C03097,A,No
C03098,B,No
C03099,B,No
C03100,B,No
C03101,A,No
C03102,B,No
C03103,A,No
C03104,A,No
C03105,B,No
C03106,A,No
C03107,A,No
C03108,A,No
C03109,A,No
C03110,A,No
C03111,B,No
C03112,A,No
C03113,A,Yes
C03114,B,No
C03115,B,No
C03116,B,No
C03117,B,No
C03118,B,No
C03119,B,No
C03120,A,No
C03121,B,No
C03122,A,No
C03123,A,No
C03124,B,No
C03125,A,No
C03126,A,No
C03127,B,No
C03128,B,No
C03129,B,No
C03130,A,No
C03131,A,No
C03132,A,Yes
C03133,A,No
C03134,B,No
C03135,A,Yes
C03136,A,No
C03137,A,No
C03138,B,No
C03139,A,No
C03140,A,No
C03141,A,No
C03142,A,No
C03143,A,No
C03144,B,No
C03145,B,No
C03146,B,No
C03147,B,No
C03148,A,No
C03149,A,No
C03150,B,No
C03151,A,No
C03152,B,No
C03153,A,No
C03154,B,No
C03155,B,No
C03156,B,No
C03157,B,No
C03158,A,No
C03159,A,Yes
C03160,B,No
C03161,B,No
C03162,A,Yes
C03163,B,No
C03164,A,No
C03165,B,No
C03166,B,No
C03167,A,No
C03168,A,No
C03169,B,No
C03170,A,No
C03171,A,No
C03172,B,No
C03173,A,No
C03174,A,No
C03175,B,No
C03176,B,No
C03177,A,No
C03178,B,No
C03179,B,No
C03180,B,No
C03181,B,No
C03182,B,No
C03183,A,No
C03184,A,No
C03185,B,No
C03186,A,No
C03187,A,Yes
C03188,B,No
C03189,A,No
C03190,A,No
C03191,B,No
C03192,B,No
C03193,A,No
C03194,A,No
C03195,A,No
C03196,B,No
C03197,A,No
C03198,A,No
C03199,A,No
C03200,B,No
C03201,A,No
C03202,A,No
C03203,B,No
C03204,A,No
C03205,B,No
C03206,A,No
C03207,A,No
C03208,B,No
C03209,A,No
C03210,B,No
C03211,B,No
C03212,A,No
C03213,B,No
C03214,B,No
C03215,B,Yes
C03216,A,No
C03217,B,No
C03218,B,No
C03219,A,No
C03220,B,No
C03221,A,No
C03222,B,No
C03223,A,No
C03224,B,No
C03225,A,No
C03226,A,No
C03227,B,Yes
C03228,B,Yes
C03229,B,No
C03230,A,No
C03231,A,No
C03232,B,No
C03233,A,No
C03234,A,Yes
C03235,A,Yes
C03236,B,No
C03237,A,No
C03238,B,No
C03239,A,No
C03240,A,No
C03241,B,No
C03242,A,No
C03243,A,No
C03244,A,No
C03245,B,No
C03246,A,Yes
C03247,A,No
C03248,A,No
C03249,B,No
C03250,A,No
C03251,A,No
C03252,A,No
C03253,B,No
C03254,B,No
C03255,B,No
C03256,A,No
C03257,A,No
C03258,A,No
C03259,B,No
C03260,B,No
C03261,B,No
C03262,A,No
C03263,A,No
C03264,A,No
C03265,B,No
C03266,A,No
C03267,A,No
C03268,A,No
C03269,A,No
C03270,B,No
C03271,B,No
C03272,A,No
C03273,B,No
C03274,B,No
C03275,A,No
C03276,A,No
C03277,B,No
C03278,B,No
C03279,A,No
C03280,A,No
C03281,B,No
C03282,B,No
C03283,B,No
C03284,A,No
C03285,B,No
C03286,A,No
C03287,B,No
C03288,A,No
C03289,A,No
C03290,B,No
C03291,A,No
C03292,A,No
C03293,A,No
C03294,A,No
C03295,B,No
C03296,A,No
C03297,B,No
C03298,A,No
C03299,A,No
C03300,B,No
C03301,B,No
C03302,B,No
C03303,A,No
C03304,B,No
C03305,A,No
C03306,B,No
C03307,A,No
C03308,A,No
C03309,B,No
C03310,A,No
C03311,A,No
C03312,B,No
C03313,B,No
C03314,B,No
C03315,A,No
C03316,B,No
C03317,B,No
C03318,B,No
C03319,A,No
C03320,B,No
C03321,B,No
C03322,B,No
C03323,A,No
C03324,A,Yes
C03325,A,No
C03326,B,No
C03327,A,No
C03328,A,No
C03329,A,No
C03330,A,Yes
C03331,B,No
C03332,B,No
C03333,B,No
C03334,A,No
C03335,B,No
C03336,A,No
C03337,A,No
C03338,A,No
C03339,B,No
C03340,A,No
C03341,A,No
C03342,A,No
C03343,A,No
C03344,A,No
C03345,A,No
C03346,A,Yes
C03347,B,No
C03348,A,No
C03349,B,No
C03350,A,No
C03351,A,No
C03352,B,No
C03353,A,No
C03354,A,No
C03355,B,No
C03356,B,Yes
C03357,A,No
C03358,A,No
C03359,A,No
C03360,B,No
C03361,B,No
C03362,B,No
C03363,B,No
C03364,B,No
C03365,B,Yes
C03366,B,No
C03367,B,No
C03368,B,No
C03369,A,No
C03370,A,Yes
C03371,B,No
C03372,B,No
C03373,A,No
C03374,B,No
C03375,A,No
C03376,B,No
C03377,A,No
C03378,A,Yes
C03379,A,No
C03380,A,No
C03381,A,No
C03382,B,No
C03383,B,No
C03384,A,No
C03385,B,No
C03386,B,No
C03387,A,No
C03388,B,No
C03389,A,No
C03390,B,No
C03391,A,No
C03392,B,No
C03393,B,No
C03394,B,No
C03395,A,No
C03396,A,No
C03397,B,No
C03398,A,No
C03399,A,No
C03400,B,No
C03401,B,No
C03402,B,No
C03403,B,No
C03404,B,No
C03405,B,No
C03406,A,No
C03407,A,No
C03408,B,No
C03409,A,Yes
C03410,A,No
C03411,B,No
C03412,B,No
C03413,A,No
C03414,B,No
C03415,B,No
C03416,A,No
C03417,A,No
C03418,B,No
C03419,B,No
C03420,B,No
C03421,A,No
C03422,A,No
C03423,A,No
C03424,A,No
C03425,A,No
C03426,A,No
C03427,A,No
C03428,A,No
C03429,B,No
C03430,A,No
C03431,A,No
C03432,A,No
C03433,A,No
C03434,A,No
C03435,A,No
C03436,A,No
C03437,A,No
C03438,A,No
C03439,A,Yes
C03440,A,No
C03441,B,No
C03442,A,No
C03443,B,No
C03444,B,No
C03445,B,No
C03446,A,No
C03447,A,No
C03448,B,No
C03449,B,No
C03450,A,No
C03451,B,No
C03452,A,No
C03453,B,No
C03454,A,No
C03455,B,No
C03456,A,No
C03457,B,No
C03458,B,Yes
C03459,B,No
C03460,A,No
C03461,B,No
C03462,A,No
C03463,B,No
C03464,B,No
C03465,B,No
C03466,B,No
C03467,B,No
C03468,A,No
C03469,A,No
C03470,B,No
C03471,B,No
C03472,A,No
C03473,B,No
C03474,A,Yes
C03475,B,No
C03476,A,No
C03477,A,Yes
C03478,B,No
C03479,A,No
C03480,B,No
C03481,B,No
C03482,A,No
C03483,B,No
C03484,B,No
C03485,A,No
C03486,B,No
C03487,B,No
C03488,B,No
C03489,B,No
C03490,A,No
C03491,A,No
C03492,B,No
C03493,B,No
C03494,A,No
C03495,B,No
C03496,B,No
C03497,A,No
C03498,B,No
C03499,A,No
C03500,B,No
C03501,B,No
C03502,B,No
C03503,A,Yes
C03504,B,No
C03505,A,No
C03506,A,No
C03507,B,No
C03508,A,No
C03509,A,No
C03510,B,No
C03511,B,No
C03512,A,No
C03513,A,No
C03514,A,No
C03515,B,No
C03516,A,No
C03517,A,No
C03518,B,No
C03519,A,No
C03520,A,No
C03521,A,No
C03522,A,No
C03523,B,No
C03524,B,No
C03525,B,No
C03526,A,No
C03527,B,No
C03528,B,No
C03529,B,No
C03530,A,No
C03531,B,Yes
C03532,B,No
C03533,B,No
C03534,B,No
C03535,A,No
C03536,B,No
C03537,B,No
C03538,B,No
C03539,A,No
C03540,B,No
C03541,A,Yes
C03542,B,No
C03543,B,No
C03544,A,No
C03545,B,Yes
C03546,A,No
C03547,B,No
C03548,B,No
C03549,A,No
C03550,A,No
C03551,A,No
C03552,B,Yes
C03553,A,No
C03554,A,No
C03555,B,No
C03556,B,No
C03557,B,No
C03558,A,No
C03559,B,No
C03560,A,No
C03561,A,No
C03562,A,No
C03563,A,Yes
C03564,B,No
C03565,B,No
C03566,B,No
C03567,A,No
C03568,A,Yes
C03569,A,No
C03570,B,No
C03571,B,No
C03572,A,No
C03573,B,No
C03574,A,Yes
C03575,B,No
C03576,B,No
C03577,B,No
C03578,A,No
C03579,B,No
C03580,A,No
C03581,A,No
C03582,B,No
C03583,A,No
C03584,B,No
C03585,A,No
C03586,A,No
C03587,A,No
C03588,B,No
C03589,A,No
C03590,A,No
C03591,A,No
C03592,A,No
C03593,A,No
C03594,A,Yes
C03595,A,No
C03596,A,No
C03597,A,No
C03598,A,No
C03599,A,No
C03600,A,No
C03601,B,No
C03602,A,No
C03603,A,No
C03604,A,No
C03605,B,No
C03606,A,No
C03607,A,No
C03608,B,No
C03609,B,No
C03610,B,No
C03611,A,No
C03612,B,No
C03613,A,No
C03614,B,No
C03615,B,No
C03616,A,No
C03617,B,No
C03618,A,Yes
C03619,B,No
C03620,B,No
C03621,B,No
C03622,B,No
C03623,A,No
C03624,A,No
C03625,A,No
C03626,B,No
C03627,B,No
C03628,A,No
C03629,A,No
C03630,B,No
C03631,A,No
C03632,B,No
C03633,B,No
C03634,A,No
C03635,A,No
C03636,B,No
C03637,A,No
C03638,A,No
C03639,B,No
C03640,A,No
C03641,A,No
C03642,B,No
C03643,A,No
C03644,A,No
C03645,A,No
C03646,B,Yes
C03647,B,No
C03648,A,No
C03649,A,No
C03650,A,No
C03651,A,Yes
C03652,A,No
C03653,B,No
C03654,B,No
C03655,A,No
C03656,B,No
C03657,A,No
C03658,B,No
C03659,A,No
C03660,A,No
C03661,B,No
C03662,B,No
C03663,A,No
C03664,A,No
C03665,B,No
C03666,A,No
C03667,B,No
C03668,A,No
C03669,A,No
C03670,A,No
C03671,B,No
C03672,A,No
C03673,A,No
C03674,A,No
C03675,A,No
C03676,A,No
C03677,B,No
C03678,B,No
C03679,B,No
C03680,A,No
C03681,B,No
C03682,B,No
C03683,A,No
C03684,A,No
C03685,B,No
C03686,B,No
C03687,B,No
C03688,A,No
C03689,A,No
C03690,A,No
C03691,A,No
C03692,B,No
C03693,B,No
C03694,A,No
C03695,A,No
C03696,A,No
C03697,B,No
C03698,B,No
C03699,A,No
C03700,A,No
C03701,B,No
C03702,A,No
C03703,B,No
C03704,B,No
C03705,A,No
C03706,B,No
C03707,A,No
C03708,A,No
C03709,A,No
C03710,B,No
C03711,A,No
C03712,B,No
C03713,B,No
C03714,A,No
C03715,A,No
C03716,B,No
C03717,B,No
C03718,B,No
C03719,B,No
C03720,A,No
C03721,B,No
C03722,A,No
C03723,B,Yes
C03724,A,No
C03725,A,No
C03726,B,No
C03727,B,No
C03728,B,No
C03729,B,No
C03730,A,No
C03731,A,No
C03732,A,No
C03733,A,No
C03734,B,No
C03735,B,No
C03736,B,Yes
C03737,B,No
C03738,A,No
C03739,A,Yes
C03740,B,No
C03741,A,No
C03742,A,No
C03743,A,No
C03744,A,No
C03745,B,No
C03746,B,No
C03747,A,No
C03748,A,Yes
C03749,B,No
C03750,B,No
C03751,B,No
C03752,A,No
C03753,B,No
C03754,A,No
C03755,A,No
C03756,B,No
C03757,B,No
C03758,A,No
C03759,A,No
C03760,B,No
C03761,A,No
C03762,B,No
C03763,B,No
C03764,A,No
C03765,B,No
C03766,B,No
C03767,A,No
C03768,A,No
C03769,B,No
C03770,A,No
C03771,B,No
C03772,A,No
C03773,B,No
C03774,B,No
C03775,A,No
C03776,A,No
C03777,A,No
C03778,B,No
C03779,B,No
C03780,A,No
C03781,A,No
C03782,A,No
C03783,A,No
C03784,B,No
C03785,B,No
C03786,A,No
C03787,A,No
C03788,A,Yes
C03789,A,No
C03790,B,No
C03791,A,No
C03792,B,No
C03793,A,No
C03794,B,No
C03795,A,No
C03796,B,No
C03797,A,No
C03798,A,No
C03799,A,No
C03800,B,No
C03801,A,No
C03802,B,No
C03803,B,No
C03804,A,No
C03805,B,No
C03806,B,No
C03807,A,No
C03808,B,No
C03809,A,No
C03810,B,No
C03811,B,No
C03812,B,No
C03813,B,No
C03814,B,No
C03815,A,No
C03816,A,No
C03817,B,No
C03818,A,No
C03819,B,No
C03820,B,No
C03821,A,No
C03822,B,No
C03823,A,No
C03824,B,Yes
C03825,B,No
C03826,B,No
C03827,B,No
C03828,A,No
C03829,A,No
C03830,A,No
C03831,A,No
C03832,B,No
C03833,B,No
C03834,B,No
C03835,A,No
C03836,B,No
C03837,A,No
C03838,A,No
C03839,A,No
C03840,A,No
C03841,A,No
C03842,A,No
C03843,B,No
C03844,A,No
C03845,A,No
C03846,B,No
C03847,B,No
C03848,A,No
C03849,A,Yes
C03850,B,No
C03851,B,No
C03852,A,No
C03853,B,No
C03854,A,No
C03855,B,No
C03856,A,No
C03857,A,No
C03858,A,No
C03859,A,No
C03860,A,No
C03861,B,No
C03862,A,No
C03863,B,No
C03864,B,No
C03865,B,No
C03866,A,No
C03867,B,No
C03868,B,No
C03869,B,No
C03870,A,No
C03871,B,No
C03872,A,No
C03873,A,No
C03874,B,No
C03875,B,No
C03876,B,Yes
C03877,A,No
C03878,A,No
C03879,B,No
C03880,B,No
C03881,A,No
C03882,A,No
C03883,B,No
C03884,B,No
C03885,B,No
C03886,B,No
C03887,A,No
C03888,A,No
C03889,B,No
C03890,B,No
C03891,A,No
C03892,A,No
C03893,A,No
C03894,A,No
C03895,B,No
C03896,A,No
C03897,B,No
C03898,A,No
C03899,A,No
C03900,A,No
C03901,A,No
C03902,B,No
C03903,B,No
C03904,A,No
C03905,B,No
C03906,A,No
C03907,B,No
C03908,A,No
C03909,A,Yes
C03910,B,No
C03911,A,No
C03912,A,No
C03913,B,No
C03914,B,No
C03915,A,No
C03916,A,No
C03917,B,No
C03918,B,No
C03919,B,No
C03920,A,No
C03921,A,No
C03922,A,No
C03923,A,No
C03924,B,No
C03925,A,No
C03926,A,No
C03927,B,No
C03928,B,No
C03929,B,No
C03930,B,No
C03931,A,No
C03932,A,Yes
C03933,B,No
C03934,B,No
C03935,B,No
C03936,B,No
C03937,B,No
C03938,A,No
C03939,B,No
C03940,B,No
C03941,A,No
C03942,A,No
C03943,A,No
C03944,A,No
C03945,A,No
C03946,A,No
C03947,A,Yes
C03948,A,No
C03949,B,No
C03950,A,No
C03951,B,No
C03952,B,No
C03953,A,No
C03954,B,No
C03955,A,No
C03956,B,No
C03957,B,No
C03958,B,No
C03959,A,No
C03960,A,No
C03961,B,No
C03962,B,No
C03963,A,No
C03964,A,No
C03965,B,No
C03966,B,No
C03967,B,No
C03968,B,No
C03969,A,No
C03970,B,No
C03971,A,No
C03972,A,No
C03973,A,No
C03974,A,No
C03975,B,No
C03976,B,No
C03977,B,No
C03978,B,No
C03979,B,No
C03980,B,No
C03981,B,Yes
C03982,A,No
C03983,A,No
C03984,B,No
C03985,A,No
C03986,A,No
C03987,A,Yes
C03988,B,No
C03989,A,No
C03990,A,No
C03991,A,No
C03992,B,No
C03993,B,No
C03994,A,No
C03995,A,No
C03996,A,No
C03997,B,No
C03998,B,No
C03999,A,No
C04000,A,No
C04001,B,No
C04002,B,Yes
C04003,A,No
C04004,A,No
C04005,B,Yes
C04006,A,No
C04007,B,No
C04008,B,No
C04009,A,No
C04010,A,No
C04011,B,No
C04012,B,No
C04013,B,No
C04014,B,No
C04015,A,No
C04016,A,No
C04017,A,No
C04018,B,No
C04019,B,No
C04020,B,No
C04021,B,No
C04022,B,No
C04023,A,No
C04024,A,No
C04025,B,No
C04026,A,No
C04027,A,No
C04028,B,No
C04029,B,No
C04030,A,No
C04031,B,No
C04032,B,No
C04033,B,No
C04034,A,No
C04035,B,No
C04036,B,No
C04037,B,No
C04038,B,No
C04039,A,No
C04040,A,No
C04041,A,No
C04042,A,No
C04043,B,Yes
C04044,A,No
C04045,A,No
C04046,B,No
C04047,B,No
C04048,B,No
C04049,B,No
C04050,A,No
C04051,B,No
C04052,A,No
C04053,A,No
C04054,A,No
C04055,A,No
C04056,A,No
C04057,B,No
C04058,B,No
C04059,B,No
C04060,B,No
C04061,A,No
C04062,B,No
C04063,B,No
C04064,A,No
C04065,A,No
C04066,B,No
C04067,A,No
C04068,A,No
C04069,A,No
C04070,B,No
C04071,A,No
C04072,B,No
C04073,A,Yes
C04074,B,No
C04075,B,No
C04076,B,No
C04077,B,No
C04078,B,No
C04079,B,No
C04080,B,No
C04081,B,No
C04082,B,No
C04083,B,No
C04084,A,No
C04085,A,No
C04086,A,No
C04087,A,No
C04088,B,No
C04089,B,No
C04090,A,No
C04091,B,No
C04092,B,No
C04093,B,No
C04094,A,No
C04095,A,Yes
C04096,A,No
C04097,B,No
C04098,B,No
C04099,B,No
C04100,B,No
C04101,B,No
C04102,A,No
C04103,A,No
C04104,B,No
C04105,A,No
C04106,B,No
C04107,A,No
C04108,B,No
C04109,A,No
C04110,B,No
C04111,B,No
C04112,A,No
C04113,A,No
C04114,A,No
C04115,A,No
C04116,A,No
C04117,A,No
C04118,A,No
C04119,B,No
C04120,B,No
C04121,A,No
C04122,A,No
C04123,A,Yes
C04124,A,No
C04125,A,No
C04126,B,No
C04127,A,No
C04128,A,No
C04129,A,No
C04130,B,No
C04131,B,No
C04132,B,No
C04133,A,No
C04134,A,No
C04135,B,No
C04136,B,No
C04137,A,No
C04138,A,No
C04139,A,No
C04140,B,No
C04141,A,No
C04142,A,No
C04143,B,No
C04144,A,No
C04145,A,No
C04146,B,No
C04147,A,No
C04148,A,No
C04149,B,No
C04150,B,No
C04151,B,No
C04152,B,No
C04153,B,No
C04154,A,No
C04155,A,No
C04156,B,No
C04157,A,No
C04158,A,No
C04159,A,No
C04160,B,No
C04161,A,No
C04162,A,No
C04163,B,No
C04164,A,No
C04165,B,No
C04166,A,No
C04167,B,No
C04168,A,No
C04169,A,No
C04170,B,No
C04171,B,No
C04172,B,No
C04173,A,No
C04174,A,No
C04175,A,No
C04176,A,No
C04177,B,No
C04178,B,No
C04179,A,No
C04180,B,No
C04181,A,No
C04182,B,No
C04183,B,No
C04184,A,No
C04185,B,No
C04186,A,No
C04187,A,No
C04188,A,No
C04189,A,No
C04190,A,No
C04191,B,No
C04192,A,No
C04193,B,Yes
C04194,A,No
C04195,B,No
C04196,B,No
C04197,B,No
C04198,A,No
C04199,A,No
C04200,B,No
C04201,A,No
C04202,A,No
C04203,A,No
C04204,A,No
C04205,A,No
C04206,A,No
C04207,A,No
C04208,B,No
C04209,B,No
C04210,A,No
C04211,B,No
C04212,A,No
C04213,B,No
C04214,A,No
C04215,A,No
C04216,B,No
C04217,B,No
C04218,B,No
C04219,A,No
C04220,B,No
C04221,B,No
C04222,B,Yes
C04223,A,No
C04224,B,No
C04225,B,No
C04226,A,No
C04227,B,No
C04228,A,No
C04229,B,No
C04230,A,No
C04231,B,No
C04232,B,No
C04233,A,No
C04234,B,No
C04235,B,No
C04236,B,No
C04237,A,No
C04238,A,No
C04239,B,No
C04240,B,No
C04241,A,No
C04242,A,No
C04243,B,No
C04244,A,No
C04245,B,Yes
C04246,B,No
C04247,B,No
C04248,B,No
C04249,A,No
C04250,A,No
C04251,B,No
C04252,A,No
C04253,B,No
C04254,B,No
C04255,A,No
C04256,B,Yes
C04257,B,No
C04258,A,No
C04259,A,No
C04260,B,No
C04261,B,No
C04262,A,No
C04263,A,No
C04264,A,No
C04265,B,No
C04266,B,No
C04267,A,No
C04268,B,No
C04269,B,Yes
C04270,A,No
C04271,A,No
C04272,A,No
C04273,B,No
C04274,A,No
C04275,A,No
C04276,B,No
C04277,B,Yes
C04278,B,No
C04279,A,No
C04280,A,Yes
C04281,B,No
C04282,A,Yes
C04283,A,No
C04284,B,No
C04285,A,No
C04286,A,No
C04287,B,No
C04288,A,No
C04289,B,No
C04290,A,No
C04291,A,No
C04292,A,No
C04293,A,No
C04294,A,No
C04295,B,No
C04296,B,No
C04297,A,No
C04298,A,Yes
C04299,B,No
C04300,A,No
C04301,B,No
C04302,B,No
C04303,B,No
C04304,A,No
C04305,A,No
C04306,A,No
C04307,B,No
C04308,A,No
C04309,A,No
C04310,B,No
C04311,A,No
C04312,B,No
C04313,A,No
C04314,B,No
C04315,B,No
C04316,B,No
C04317,A,No
C04318,A,No
C04319,A,No
C04320,A,No
C04321,A,No
C04322,B,No
C04323,B,No
C04324,B,No
C04325,A,No
C04326,A,No
C04327,B,No
C04328,A,No
C04329,B,No
C04330,B,No
C04331,B,No
C04332,B,No
C04333,B,No
C04334,B,No
C04335,A,No
C04336,A,No
C04337,A,No
C04338,B,No
C04339,A,No
C04340,B,No
C04341,A,No
C04342,A,No
C04343,B,No
C04344,B,No
C04345,B,No
C04346,B,No
C04347,A,No
C04348,A,No
C04349,B,No
C04350,B,No
C04351,A,No
C04352,B,No
C04353,A,No
C04354,A,No
C04355,B,No
C04356,B,No
C04357,B,No
C04358,A,Yes
C04359,B,No
C04360,A,No
C04361,A,No
C04362,A,No
C04363,B,No
C04364,A,No
C04365,A,No
C04366,B,No
C04367,B,No
C04368,A,No
C04369,A,No
C04370,B,Yes
C04371,B,No
C04372,A,No
C04373,B,No
C04374,A,No
C04375,A,No
C04376,B,No
C04377,B,No
C04378,A,No
C04379,A,No
C04380,A,No
C04381,A,No
C04382,B,No
C04383,B,No
C04384,A,No
C04385,A,No
C04386,A,No
C04387,B,No
C04388,B,No
C04389,B,No
C04390,B,No
C04391,A,No
C04392,B,No
C04393,A,No
C04394,B,No
C04395,A,No
C04396,B,No
C04397,B,No
C04398,A,No
C04399,A,No
C04400,A,No
C04401,A,No
C04402,B,No
C04403,B,Yes
C04404,A,No
C04405,B,No
C04406,B,No
C04407,B,No
C04408,B,No
C04409,A,No
C04410,B,No
C04411,A,No
C04412,A,No
C04413,A,No
C04414,A,No
C04415,A,No
C04416,B,No
C04417,A,No
C04418,A,No
C04419,B,No
C04420,B,No
C04421,A,Yes
C04422,A,No
C04423,B,No
C04424,B,No
C04425,B,Yes
C04426,B,No
C04427,B,No
C04428,B,No
C04429,B,No
C04430,A,No
C04431,B,No
C04432,B,No
C04433,B,No
C04434,A,No
C04435,A,No
C04436,B,No
C04437,A,No
C04438,A,No
C04439,B,No
C04440,A,No
C04441,A,No
C04442,B,No
C04443,B,No
C04444,B,No
C04445,A,No
C04446,B,No
C04447,B,No
C04448,B,No
C04449,A,No
C04450,B,No
C04451,B,No
C04452,B,No
C04453,B,No
C04454,B,No
C04455,B,No
C04456,B,No
C04457,B,No
C04458,A,No
C04459,B,No
C04460,B,No
C04461,B,No
C04462,A,No
C04463,B,No
C04464,B,No
C04465,A,No
C04466,B,No
C04467,B,No
C04468,B,No
C04469,A,No
C04470,A,No
C04471,B,No
C04472,A,No
C04473,A,No
C04474,A,No
C04475,B,No
C04476,A,No
C04477,B,No
C04478,A,Yes
C04479,B,No
C04480,A,No
C04481,A,No
C04482,A,No
C04483,A,No
C04484,A,No
C04485,B,No
C04486,B,No
C04487,B,No
C04488,B,No
C04489,B,No
C04490,B,No
C04491,B,No
C04492,B,No
C04493,A,No
C04494,B,No
C04495,B,No
C04496,A,No
C04497,B,No
C04498,B,No
C04499,B,No
C04500,A,Yes
C04501,B,No
C04502,A,No
C04503,B,No
C04504,A,No
C04505,A,No
C04506,B,Yes
C04507,A,No
C04508,A,No
C04509,A,No
C04510,A,No
C04511,A,No
C04512,B,No
C04513,B,No
C04514,B,No
C04515,B,No
C04516,B,No
C04517,A,No
C04518,B,No
C04519,A,No
C04520,B,No
C04521,A,No
C04522,A,No
C04523,B,No
C04524,A,No
C04525,A,Yes
C04526,B,No
C04527,A,No
C04528,A,No
C04529,B,No
C04530,A,No
C04531,B,No
C04532,A,No
C04533,B,No
C04534,B,No
C04535,B,No
C04536,B,No
C04537,A,No
C04538,B,No
C04539,B,No
C04540,B,No
C04541,B,Yes
C04542,A,No
C04543,B,No
C04544,A,No
C04545,B,No
C04546,B,No
C04547,A,No
C04548,A,No
C04549,B,No
C04550,B,No
C04551,A,No
C04552,B,No
C04553,A,No
C04554,A,No
C04555,A,No
C04556,B,Yes
C04557,A,No
C04558,A,No
C04559,B,No
C04560,B,No
C04561,B,No
C04562,A,No
C04563,B,No
C04564,A,No
C04565,B,No
C04566,A,No
C04567,B,No
C04568,B,No
C04569,A,No
C04570,A,Yes
C04571,B,No
C04572,A,No
C04573,A,No
C04574,B,No
C04575,A,No
C04576,B,No
C04577,B,No
C04578,A,No
C04579,B,No
C04580,B,No
C04581,A,No
C04582,B,Yes
C04583,A,No
C04584,A,No
C04585,B,No
C04586,A,No
C04587,B,No
C04588,A,No
C04589,B,No
C04590,A,No
C04591,B,No
C04592,A,No
C04593,B,No
C04594,B,No
C04595,B,No
C04596,A,No
C04597,A,No
C04598,A,No
C04599,B,No
C04600,B,No
C04601,A,No
C04602,A,No
C04603,B,No
C04604,B,No
C04605,A,No
C04606,B,Yes
C04607,A,No
C04608,B,Yes
C04609,A,No
C04610,A,Yes
C04611,A,No
C04612,A,No
C04613,A,No
C04614,A,No
C04615,A,No
C04616,B,No
C04617,B,No
C04618,A,No
C04619,B,No
C04620,A,No
C04621,B,No
C04622,A,No
C04623,B,No
C04624,B,No
C04625,B,No
C04626,A,No
C04627,B,No
C04628,B,No
C04629,B,No
C04630,B,No
C04631,B,No
C04632,A,No
C04633,B,No
C04634,B,No
C04635,A,No
C04636,A,No
C04637,B,No
C04638,A,No
C04639,B,No
C04640,A,No
C04641,A,No
C04642,A,No
C04643,A,No
C04644,A,No
C04645,A,No
C04646,A,No
C04647,B,No
C04648,B,No
C04649,B,No
C04650,A,No
C04651,A,No
C04652,B,No
C04653,B,No
C04654,A,No
C04655,A,No
C04656,A,No
C04657,A,No
C04658,A,No
C04659,A,No
C04660,A,Yes
C04661,A,No
C04662,A,No
C04663,A,Yes
C04664,A,No
C04665,A,No
C04666,B,No
C04667,B,No
C04668,B,No
C04669,A,No
C04670,A,No
C04671,A,No
C04672,A,No
C04673,B,No
C04674,A,No
C04675,A,No
C04676,B,No
C04677,A,No
C04678,A,No
C04679,B,No
C04680,A,No
C04681,A,No
C04682,B,No
C04683,B,No
C04684,B,No
C04685,B,No
C04686,A,No
C04687,B,No
C04688,B,No
C04689,B,No
C04690,B,No
C04691,B,No
C04692,A,No
C04693,B,No
C04694,B,No
C04695,B,No
C04696,B,Yes
C04697,B,Yes
C04698,A,No
C04699,B,No
C04700,B,No
C04701,B,No
C04702,A,No
C04703,B,No
C04704,A,No
C04705,A,No
C04706,A,No
C04707,B,No
C04708,A,No
C04709,B,No
C04710,A,No
C04711,B,No
C04712,A,No
C04713,B,No
C04714,B,No
C04715,B,No
C04716,A,No
C04717,A,No
C04718,A,No
C04719,A,No
C04720,B,No
C04721,B,No
C04722,B,No
C04723,A,No
C04724,A,No
C04725,A,No
C04726,A,No
C04727,A,No
C04728,B,No
C04729,B,No
C04730,B,No
C04731,A,No
C04732,A,No
C04733,A,No
C04734,B,No
C04735,B,No
C04736,B,No
C04737,A,No
C04738,A,No
C04739,A,No
C04740,B,No
C04741,A,No
C04742,A,No
C04743,A,No
C04744,B,No
C04745,B,No
C04746,A,No
C04747,B,No
C04748,A,No
C04749,A,No
C04750,B,No
C04751,B,No
C04752,B,Yes
C04753,B,No
C04754,A,No
C04755,B,No
C04756,A,No
C04757,A,No
C04758,B,No
C04759,A,No
C04760,B,No
C04761,B,No
C04762,A,No
C04763,A,No
C04764,A,No
C04765,A,No
C04766,A,No
C04767,B,No
C04768,A,No
C04769,B,No
C04770,B,No
C04771,A,No
C04772,B,No
C04773,B,No
C04774,B,No
C04775,A,No
C04776,B,No
C04777,B,No
C04778,B,No
C04779,B,No
C04780,A,No
C04781,B,No
C04782,A,No
C04783,A,No
C04784,A,No
C04785,B,No
C04786,A,No
C04787,A,No
C04788,A,No
C04789,B,No
C04790,B,No
C04791,B,Yes
C04792,A,No
C04793,B,No
C04794,B,No
C04795,A,No
C04796,B,No
C04797,B,No
C04798,B,No
C04799,A,No
C04800,B,No
C04801,A,No
C04802,A,No
C04803,A,No
C04804,A,No
C04805,A,No
C04806,A,No
C04807,A,No
C04808,A,No
C04809,B,No
C04810,B,No
C04811,A,No
C04812,A,No
C04813,B,No
C04814,A,No
C04815,B,Yes
C04816,A,No
C04817,A,No
C04818,A,No
C04819,B,No
C04820,B,No
C04821,B,Yes
C04822,B,No
C04823,A,No
C04824,B,No
C04825,B,No
C04826,B,No
C04827,A,No
C04828,A,No
C04829,B,No
C04830,B,No
C04831,B,No
C04832,A,No
C04833,A,No
C04834,A,No
C04835,A,No
C04836,B,No
C04837,A,No
C04838,B,No
C04839,A,No
C04840,A,No
C04841,A,No
C04842,B,No
C04843,B,Yes
C04844,B,No
C04845,A,No
C04846,B,No
C04847,B,No
C04848,B,No
C04849,A,No
C04850,B,No
C04851,A,No
C04852,B,No
C04853,A,No
C04854,A,No
C04855,A,No
C04856,B,No
C04857,A,No
C04858,A,No
C04859,B,No
C04860,B,No
C04861,A,No
C04862,B,No
C04863,B,No
C04864,A,No
C04865,B,No
C04866,A,No
C04867,B,No
C04868,A,No
C04869,A,No
C04870,A,No
C04871,A,No
C04872,A,No
C04873,B,No
C04874,A,No
C04875,A,No
C04876,B,No
C04877,A,No
C04878,B,No
C04879,B,No
C04880,B,No
C04881,A,No
C04882,A,Yes
C04883,A,No
C04884,A,Yes
C04885,A,No
C04886,A,No
C04887,B,No
C04888,A,No
C04889,B,No
C04890,A,No
C04891,B,No
C04892,B,Yes
C04893,B,No
C04894,B,No
C04895,A,No
C04896,A,No
C04897,A,No
C04898,A,No
C04899,A,No
C04900,A,No
C04901,A,No
C04902,B,No
C04903,A,No
C04904,B,No
C04905,A,No
C04906,A,No
C04907,A,No
C04908,A,No
C04909,B,No
C04910,B,No
C04911,B,No
C04912,A,No
C04913,A,No
C04914,A,No
C04915,A,No
C04916,A,No
C04917,B,No
C04918,B,No
C04919,A,No
C04920,B,No
C04921,A,No
C04922,A,No
C04923,A,No
C04924,B,No
C04925,B,No
C04926,A,No
C04927,B,No
C04928,B,No
C04929,A,No
C04930,B,No
C04931,B,No
C04932,A,No
C04933,A,No
C04934,A,No
C04935,A,No
C04936,B,No
C04937,A,No
C04938,B,No
C04939,B,No
C04940,B,No
C04941,A,Yes
C04942,A,No
C04943,A,No
C04944,B,No
C04945,B,No
C04946,B,No
C04947,A,No
C04948,B,No
C04949,B,No
C04950,B,No
C04951,B,No
C04952,A,No
C04953,A,No
C04954,A,No
C04955,A,No
C04956,B,No
C04957,B,No
C04958,B,No
C04959,B,No
C04960,A,No
C04961,B,No
C04962,A,No
C04963,B,No
C04964,B,No
C04965,A,No
C04966,B,No
C04967,B,No
C04968,A,No
C04969,B,No
C04970,A,No
C04971,B,No
C04972,B,No
C04973,B,No
C04974,B,No
C04975,A,No
C04976,B,No
C04977,B,Yes
C04978,B,No
C04979,B,No
C04980,A,No
C04981,A,No
C04982,A,No
C04983,A,No
C04984,A,No
C04985,B,No
C04986,A,No
C04987,B,No
C04988,A,No
C04989,B,No
C04990,B,No
C04991,A,No
C04992,B,No
C04993,A,No
C04994,A,No
C04995,B,No
C04996,A,No
C04997,B,No
C04998,A,No
C04999,B,No
C05000,B,No
C05001,A,No
C05002,B,No
C05003,B,No
C05004,B,Yes
C05005,B,No
C05006,B,No
C05007,B,No
C05008,B,No
C05009,A,No
C05010,B,No
C05011,A,No
C05012,B,No
C05013,B,No
C05014,B,Yes
C05015,A,No
C05016,A,No
C05017,B,No
C05018,A,No
C05019,B,No
C05020,B,No
C05021,B,No
C05022,B,No
C05023,A,No
C05024,A,No
C05025,A,No
C05026,A,No
C05027,B,No
C05028,A,No
C05029,A,No
C05030,B,No
C05031,B,No
C05032,A,No
C05033,B,No
C05034,A,No
C05035,A,No
C05036,A,No
C05037,B,No
C05038,A,No
C05039,A,No
C05040,A,No
C05041,B,Yes
C05042,A,No
C05043,A,No
C05044,A,No
C05045,B,No
C05046,B,No
C05047,B,No
C05048,B,No
C05049,A,No
C05050,B,No
C05051,B,No
C05052,B,No
C05053,B,No
C05054,B,No
C05055,B,No
C05056,B,No
C05057,A,No
C05058,B,No
C05059,B,No
C05060,A,No
C05061,A,No
C05062,A,No
C05063,B,No
C05064,B,No
C05065,A,No
C05066,A,No
C05067,A,No
C05068,A,No
C05069,B,No
C05070,A,No
C05071,B,No
C05072,B,No
C05073,A,No
C05074,A,No
C05075,A,No
C05076,A,No
C05077,B,No
C05078,A,No
C05079,B,No
C05080,A,No
C05081,A,No
C05082,A,No
C05083,A,No
C05084,A,No
C05085,B,No
C05086,B,No
C05087,B,No
C05088,B,No
C05089,A,No
C05090,B,No
C05091,B,No
C05092,A,No
C05093,B,No
C05094,A,No
C05095,B,No
C05096,A,No
C05097,A,Yes
C05098,B,No
C05099,A,No
C05100,B,No
C05101,B,No
C05102,A,No
C05103,A,No
C05104,B,Yes
C05105,A,No
C05106,B,No
C05107,A,No
C05108,A,No
C05109,B,No
C05110,B,No
C05111,A,No
C05112,A,No
C05113,A,No
C05114,A,Yes
C05115,A,No
C05116,A,No
C05117,B,Yes
C05118,B,No
C05119,B,No
C05120,B,No
C05121,B,No
C05122,B,No
C05123,A,No
C05124,A,No
C05125,A,No
C05126,A,No
C05127,B,No
C05128,B,No
C05129,B,No
C05130,A,No
C05131,A,No
C05132,B,No
C05133,A,No
C05134,B,No
C05135,B,No
C05136,B,No
C05137,A,Yes
C05138,B,Yes
C05139,A,No
C05140,B,No
C05141,B,No
C05142,B,No
C05143,A,No
C05144,A,No
C05145,B,No
C05146,B,Yes
C05147,B,No
C05148,B,No
C05149,A,No
C05150,A,No
C05151,B,No
C05152,B,No
C05153,B,Yes
C05154,B,No
C05155,B,No
C05156,B,No
C05157,B,No
C05158,B,No
C05159,A,No
C05160,A,No
C05161,B,No
C05162,A,No
C05163,B,No
C05164,B,No
C05165,A,No
C05166,A,No
C05167,B,No
C05168,B,No
C05169,A,No
C05170,A,No
C05171,A,No
C05172,A,No
C05173,A,No
C05174,B,No
C05175,A,No
C05176,B,Yes
C05177,A,No
C05178,B,No
C05179,B,Yes
C05180,A,No
C05181,B,No
C05182,B,No
C05183,A,No
C05184,B,No
C05185,A,No
C05186,A,No
C05187,B,No
C05188,A,No
C05189,B,No
C05190,B,No
C05191,A,No
C05192,A,Yes
C05193,A,No
C05194,B,No
C05195,B,No
C05196,B,No
C05197,B,No
C05198,A,No
C05199,B,No
C05200,A,No
C05201,B,No
C05202,A,No
C05203,A,No
C05204,A,No
C05205,B,No
C05206,B,No
C05207,B,No
C05208,B,No
C05209,A,No
C05210,B,No
C05211,B,No
C05212,A,No
C05213,B,Yes
C05214,A,No
C05215,B,No
C05216,B,No
C05217,B,No
C05218,B,No
C05219,B,No
C05220,B,No
C05221,A,No
C05222,B,Yes
C05223,B,No
C05224,A,No
C05225,A,Yes
C05226,A,No
C05227,A,No
C05228,A,No
C05229,A,No
C05230,A,No
C05231,A,No
C05232,A,No
C05233,B,No
C05234,A,No
C05235,B,No
C05236,B,No
C05237,A,No
C05238,B,No
C05239,A,No
C05240,A,No
C05241,B,No
C05242,B,Yes
C05243,A,No
C05244,A,No
C05245,A,No
C05246,A,No
C05247,B,No
C05248,A,No
C05249,A,No
C05250,B,No
C05251,A,No
C05252,A,No
C05253,B,No
C05254,B,No
C05255,B,No
C05256,B,No
C05257,B,No
C05258,B,No
C05259,B,No
C05260,B,No
C05261,B,No
C05262,A,Yes
C05263,A,No
C05264,B,No
C05265,A,No
C05266,B,No
C05267,A,No
C05268,A,No
C05269,A,No
C05270,A,Yes
C05271,A,No
C05272,A,No
C05273,B,No
C05274,B,No
C05275,B,No
C05276,B,No
C05277,B,Yes
C05278,A,No
C05279,B,No
C05280,A,No
C05281,A,No
C05282,B,No
C05283,B,No
C05284,A,No
C05285,B,No
C05286,B,No
C05287,A,No
C05288,B,No
C05289,B,No
C05290,B,No
C05291,B,No
C05292,B,No
C05293,A,Yes
C05294,A,No
C05295,B,No
C05296,B,Yes
C05297,B,Yes
C05298,B,No
C05299,A,No
C05300,B,No
C05301,A,No
C05302,B,No
C05303,A,No
C05304,B,No
C05305,B,No
C05306,A,No
C05307,B,No
C05308,B,No
C05309,B,No
C05310,B,No
C05311,B,No
C05312,A,No
C05313,A,No
C05314,A,No
C05315,A,No
C05316,A,No
C05317,B,No
C05318,A,No
C05319,B,No
C05320,B,No
C05321,B,No
C05322,A,No
C05323,B,No
C05324,B,No
C05325,B,No
C05326,B,No
C05327,B,No
C05328,B,No
C05329,B,No
C05330,A,No
C05331,B,No
C05332,B,No
C05333,B,No
C05334,A,No
C05335,A,No
C05336,A,No
C05337,A,No
C05338,B,No
C05339,A,No
C05340,B,No
C05341,B,No
C05342,B,No
C05343,B,No
C05344,B,No
C05345,B,No
C05346,A,No
C05347,B,No
C05348,A,No
C05349,B,No
C05350,B,No
C05351,A,No
C05352,B,No
C05353,A,No
C05354,B,No
C05355,B,No
C05356,B,No
C05357,B,No
C05358,B,No
C05359,A,No
C05360,B,No
C05361,B,No
C05362,B,No
C05363,B,No
C05364,B,No
C05365,B,No
C05366,B,No
C05367,A,No
C05368,A,No
C05369,A,No
C05370,A,No
C05371,A,No
C05372,A,No
C05373,B,No
C05374,A,No
C05375,B,No
C05376,A,No
C05377,B,No
C05378,B,No
C05379,B,No
C05380,B,No
C05381,B,No
C05382,B,No
C05383,A,No
C05384,A,No
C05385,B,No
C05386,B,No
C05387,A,No
C05388,B,No
C05389,A,Yes
C05390,B,No
C05391,A,No
C05392,B,Yes
C05393,A,No
C05394,A,No
C05395,B,No
C05396,A,No
C05397,A,No
C05398,B,No
C05399,B,No
C05400,B,No
C05401,A,No
C05402,B,No
C05403,B,No
C05404,B,No
C05405,B,No
C05406,B,No
C05407,A,No
C05408,A,No
C05409,B,No
C05410,B,No
C05411,B,No
C05412,B,No
C05413,B,No
C05414,A,No
C05415,B,Yes
C05416,A,No
C05417,B,No
C05418,B,Yes
C05419,B,No
C05420,A,No
C05421,A,No
C05422,A,No
C05423,B,No
C05424,B,Yes
C05425,B,No
C05426,A,No
C05427,A,No
C05428,B,No
C05429,B,No
C05430,B,Yes
C05431,A,No
C05432,B,No
C05433,A,No
C05434,A,No
C05435,B,No
C05436,B,No
C05437,B,No
C05438,B,No
C05439,B,No
C05440,B,No
C05441,A,No
C05442,A,No
C05443,A,No
C05444,B,No
C05445,A,No
C05446,A,No
C05447,A,No
C05448,A,No
C05449,A,No
C05450,B,No
C05451,A,No
C05452,B,No
C05453,B,No
C05454,A,No
C05455,B,No
C05456,B,No
C05457,B,No
C05458,A,No
C05459,B,No
C05460,A,No
C05461,B,No
C05462,A,No
C05463,A,No
C05464,B,No
C05465,A,No
C05466,A,No
C05467,B,No
C05468,A,No
C05469,A,No
C05470,A,No
C05471,A,No
C05472,B,No
C05473,B,No
C05474,A,No
C05475,B,Yes
C05476,B,No
C05477,B,No
C05478,A,No
C05479,B,No
C05480,A,No
C05481,B,No
C05482,A,Yes
C05483,B,No
C05484,B,No
C05485,A,No
C05486,B,No
C05487,B,No
C05488,B,No
C05489,A,No
C05490,B,No
C05491,A,No
C05492,B,No
C05493,A,No
C05494,A,No
C05495,B,No
C05496,A,No
C05497,B,No
C05498,A,No
C05499,B,No
C05500,A,No
C05501,A,No
C05502,B,No
C05503,B,No
C05504,A,No
C05505,B,No
C05506,A,No
C05507,A,No
C05508,A,No
C05509,A,No
C05510,B,No
C05511,A,No
C05512,A,No
C05513,B,No
C05514,B,No
C05515,A,No
C05516,A,No
C05517,B,No
C05518,B,No
C05519,B,No
C05520,A,Yes
C05521,B,No
C05522,A,No
C05523,A,No
C05524,A,No
C05525,A,No
C05526,A,No
C05527,B,No
C05528,A,No
C05529,B,Yes
C05530,B,No
C05531,B,No
C05532,A,No
C05533,B,No
C05534,A,No
C05535,B,No
C05536,A,No
C05537,B,No
C05538,B,Yes
C05539,B,No
C05540,B,No
C05541,A,No
C05542,A,No
C05543,B,No
C05544,A,No
C05545,B,No
C05546,A,No
C05547,B,No
C05548,B,No
C05549,B,No
C05550,A,No
C05551,A,No
C05552,B,No
C05553,A,No
C05554,B,No
C05555,A,No
C05556,B,No
C05557,A,No
C05558,A,No
C05559,B,No
C05560,A,Yes
C05561,B,No
C05562,A,No
C05563,A,No
C05564,A,No
C05565,B,Yes
C05566,A,No
C05567,A,No
C05568,B,No
C05569,B,No
C05570,B,No
C05571,A,No
C05572,A,No
C05573,A,No
C05574,A,No
C05575,A,No
C05576,B,No
C05577,A,No
C05578,A,No
C05579,B,No
C05580,B,No
C05581,B,No
C05582,B,No
C05583,A,No
C05584,A,No
C05585,A,No
C05586,A,No
C05587,B,No
C05588,B,No
C05589,B,No
C05590,A,No
C05591,B,No
C05592,A,No
C05593,B,No
C05594,A,No
C05595,A,No
C05596,B,Yes
C05597,A,No
C05598,B,No
C05599,A,No
C05600,A,No
C05601,A,Yes
C05602,B,No
C05603,A,Yes
C05604,B,No
C05605,A,No
C05606,A,No
C05607,B,No
C05608,A,No
C05609,A,No
C05610,A,No
C05611,A,No
C05612,B,No
C05613,A,No
C05614,A,No
C05615,B,No
C05616,B,No
C05617,B,No
C05618,B,No
C05619,B,No
C05620,A,No
C05621,A,No
C05622,A,No
C05623,B,No
C05624,B,Yes
C05625,A,No
C05626,B,No
C05627,A,No
C05628,B,No
C05629,A,No
C05630,A,No
C05631,A,No
C05632,A,No
C05633,B,No
C05634,A,No
C05635,A,No
C05636,B,No
C05637,B,No
C05638,B,No
C05639,B,No
C05640,B,No
C05641,B,No
C05642,B,No
C05643,A,No
C05644,A,No
C05645,A,Yes
C05646,B,No
C05647,A,No
C05648,A,No
C05649,B,No
C05650,A,No
C05651,A,No
C05652,A,No
C05653,B,No
C05654,A,No
C05655,A,No
C05656,B,No
C05657,B,No
C05658,A,No
C05659,A,No
C05660,B,No
C05661,A,No
C05662,B,No
C05663,B,No
C05664,B,No
C05665,A,No
C05666,A,No
C05667,B,No
C05668,A,No
C05669,B,No
C05670,A,Yes
C05671,A,No
C05672,A,No
C05673,B,No
C05674,A,No
C05675,A,No
C05676,B,No
C05677,A,No
C05678,B,No
C05679,A,No
C05680,A,No
C05681,B,No
C05682,B,No
C05683,B,No
C05684,A,No
C05685,B,No
C05686,A,No
C05687,A,No
C05688,B,No
C05689,A,No
C05690,A,No
C05691,A,No
C05692,B,No
C05693,B,No
C05694,B,No
C05695,A,No
C05696,A,No
C05697,B,Yes
C05698,B,No
C05699,B,No
C05700,B,No
C05701,A,No
C05702,B,No
C05703,B,No
C05704,A,No
C05705,B,No
C05706,B,No
C05707,B,No
C05708,A,No
C05709,A,No
C05710,A,No
C05711,A,No
C05712,B,No
C05713,B,No
C05714,B,No
C05715,A,No
C05716,B,No
C05717,A,No
C05718,B,Yes
C05719,A,Yes
C05720,A,No
C05721,A,No
C05722,B,No
C05723,B,No
C05724,A,No
C05725,B,No
C05726,B,No
C05727,B,No
C05728,B,Yes
C05729,B,No
C05730,B,Yes
C05731,B,No
C05732,B,No
C05733,B,No
C05734,B,No
C05735,B,No
C05736,B,No
C05737,B,No
C05738,A,No
C05739,A,No
C05740,B,No
C05741,B,No
C05742,A,No
C05743,A,No
C05744,B,No
C05745,A,No
C05746,A,No
C05747,A,No
C05748,A,No
C05749,B,No
C05750,B,No
C05751,A,No
C05752,B,No
C05753,B,No
C05754,A,No
C05755,A,No
C05756,A,No
C05757,A,No
C05758,B,No
C05759,A,No
C05760,A,No
C05761,B,No
C05762,B,No
C05763,A,No
C05764,B,No
C05765,A,No
C05766,A,No
C05767,B,No
C05768,B,No
C05769,A,No
C05770,B,No
C05771,A,No
C05772,A,No
C05773,B,No
C05774,A,Yes
C05775,B,No
C05776,A,No
C05777,B,No
C05778,A,No
C05779,B,No
C05780,A,No
C05781,B,No
C05782,A,No
C05783,A,No
C05784,A,No
C05785,B,No
C05786,B,No
C05787,B,No
C05788,A,No
C05789,A,No
C05790,B,No
C05791,B,No
C05792,A,No
C05793,A,No
C05794,B,No
C05795,B,No
C05796,A,No
C05797,A,No
C05798,A,No
C05799,B,No
C05800,B,No
C05801,B,No
C05802,B,No
C05803,B,No
C05804,A,No
C05805,B,No
C05806,B,No
C05807,A,No
C05808,A,No
C05809,B,No
C05810,A,No
C05811,B,No
C05812,A,No
C05813,A,No
C05814,B,No
C05815,A,No
C05816,A,No
C05817,A,No
C05818,B,No
C05819,A,No
C05820,A,No
C05821,B,No
C05822,B,No
C05823,B,No
C05824,A,No
C05825,B,No
C05826,A,No
C05827,B,No
C05828,B,No
C05829,A,No
C05830,B,No
C05831,A,No
C05832,B,No
C05833,B,No
C05834,A,No
C05835,B,No
C05836,B,No
C05837,A,No
C05838,A,No
C05839,B,No
C05840,B,No
C05841,A,No
C05842,B,No
C05843,B,No
C05844,B,No
C05845,B,No
C05846,B,No
C05847,A,No
C05848,B,No
C05849,B,No
C05850,B,No
C05851,B,No
C05852,B,Yes
C05853,B,No
C05854,B,No
C05855,B,No
C05856,A,No
C05857,B,No
C05858,A,No
C05859,B,No
C05860,A,No
C05861,A,No
C05862,B,No
C05863,A,No
C05864,A,No
C05865,B,No
C05866,A,No
C05867,B,No
C05868,B,No
C05869,A,No
C05870,A,No
C05871,B,No
C05872,B,Yes
C05873,A,No
C05874,B,No
C05875,A,No
C05876,B,No
C05877,A,No
C05878,B,No
C05879,A,No
C05880,B,No
C05881,B,No
C05882,B,No
C05883,A,No
C05884,A,No
C05885,A,No
C05886,A,No
C05887,B,No
C05888,B,No
C05889,B,No
C05890,B,No
C05891,B,No
C05892,B,No
C05893,B,No
C05894,B,No
C05895,B,No
C05896,B,No
C05897,B,No
C05898,B,No
C05899,A,No
C05900,B,No
C05901,B,No
C05902,B,No
C05903,A,No
C05904,A,No
C05905,B,No
C05906,A,No
C05907,B,No
C05908,B,No
C05909,A,No
C05910,B,No
C05911,A,No
C05912,B,No
C05913,A,No
C05914,B,No
C05915,A,No
C05916,A,No
C05917,A,No
C05918,A,No
C05919,A,No
C05920,A,No
C05921,A,No
C05922,A,No
C05923,A,No
C05924,A,No
C05925,B,No
C05926,B,No
C05927,B,Yes
C05928,B,No
C05929,B,Yes
C05930,A,No
C05931,A,No
C05932,B,No
C05933,A,No
C05934,B,No
C05935,A,No
C05936,B,No
C05937,B,No
C05938,B,No
C05939,A,No
C05940,A,No
C05941,B,No
C05942,B,No
C05943,B,No
C05944,A,No
C05945,A,Yes
C05946,B,No
C05947,B,No
C05948,A,No
C05949,A,No
C05950,B,No
C05951,B,No
C05952,B,No
C05953,B,No
C05954,A,No
C05955,B,No
C05956,A,No
C05957,A,No
C05958,B,No
C05959,B,No
C05960,A,No
C05961,A,No
C05962,A,No
C05963,A,No
C05964,B,No
C05965,A,No
C05966,A,No
C05967,A,No
C05968,B,No
C05969,A,No
C05970,B,No
C05971,A,No
C05972,A,No
C05973,A,No
C05974,A,No
C05975,B,No
C05976,B,No
C05977,B,No
C05978,A,No
C05979,A,No
C05980,B,Yes
C05981,B,No
C05982,A,No
C05983,B,No
C05984,A,No
C05985,B,No
C05986,A,Yes
C05987,B,No
C05988,B,No
C05989,A,No
C05990,B,No
C05991,B,No
C05992,B,No
C05993,A,No
C05994,B,No
C05995,A,No
C05996,B,No
C05997,B,No
C05998,B,No
C05999,A,No
C06000,A,No
C06001,A,No
C06002,B,No
C06003,A,No
C06004,A,No
C06005,A,No
C06006,A,No
C06007,A,No
C06008,A,No
C06009,A,No
C06010,B,No
C06011,A,No
C06012,B,No
C06013,A,No
C06014,A,No
C06015,A,No
C06016,A,No
C06017,A,No
C06018,A,Yes
C06019,A,No
C06020,B,No
C06021,B,No
C06022,B,Yes
C06023,B,No
C06024,B,No
C06025,A,No
C06026,A,No
C06027,A,No
C06028,A,No
C06029,B,No
C06030,B,No
C06031,B,No
C06032,A,No
C06033,B,No
C06034,A,No
C06035,B,No
C06036,B,No
C06037,B,No
C06038,A,No
C06039,B,Yes
C06040,A,No
C06041,A,No
C06042,B,No
C06043,A,No
C06044,A,No
C06045,B,No
C06046,A,No
C06047,A,No
C06048,B,No
C06049,A,No
C06050,B,No
C06051,B,No
C06052,B,No
C06053,B,No
C06054,B,No
C06055,A,No
C06056,A,No
C06057,B,No
C06058,A,No
C06059,B,No
C06060,B,No
C06061,A,No
C06062,A,No
C06063,A,No
C06064,A,No
C06065,A,No
C06066,A,No
C06067,B,No
C06068,B,No
C06069,A,No
C06070,A,No
C06071,A,No
C06072,B,No
C06073,B,No
C06074,A,No
C06075,A,No
C06076,A,No
C06077,A,No
C06078,B,No
C06079,B,No
C06080,B,No
C06081,B,No
C06082,B,No
C06083,B,No
C06084,B,No
C06085,B,No
C06086,A,No
C06087,A,No
C06088,A,No
C06089,A,No
C06090,A,No
C06091,A,No
C06092,B,No
C06093,B,No
C06094,A,No
C06095,B,No
C06096,A,No
C06097,A,No
C06098,A,No
C06099,A,No
C06100,A,No
C06101,B,No
C06102,A,No
C06103,A,No
C06104,A,No
C06105,A,No
C06106,B,No
C06107,A,Yes
C06108,B,No
C06109,B,No
C06110,B,No
C06111,B,No
C06112,A,No
C06113,B,No
C06114,B,No
C06115,A,No
C06116,A,Yes
C06117,B,No
C06118,A,Yes
C06119,A,No
C06120,B,No
C06121,B,No
C06122,A,No
C06123,A,No
C06124,A,No
C06125,A,No
C06126,B,No
C06127,A,No
C06128,B,No
C06129,B,No
C06130,B,No
C06131,A,No
C06132,A,No
C06133,B,No
C06134,B,No
C06135,B,No
C06136,B,No
C06137,A,No
C06138,A,No
C06139,A,No
C06140,B,No
C06141,A,No
C06142,A,No
C06143,A,No
C06144,A,No
C06145,A,No
C06146,B,No
C06147,B,No
C06148,A,Yes
C06149,B,No
C06150,A,No
C06151,B,No
C06152,A,No
C06153,A,No
C06154,A,No
C06155,A,No
C06156,A,No
C06157,B,Yes
C06158,A,No
C06159,B,No
C06160,B,No
C06161,B,No
C06162,A,No
C06163,B,No
C06164,B,No
C06165,B,Yes
C06166,A,No
C06167,B,No
C06168,A,No
C06169,A,No
C06170,A,No
C06171,A,No
C06172,A,No
C06173,B,No
C06174,A,No
C06175,A,No
C06176,A,No
C06177,B,No
C06178,A,No
C06179,A,No
C06180,A,No
C06181,B,No
C06182,A,No
C06183,A,No
C06184,A,No
C06185,B,No
C06186,B,No
C06187,A,No
C06188,A,No
C06189,B,No
C06190,A,No
C06191,B,No
C06192,B,No
C06193,A,No
C06194,A,No
C06195,A,No
C06196,A,No
C06197,A,No
C06198,A,No
C06199,A,No
C06200,B,Yes
C06201,A,No
C06202,B,No
C06203,A,No
C06204,B,No
C06205,A,No
C06206,A,No
C06207,B,Yes
C06208,B,No
C06209,A,No
C06210,A,No
C06211,B,No
C06212,A,No
C06213,A,No
C06214,B,Yes
C06215,B,No
C06216,B,No
C06217,A,No
C06218,B,No
C06219,A,No
C06220,B,No
C06221,B,No
C06222,A,No
C06223,A,Yes
C06224,A,No
C06225,B,No
C06226,A,No
C06227,A,No
C06228,B,No
C06229,B,No
C06230,B,No
C06231,A,No
C06232,B,No
C06233,B,No
C06234,A,No
C06235,A,No
C06236,B,No
C06237,B,No
C06238,B,No
C06239,A,No
C06240,B,No
C06241,B,No
C06242,B,No
C06243,A,No
C06244,B,No
C06245,B,No
C06246,A,No
C06247,A,No
C06248,A,No
C06249,B,No
C06250,A,No
C06251,A,No
C06252,B,No
C06253,B,No
C06254,B,No
C06255,B,No
C06256,B,Yes
C06257,A,No
C06258,B,No
C06259,B,No
C06260,A,No
C06261,B,No
C06262,A,No
C06263,A,No
C06264,B,No
C06265,A,No
C06266,B,Yes
C06267,B,No
C06268,B,No
C06269,A,No
C06270,A,No
C06271,A,No
C06272,A,No
C06273,B,No
C06274,B,No
C06275,A,No
C06276,A,No
C06277,A,No
C06278,A,No
C06279,B,No
C06280,B,No
C06281,A,No
C06282,A,No
C06283,A,No
C06284,A,No
C06285,A,No
C06286,A,No
C06287,A,No
C06288,A,No
C06289,B,No
C06290,B,No
C06291,A,No
C06292,A,No
C06293,A,No
C06294,A,No
C06295,A,No
C06296,B,Yes
C06297,B,No
C06298,B,No
C06299,A,No
C06300,A,No
C06301,A,No
C06302,B,No
C06303,A,No
C06304,A,No
C06305,B,No
C06306,B,No
C06307,A,No
C06308,A,No
C06309,A,No
C06310,B,No
C06311,B,No
C06312,B,No
C06313,A,No
C06314,A,No
C06315,B,No
C06316,A,No
C06317,B,No
C06318,A,No
C06319,B,No
C06320,A,No
C06321,B,No
C06322,A,No
C06323,A,No
C06324,A,No
C06325,B,No
C06326,B,No
C06327,B,No
C06328,A,No
C06329,A,No
C06330,A,No
C06331,B,No
C06332,A,No
C06333,B,No
C06334,B,No
C06335,A,No
C06336,B,No
C06337,A,No
C06338,A,No
C06339,A,No
C06340,A,No
C06341,B,No
C06342,A,Yes
C06343,A,No
C06344,A,No
C06345,B,No
C06346,A,No
C06347,A,No
C06348,A,No
C06349,B,No
C06350,A,No
C06351,B,No
C06352,B,No
C06353,B,No
C06354,A,No
C06355,B,No
C06356,A,No
C06357,B,No
C06358,B,No
C06359,B,No
C06360,A,Yes
C06361,A,No
C06362,A,No
C06363,A,No
C06364,A,No
C06365,B,No
C06366,A,No
C06367,A,No
C06368,A,No
C06369,B,No
C06370,A,No
C06371,A,No
C06372,B,No
C06373,A,No
C06374,A,No
C06375,A,No
C06376,A,No
C06377,A,No
C06378,B,No
C06379,A,No
C06380,A,No
C06381,B,No
C06382,B,No
C06383,A,No
C06384,B,No
C06385,A,No
C06386,B,No
C06387,B,No
C06388,A,Yes
C06389,A,No
C06390,A,No
C06391,A,No
C06392,B,No
C06393,B,No
C06394,A,No
C06395,A,No
C06396,B,No
C06397,A,No
C06398,A,No
C06399,A,No
C06400,B,No
C06401,A,No
C06402,A,No
C06403,B,No
C06404,A,No
C06405,A,No
C06406,A,No
C06407,A,No
C06408,B,No
C06409,A,No
C06410,A,No
C06411,A,No
C06412,A,No
C06413,A,No
C06414,B,No
C06415,A,No
C06416,B,No
C06417,A,No
C06418,A,No
C06419,B,No
C06420,B,No
C06421,B,Yes
C06422,B,No
C06423,A,No
C06424,B,No
C06425,A,Yes
C06426,B,No
C06427,B,No
C06428,B,No
C06429,B,No
C06430,A,No
C06431,A,No
C06432,A,No
C06433,A,No
C06434,B,No
C06435,A,No
C06436,B,No
C06437,B,No
C06438,A,No
C06439,B,No
C06440,B,No
C06441,A,No
C06442,B,No
C06443,A,No
C06444,B,No
C06445,B,No
C06446,A,No
C06447,B,No
C06448,A,No
C06449,A,No
C06450,A,No
C06451,B,No
C06452,A,No
C06453,B,No
C06454,A,No
C06455,A,No
C06456,B,No
C06457,B,No
C06458,B,No
C06459,A,No
C06460,A,No
C06461,B,No
C06462,A,No
C06463,B,No
C06464,B,No
C06465,A,No
C06466,A,No
C06467,A,No
C06468,B,No
C06469,B,No
C06470,A,No
C06471,B,No
C06472,A,No
C06473,A,No
C06474,A,No
C06475,A,No
C06476,A,No
C06477,A,No
C06478,A,No
C06479,B,Yes
C06480,A,No
C06481,A,No
C06482,B,No
C06483,B,No
C06484,A,No
C06485,A,No
C06486,A,No
C06487,A,No
C06488,B,No
C06489,B,No
C06490,B,No
C06491,A,No
C06492,A,No
C06493,B,No
C06494,A,No
C06495,B,No
C06496,A,No
C06497,A,No
C06498,B,No
C06499,B,No
C06500,A,No
C06501,A,No
C06502,B,No
C06503,B,No
C06504,B,No
C06505,B,No
C06506,A,No
C06507,B,No
C06508,A,Yes
C06509,A,No
C06510,A,No
C06511,A,No
C06512,A,No
C06513,B,No
C06514,B,No
C06515,B,No
C06516,A,No
C06517,A,No
C06518,B,No
C06519,A,No
C06520,B,Yes
C06521,B,Yes
C06522,B,No
C06523,A,No
C06524,A,No
C06525,B,No
C06526,A,No
C06527,A,Yes
C06528,A,No
C06529,B,No
C06530,A,No
C06531,A,Yes
C06532,A,No
C06533,A,No
C06534,B,No
C06535,A,No
C06536,A,No
C06537,A,No
C06538,A,No
C06539,A,No
C06540,A,No
C06541,A,No
C06542,A,No
C06543,B,No
C06544,B,No
C06545,A,No
C06546,A,No
C06547,A,No
C06548,A,No
C06549,A,No
C06550,A,No
C06551,A,No
C06552,B,No
C06553,A,No
C06554,B,No
C06555,A,No
C06556,A,No
C06557,B,No
C06558,B,No
C06559,A,No
C06560,B,No
C06561,B,No
C06562,A,No
C06563,A,No
C06564,B,No
C06565,B,No
C06566,A,No
C06567,A,No
C06568,B,No
C06569,B,No
C06570,A,No
C06571,B,No
C06572,A,No
C06573,B,No
C06574,A,No
C06575,B,No
C06576,A,Yes
C06577,B,No
C06578,A,No
C06579,B,No
C06580,B,No
C06581,A,No
C06582,A,No
C06583,B,No
C06584,A,No
C06585,B,No
C06586,B,No
C06587,B,No
C06588,A,No
C06589,B,Yes
C06590,A,Yes
C06591,B,No
C06592,B,Yes
C06593,B,No
C06594,B,No
C06595,B,No
C06596,B,No
C06597,A,No
C06598,A,No
C06599,A,No
C06600,B,No
C06601,A,No
C06602,B,No
C06603,B,Yes
C06604,B,No
C06605,B,No
C06606,B,No
C06607,A,No
C06608,B,No
C06609,B,No
C06610,B,No
C06611,A,No
C06612,A,No
C06613,A,No
C06614,A,No
C06615,B,No
C06616,A,No
C06617,A,No
C06618,B,No
C06619,B,No
C06620,B,No
C06621,B,No
C06622,A,No
C06623,A,No
C06624,B,No
C06625,B,No
C06626,B,No
C06627,A,No
C06628,B,No
C06629,B,No
C06630,A,No
C06631,A,No
C06632,A,No
C06633,A,No
C06634,A,No
C06635,B,No
C06636,B,No
C06637,A,No
C06638,A,No
C06639,A,No
C06640,A,No
C06641,A,No
C06642,B,No
C06643,B,Yes
C06644,A,No
C06645,A,No
C06646,A,No
C06647,A,No
C06648,B,No
C06649,A,No
C06650,B,No
C06651,B,No
C06652,B,No
C06653,A,No
C06654,B,No
C06655,A,No
C06656,A,No
C06657,A,No
C06658,B,No
C06659,B,No
C06660,B,Yes
C06661,A,No
C06662,A,No
C06663,B,Yes
C06664,B,Yes
C06665,B,No
C06666,A,No
C06667,B,No
C06668,A,No
C06669,B,Yes
C06670,A,No
C06671,A,No
C06672,A,No
C06673,A,Yes
C06674,B,No
C06675,A,No
C06676,B,No
C06677,B,No
C06678,A,No
C06679,B,No
C06680,B,No
C06681,A,No
C06682,A,No
C06683,A,No
C06684,A,Yes
C06685,B,No
C06686,B,No
C06687,B,No
C06688,A,No
C06689,B,No
C06690,A,No
C06691,A,No
C06692,A,No
C06693,B,No
C06694,B,No
C06695,A,No
C06696,B,No
C06697,A,No
C06698,B,No
C06699,A,No
C06700,B,No
C06701,B,No
C06702,B,No
C06703,B,No
C06704,B,No
C06705,B,No
C06706,A,No
C06707,B,No
C06708,A,No
C06709,A,No
C06710,A,No
C06711,A,No
C06712,B,No
C06713,A,No
C06714,A,No
C06715,B,No
C06716,A,No
C06717,A,No
C06718,B,No
C06719,B,No
C06720,A,No
C06721,B,No
C06722,A,No
C06723,A,No
C06724,A,No
C06725,A,No
C06726,A,No
C06727,A,No
C06728,A,No
C06729,A,No
C06730,B,No
C06731,A,No
C06732,B,No
C06733,B,Yes
C06734,A,No
C06735,A,No
C06736,A,No
C06737,A,No
C06738,A,No
C06739,A,No
C06740,B,No
C06741,B,No
C06742,A,No
C06743,A,Yes
C06744,B,No
C06745,A,No
C06746,A,No
C06747,B,No
C06748,B,No
C06749,B,No
C06750,A,No
C06751,B,Yes
C06752,B,No
C06753,B,No
C06754,A,Yes
C06755,A,No
C06756,B,No
C06757,A,No
C06758,B,No
C06759,A,No
C06760,A,No
C06761,B,No
C06762,B,No
C06763,B,No
C06764,A,No
C06765,A,No
C06766,A,No
C06767,B,No
C06768,A,No
C06769,B,No
C06770,B,No
C06771,B,No
C06772,B,No
C06773,A,No
C06774,A,Yes
C06775,B,No
C06776,B,No
C06777,A,No
C06778,B,No
C06779,A,No
C06780,A,No
C06781,B,No
C06782,B,Yes
C06783,A,Yes
C06784,B,Yes
C06785,B,No
C06786,B,No
C06787,B,No
C06788,B,No
C06789,B,No
C06790,A,No
C06791,B,No
C06792,B,No
C06793,A,No
C06794,A,No
C06795,B,No
C06796,A,No
C06797,A,No
C06798,B,No
C06799,A,No
C06800,B,No
C06801,A,No
C06802,B,No
C06803,B,No
C06804,B,No
C06805,B,No
C06806,A,Yes
C06807,B,No
C06808,A,No
C06809,A,No
C06810,B,No
C06811,A,No
C06812,B,No
C06813,B,No
C06814,A,No
C06815,B,No
C06816,B,No
C06817,B,No
C06818,A,No
C06819,A,No
C06820,B,No
C06821,A,Yes
C06822,A,No
C06823,A,No
C06824,A,No
C06825,B,No
C06826,B,No
C06827,B,No
C06828,A,No
C06829,B,Yes
C06830,A,No
C06831,B,No
C06832,A,No
C06833,B,No
C06834,B,No
C06835,B,No
C06836,B,No
C06837,A,No
C06838,A,Yes
C06839,A,No
C06840,B,No
C06841,A,No
C06842,A,No
C06843,B,No
C06844,A,No
C06845,A,No
C06846,B,No
C06847,B,No
C06848,B,No
C06849,A,No
C06850,B,No
C06851,B,No
C06852,A,No
C06853,A,No
C06854,A,Yes
C06855,B,No
C06856,A,No
C06857,B,No
C06858,B,No
C06859,B,No
C06860,A,No
C06861,A,No
C06862,A,No
C06863,A,No
C06864,B,No
C06865,A,No
C06866,A,No
C06867,A,No
C06868,A,No
C06869,B,No
C06870,A,Yes
C06871,B,No
C06872,B,No
C06873,A,No
C06874,A,No
C06875,B,Yes
C06876,A,No
C06877,B,No
C06878,B,Yes
C06879,A,No
C06880,A,No
C06881,A,No
C06882,B,No
C06883,B,No
C06884,A,No
C06885,B,No
C06886,A,No
C06887,A,No
C06888,B,No
C06889,B,No
C06890,A,No
C06891,B,No
C06892,A,No
C06893,A,Yes
C06894,A,No
C06895,B,No
C06896,A,No
C06897,B,No
C06898,A,No
C06899,A,No
C06900,A,No
C06901,B,No
C06902,A,Yes
C06903,B,No
C06904,A,Yes
C06905,A,No
C06906,B,No
C06907,B,No
C06908,A,No
C06909,B,No
C06910,A,No
C06911,A,No
C06912,B,No
C06913,B,Yes
C06914,A,No
C06915,B,No
C06916,A,No
C06917,B,No
C06918,B,No
C06919,A,No
C06920,A,No
C06921,B,Yes
C06922,B,No
C06923,B,No
C06924,A,No
C06925,A,No
C06926,A,No
C06927,B,No
C06928,B,No
C06929,A,No
C06930,A,No
C06931,B,No
C06932,A,No
C06933,A,No
C06934,B,No
C06935,B,No
C06936,B,No
C06937,A,No
C06938,B,No
C06939,B,No
C06940,B,No
C06941,B,No
C06942,A,No
C06943,B,No
C06944,B,No
C06945,A,No
C06946,A,No
C06947,B,No
C06948,A,No
C06949,A,No
C06950,A,No
C06951,B,No
C06952,B,No
C06953,B,No
C06954,B,No
C06955,A,No
C06956,B,No
C06957,A,No
C06958,A,No
C06959,A,No
C06960,B,No
C06961,B,No
C06962,B,No
C06963,A,No
C06964,B,No
C06965,A,No
C06966,A,No
C06967,A,No
C06968,A,No
C06969,A,No
C06970,A,No
C06971,A,Yes
C06972,B,No
C06973,A,No
C06974,B,No
C06975,B,Yes
C06976,B,No
C06977,A,No
C06978,B,No
C06979,B,No
C06980,A,No
C06981,B,No
C06982,B,No
C06983,A,No
C06984,A,No
C06985,B,No
C06986,B,No
C06987,A,No
C06988,B,No
C06989,B,No
C06990,B,Yes
C06991,B,No
C06992,B,No
C06993,A,No
C06994,A,No
C06995,A,No
C06996,A,No
C06997,B,No
C06998,A,No
C06999,A,No
C07000,A,No
C07001,B,No
C07002,B,No
C07003,B,No
C07004,A,No
C07005,A,No
C07006,A,No
C07007,A,No
C07008,B,Yes
C07009,B,No
C07010,A,No
C07011,A,No
C07012,A,No
C07013,B,No
C07014,B,No
C07015,A,No
C07016,B,No
C07017,A,No
C07018,A,No
C07019,B,No
C07020,B,No
C07021,A,No
C07022,A,No
C07023,A,Yes
C07024,A,No
C07025,A,No
C07026,B,No
C07027,B,No
C07028,A,No
C07029,A,No
C07030,B,No
C07031,A,No
C07032,B,No
C07033,B,No
C07034,A,No
C07035,B,No
C07036,A,No
C07037,B,No
C07038,B,No
C07039,B,No
C07040,B,No
C07041,A,No
C07042,A,No
C07043,A,No
C07044,A,No
C07045,A,No
C07046,A,No
C07047,B,No
C07048,A,No
C07049,B,No
C07050,B,No
C07051,B,No
C07052,B,No
C07053,B,No
C07054,A,No
C07055,B,No
C07056,B,No
C07057,A,No
C07058,A,No
C07059,B,No
C07060,A,No
C07061,A,No
C07062,A,No
C07063,A,No
C07064,B,No
C07065,B,No
C07066,B,No
C07067,A,No
C07068,B,No
C07069,B,No
C07070,B,No
C07071,A,No
C07072,B,No
C07073,B,No
C07074,B,No
C07075,B,No
C07076,B,Yes
C07077,B,No
C07078,B,No
C07079,B,No
C07080,B,No
C07081,A,No
C07082,B,No
C07083,A,No
C07084,A,No
C07085,B,No
C07086,A,No
C07087,B,Yes
C07088,A,No
C07089,A,No
C07090,A,No
C07091,B,No
C07092,A,No
C07093,B,No
C07094,B,No
C07095,A,No
C07096,B,No
C07097,A,No
C07098,B,No
C07099,B,No
C07100,B,No
C07101,A,No
C07102,A,No
C07103,B,No
C07104,B,No
C07105,B,No
C07106,A,No
C07107,A,Yes
C07108,A,Yes
C07109,B,No
C07110,B,No
C07111,B,No
C07112,A,No
C07113,B,No
C07114,A,No
C07115,B,No
C07116,A,No
C07117,A,No
C07118,A,No
C07119,B,No
C07120,B,No
C07121,B,No
C07122,A,No
C07123,A,No
C07124,A,No
C07125,A,No
C07126,B,No
C07127,A,No
C07128,A,No
C07129,A,No
C07130,A,No
C07131,B,No
C07132,A,No
C07133,B,No
C07134,B,No
C07135,B,No
C07136,A,No
C07137,B,No
C07138,B,No
C07139,B,No
C07140,B,No
C07141,A,No
C07142,B,No
C07143,A,No
C07144,B,No
C07145,A,No
C07146,A,No
C07147,B,No
C07148,A,No
C07149,A,No
C07150,A,No
C07151,B,Yes
C07152,B,No
C07153,A,No
C07154,A,No
C07155,B,No
C07156,A,No
C07157,B,Yes
C07158,A,No
C07159,B,No
C07160,B,No
C07161,A,No
C07162,A,No
C07163,A,No
C07164,A,No
C07165,B,No
C07166,B,No
C07167,B,No
C07168,A,No
C07169,A,No
C07170,B,No
C07171,A,No
C07172,A,No
C07173,B,No
C07174,A,No
C07175,A,No
C07176,B,No
C07177,B,No
C07178,B,No
C07179,B,No
C07180,B,No
C07181,A,No
C07182,B,No
C07183,B,No
C07184,B,No
C07185,A,No
C07186,B,No
C07187,A,No
C07188,A,No
C07189,B,No
C07190,A,No
C07191,B,No
C07192,B,No
C07193,B,No
C07194,B,No
C07195,B,No
C07196,A,No
C07197,B,No
C07198,B,Yes
C07199,A,No
C07200,A,No
C07201,A,No
C07202,A,Yes
C07203,B,No
C07204,B,No
C07205,A,No
C07206,A,No
C07207,A,No
C07208,B,No
C07209,B,No
C07210,A,No
C07211,B,No
C07212,A,No
C07213,B,No
C07214,B,No
C07215,B,Yes
C07216,B,No
C07217,A,No
C07218,B,No
C07219,B,No
C07220,A,No
C07221,A,No
C07222,A,No
C07223,A,No
C07224,A,No
C07225,A,No
C07226,A,No
C07227,A,No
C07228,A,No
C07229,B,No
C07230,B,No
C07231,A,No
C07232,A,No
C07233,A,No
C07234,A,Yes
C07235,A,No
C07236,B,No
C07237,A,No
C07238,B,No
C07239,B,No
C07240,A,No
C07241,B,No
C07242,A,No
C07243,B,No
C07244,A,No
C07245,A,No
C07246,A,No
C07247,B,No
C07248,B,No
C07249,A,No
C07250,B,No
C07251,B,No
C07252,A,Yes
C07253,A,No
C07254,B,No
C07255,B,Yes
C07256,B,No
C07257,A,No
C07258,A,No
C07259,A,No
C07260,B,No
C07261,B,No
C07262,B,No
C07263,B,No
C07264,A,No
C07265,B,No
C07266,A,No
C07267,B,No
C07268,B,No
C07269,A,No
C07270,B,No
C07271,A,No
C07272,A,No
C07273,B,No
C07274,B,No
C07275,A,No
C07276,B,No
C07277,B,No
C07278,B,No
C07279,B,No
C07280,A,No
C07281,A,No
C07282,B,No
C07283,A,No
C07284,A,No
C07285,B,No
C07286,A,No
C07287,B,No
C07288,A,No
C07289,B,No
C07290,A,No
C07291,A,Yes
C07292,A,No
C07293,A,Yes
C07294,B,No
C07295,B,No
C07296,B,No
C07297,B,No
C07298,B,No
C07299,A,No
C07300,A,No
C07301,B,No
C07302,B,Yes
C07303,A,No
C07304,A,No
C07305,A,No
C07306,A,No
C07307,A,No
C07308,A,No
C07309,B,No
C07310,A,No
C07311,B,No
C07312,B,No
C07313,B,No
C07314,A,No
C07315,B,No
C07316,B,No
C07317,B,Yes
C07318,B,Yes
C07319,B,No
C07320,B,Yes
C07321,A,No
C07322,B,No
C07323,A,No
C07324,B,No
C07325,B,No
C07326,B,Yes
C07327,A,Yes
C07328,A,No
C07329,B,No
C07330,B,No
C07331,B,No
C07332,B,No
C07333,A,No
C07334,A,No
C07335,A,No
C07336,B,No
C07337,B,No
C07338,B,No
C07339,B,No
C07340,A,No
C07341,A,No
C07342,A,No
C07343,B,No
C07344,A,No
C07345,B,No
C07346,A,No
C07347,A,No
C07348,A,No
C07349,A,No
C07350,B,No
C07351,A,No
C07352,B,No
C07353,B,No
C07354,B,No
C07355,B,No
C07356,A,No
C07357,A,No
C07358,B,No
C07359,A,No
C07360,B,Yes
C07361,B,No
C07362,A,No
C07363,B,No
C07364,A,No
C07365,B,No
C07366,B,No
C07367,A,No
C07368,A,No
C07369,A,No
C07370,A,No
C07371,A,No
C07372,A,No
C07373,A,No
C07374,A,No
C07375,B,No
C07376,B,No
C07377,A,No
C07378,A,No
C07379,B,No
C07380,A,No
C07381,A,No
C07382,A,No
C07383,B,No
C07384,B,No
C07385,B,No
C07386,B,No
C07387,B,No
C07388,A,No
C07389,B,No
C07390,B,No
C07391,B,No
C07392,A,No
C07393,A,No
C07394,B,No
C07395,A,Yes
C07396,A,No
C07397,A,No
C07398,B,No
C07399,B,No
C07400,A,No
C07401,B,No
C07402,B,No
C07403,A,Yes
C07404,B,Yes
C07405,B,No
C07406,A,No
C07407,A,No
C07408,A,No
C07409,B,No
C07410,A,No
C07411,B,No
C07412,A,No
C07413,A,No
C07414,B,No
C07415,A,No
C07416,A,No
C07417,A,No
C07418,A,No
C07419,A,No
C07420,A,No
C07421,A,No
C07422,B,No
C07423,A,No
C07424,A,No
C07425,B,No
C07426,B,No
C07427,A,No
C07428,B,No
C07429,A,No
C07430,A,No
C07431,A,No
C07432,A,No
C07433,B,No
C07434,A,No
C07435,A,No
C07436,B,No
C07437,A,No
C07438,A,No
C07439,A,No
C07440,B,No
C07441,A,No
C07442,B,No
C07443,B,Yes
C07444,A,No
C07445,A,No
C07446,A,No
C07447,A,No
C07448,A,No
C07449,A,No
C07450,B,No
C07451,A,No
C07452,A,No
C07453,B,No
C07454,B,No
C07455,B,No
C07456,B,Yes
C07457,B,No
C07458,B,No
C07459,B,No
C07460,B,No
C07461,B,No
C07462,B,No
C07463,A,No
C07464,B,No
C07465,A,No
C07466,A,No
C07467,A,No
C07468,B,No
C07469,A,No
C07470,B,No
C07471,A,No
C07472,B,No
C07473,B,No
C07474,A,No
C07475,A,No
C07476,A,No
C07477,A,No
C07478,B,No
C07479,B,No
C07480,B,No
C07481,A,No
C07482,B,No
C07483,A,No
C07484,A,No
C07485,B,No
C07486,B,No
C07487,A,No
C07488,A,No
C07489,B,No
C07490,B,No
C07491,A,No
C07492,B,No
C07493,A,No
C07494,B,No
C07495,B,Yes
C07496,B,No
C07497,A,Yes
C07498,A,No
C07499,B,No
C07500,A,No
C07501,A,No
C07502,A,No
C07503,B,No
C07504,A,No
C07505,B,No
C07506,A,No
C07507,A,No
C07508,A,No
C07509,A,No
C07510,A,No
C07511,A,No
C07512,B,No
C07513,B,No
C07514,B,No
C07515,A,No
C07516,A,No
C07517,B,No
C07518,B,No
C07519,A,No
C07520,B,No
C07521,A,Yes
C07522,B,No
C07523,B,Yes
C07524,A,No
C07525,B,Yes
C07526,A,No
C07527,A,No
C07528,B,No
C07529,A,No
C07530,B,No
C07531,B,No
C07532,A,Yes
C07533,A,No
C07534,A,No
C07535,B,No
C07536,B,No
C07537,B,No
C07538,B,No
C07539,B,No
C07540,A,No
C07541,B,No
C07542,A,No
C07543,A,No
C07544,A,No
C07545,B,No
C07546,B,No
C07547,B,No
C07548,B,No
C07549,B,No
C07550,B,No
C07551,A,No
C07552,A,No
C07553,B,No
C07554,A,No
C07555,A,No
C07556,B,Yes
C07557,A,No
C07558,B,No
C07559,A,No
C07560,A,No
C07561,A,No
C07562,A,No
C07563,A,No
C07564,A,No
C07565,A,No
C07566,A,No
C07567,B,No
C07568,A,No
C07569,A,No
C07570,A,No
C07571,A,No
C07572,A,No
C07573,B,No
C07574,B,No
C07575,A,No
C07576,B,No
C07577,B,No
C07578,A,No
C07579,B,No
C07580,A,No
C07581,A,No
C07582,A,No
C07583,B,No
C07584,B,No
C07585,B,No
C07586,A,No
C07587,A,No
C07588,B,No
C07589,A,No
C07590,A,No
C07591,A,No
C07592,B,No
C07593,A,No
C07594,A,No
C07595,B,No
C07596,A,Yes
C07597,A,No
C07598,A,No
C07599,B,No
C07600,B,No
C07601,A,No
C07602,A,No
C07603,B,No
C07604,B,No
C07605,B,No
C07606,B,No
C07607,A,No
C07608,A,No
C07609,B,No
C07610,B,No
C07611,A,No
C07612,A,No
C07613,B,No
C07614,B,No
C07615,B,No
C07616,B,No
C07617,B,No
C07618,B,No
C07619,A,Yes
C07620,A,No
C07621,B,No
C07622,B,No
C07623,B,No
C07624,B,No
C07625,A,No
C07626,B,No
C07627,A,No
C07628,B,No
C07629,A,Yes
C07630,B,No
C07631,A,No
C07632,A,No
C07633,A,No
C07634,B,No
C07635,A,No
C07636,A,No
C07637,A,No
C07638,A,No
C07639,B,No
C07640,A,No
C07641,B,No
C07642,B,No
C07643,A,Yes
C07644,B,No
C07645,B,No
C07646,B,No
C07647,B,No
C07648,B,No
C07649,B,No
C07650,B,No
C07651,A,No
C07652,A,Yes
C07653,A,No
C07654,A,No
C07655,A,No
C07656,A,No
C07657,A,No
C07658,B,Yes
C07659,A,No
C07660,A,No
C07661,A,No
C07662,B,No
C07663,B,No
C07664,B,No
C07665,B,No
C07666,B,No
C07667,B,No
C07668,A,No
C07669,B,Yes
C07670,B,No
C07671,B,No
C07672,B,No
C07673,B,No
C07674,A,No
C07675,B,No
C07676,A,No
C07677,B,No
C07678,A,No
C07679,B,No
C07680,B,No
C07681,A,No
C07682,A,No
C07683,B,No
C07684,A,No
C07685,A,No
C07686,A,No
C07687,B,No
C07688,B,No
C07689,A,No
C07690,B,Yes
C07691,B,Yes
C07692,A,No
C07693,B,No
C07694,A,No
C07695,B,No
C07696,B,No
C07697,B,No
C07698,A,No
C07699,B,No
C07700,B,No
C07701,A,No
C07702,A,No
C07703,B,No
C07704,A,Yes
C07705,B,No
C07706,B,No
C07707,A,No
C07708,A,No
C07709,B,No
C07710,A,No
C07711,A,No
C07712,B,No
C07713,A,Yes
C07714,A,No
C07715,A,No
C07716,B,No
C07717,A,No
C07718,A,No
C07719,B,No
C07720,A,No
C07721,B,No
C07722,B,No
C07723,B,No
C07724,A,No
C07725,B,No
C07726,A,No
C07727,B,No
C07728,A,No
C07729,B,No
C07730,B,No
C07731,A,No
C07732,B,No
C07733,B,No
C07734,B,No
C07735,A,No
C07736,A,No
C07737,A,No
C07738,B,No
C07739,A,No
C07740,A,No
C07741,B,No
C07742,B,No
C07743,B,Yes
C07744,B,No
C07745,A,No
C07746,B,No
C07747,B,No
C07748,A,No
C07749,B,No
C07750,B,No
C07751,A,No
C07752,A,No
C07753,A,No
C07754,B,No
C07755,A,No
C07756,B,No
C07757,A,No
C07758,A,No
C07759,A,No
C07760,B,No
C07761,A,No
C07762,A,No
C07763,B,No
C07764,A,No
C07765,A,No
C07766,A,No
C07767,B,No
C07768,A,No
C07769,B,No
C07770,B,No
C07771,B,No
C07772,A,No
C07773,B,No
C07774,B,No
C07775,B,No
C07776,B,No
C07777,A,No
C07778,A,No
C07779,A,No
C07780,B,No
C07781,B,No
C07782,B,No
C07783,B,No
C07784,A,No
C07785,A,No
C07786,B,No
C07787,B,No
C07788,A,No
C07789,B,No
C07790,B,No
C07791,B,No
C07792,B,No
C07793,B,No
C07794,A,No
C07795,A,No
C07796,A,No
C07797,A,No
C07798,B,No
C07799,B,No
C07800,B,No
C07801,B,No
C07802,B,No
C07803,B,No
C07804,B,No
C07805,B,No
C07806,A,No
C07807,B,No
C07808,B,No
C07809,A,No
C07810,B,No
C07811,A,Yes
C07812,B,No
C07813,A,No
C07814,B,No
C07815,A,No
C07816,A,No
C07817,B,No
C07818,B,No
C07819,B,No
C07820,B,No
C07821,A,No
C07822,B,No
C07823,B,No
C07824,A,No
C07825,B,No
C07826,A,No
C07827,A,No
C07828,A,No
C07829,A,No
C07830,B,No
C07831,B,No
C07832,A,No
C07833,B,No
C07834,B,No
C07835,B,Yes
C07836,B,No
C07837,A,No
C07838,A,No
C07839,B,No
C07840,A,No
C07841,A,No
C07842,B,No
C07843,A,No
C07844,A,No
C07845,A,No
C07846,A,No
C07847,A,No
C07848,B,No
C07849,A,No
C07850,B,No
C07851,A,No
C07852,A,No
C07853,A,No
C07854,A,No
C07855,A,No
C07856,A,No
C07857,B,No
C07858,A,No
C07859,B,No
C07860,B,No
C07861,B,No
C07862,A,No
C07863,A,No
C07864,A,No
C07865,A,No
C07866,A,No
C07867,A,No
C07868,A,No
C07869,B,No
C07870,A,No
C07871,A,No
C07872,A,Yes
C07873,A,No
C07874,A,No
C07875,A,No
C07876,A,No
C07877,A,No
C07878,B,No
C07879,B,No
C07880,B,No
C07881,A,No
C07882,A,No
C07883,A,No
C07884,A,No
C07885,A,No
C07886,A,No
C07887,B,No
C07888,B,No
C07889,A,No
C07890,B,No
C07891,A,No
C07892,A,No
C07893,B,No
C07894,B,No
C07895,A,No
C07896,A,No
C07897,B,No
C07898,A,No
C07899,B,No
C07900,B,No
C07901,A,No
C07902,B,No
C07903,B,No
C07904,A,Yes
C07905,B,No
C07906,B,Yes
C07907,A,No
C07908,A,Yes
C07909,A,No
C07910,A,No
C07911,B,No
C07912,A,No
C07913,B,No
C07914,B,No
C07915,A,No
C07916,A,No
C07917,A,No
C07918,A,Yes
C07919,A,No
C07920,A,No
C07921,B,No
C07922,B,No
C07923,B,No
C07924,B,No
C07925,B,No
C07926,B,No
C07927,B,No
C07928,B,No
C07929,A,No
C07930,A,No
C07931,A,No
C07932,B,No
C07933,B,No
C07934,A,No
C07935,A,No
C07936,A,No
C07937,B,No
C07938,A,No
C07939,B,No
C07940,A,No
C07941,B,No
C07942,B,No
C07943,B,No
C07944,B,No
C07945,B,No
C07946,A,No
C07947,A,No
C07948,A,No
C07949,A,No
C07950,B,Yes
C07951,A,No
C07952,B,No
C07953,A,No
C07954,B,No
C07955,A,No
C07956,A,No
C07957,A,No
C07958,A,No
C07959,A,Yes
C07960,B,No
C07961,B,No
C07962,A,No
C07963,A,No
C07964,A,No
C07965,B,No
C07966,A,No
C07967,A,No
C07968,B,No
C07969,A,No
C07970,A,No
C07971,A,No
C07972,A,No
C07973,A,No
C07974,B,No
C07975,A,No
C07976,A,No
C07977,A,Yes
C07978,A,Yes
C07979,B,No
C07980,A,No
C07981,A,No
C07982,A,No
C07983,A,No
C07984,B,No
C07985,B,No
C07986,A,No
C07987,B,No
C07988,B,No
C07989,B,No
C07990,A,Yes
C07991,B,No
C07992,B,Yes
C07993,B,No
C07994,B,No
C07995,A,No
C07996,A,No
C07997,A,No
C07998,B,No
C07999,A,No
C08000,B,No
C08001,A,No
C08002,B,No
C08003,B,No
C08004,B,No
C08005,A,No
C08006,A,No
C08007,B,No
C08008,A,No
C08009,A,No
C08010,B,No
C08011,A,No
C08012,A,No
C08013,A,No
C08014,B,No
C08015,B,No
C08016,B,No
C08017,A,No
C08018,A,No
C08019,A,No
C08020,A,No
C08021,A,No
C08022,A,No
C08023,B,No
C08024,A,No
C08025,B,No
C08026,A,No
C08027,B,No
C08028,A,No
C08029,B,No
C08030,A,No
C08031,A,No
C08032,B,No
C08033,A,No
C08034,B,No
C08035,B,No
C08036,A,No
C08037,A,No
C08038,A,No
C08039,A,No
C08040,A,No
C08041,B,No
C08042,A,No
C08043,B,No
C08044,B,No
C08045,B,No
C08046,A,No
C08047,B,No
C08048,A,No
C08049,A,No
C08050,B,No
C08051,A,No
C08052,B,No
C08053,B,No
C08054,B,No
C08055,A,No
C08056,A,No
C08057,B,No
C08058,B,No
C08059,B,No
C08060,B,No
C08061,B,No
C08062,A,No
C08063,A,No
C08064,B,No
C08065,B,Yes
C08066,B,No
C08067,B,Yes
C08068,A,No
C08069,A,No
C08070,B,No
C08071,A,No
C08072,A,No
C08073,B,No
C08074,A,Yes
C08075,B,No
C08076,A,No
C08077,B,No
C08078,A,No
C08079,B,No
C08080,B,No
C08081,B,Yes
C08082,B,No
C08083,A,No
C08084,B,No
C08085,A,No
C08086,A,No
C08087,B,No
C08088,B,No
C08089,B,No
C08090,B,Yes
C08091,B,No
C08092,A,No
C08093,B,No
C08094,B,No
C08095,A,No
C08096,B,No
C08097,A,No
C08098,A,No
C08099,B,Yes
C08100,B,No
C08101,B,No
C08102,B,No
C08103,A,No
C08104,B,No
C08105,A,No
C08106,A,No
C08107,B,No
C08108,B,No
C08109,A,No
C08110,A,No
C08111,B,Yes
C08112,B,No
C08113,B,No
C08114,A,No
C08115,B,No
C08116,B,No
C08117,A,No
C08118,B,No
C08119,A,No
C08120,B,No
C08121,B,No
C08122,B,No
C08123,B,No
C08124,B,Yes
C08125,A,No
C08126,A,No
C08127,A,No
C08128,A,No
C08129,B,No
C08130,B,Yes
C08131,B,No
C08132,B,No
C08133,A,No
C08134,A,No
C08135,B,No
C08136,B,No
C08137,A,No
C08138,A,No
C08139,A,No
C08140,B,No
C08141,A,No
C08142,B,No
C08143,B,No
C08144,B,No
C08145,B,No
C08146,A,No
C08147,A,No
C08148,A,No
C08149,B,No
C08150,A,No
C08151,B,No
C08152,A,No
C08153,B,No
C08154,B,No
C08155,B,No
C08156,B,No
C08157,A,No
C08158,A,No
C08159,B,No
C08160,A,No
C08161,A,No
C08162,A,No
C08163,A,No
C08164,B,No
C08165,B,No
C08166,A,No
C08167,A,Yes
C08168,B,No
C08169,A,No
C08170,A,No
C08171,B,No
C08172,A,No
C08173,A,No
C08174,A,No
C08175,B,No
C08176,A,No
C08177,B,No
C08178,A,No
C08179,A,No
C08180,B,No
C08181,B,No
C08182,A,No
C08183,A,No
C08184,B,No
C08185,B,No
C08186,A,No
C08187,A,No
C08188,A,No
C08189,B,No
C08190,A,No
C08191,A,No
C08192,B,No
C08193,A,No
C08194,A,No
C08195,B,No
C08196,B,No
C08197,A,No
C08198,A,No
C08199,B,No
C08200,B,No
C08201,B,No
C08202,A,No
C08203,B,No
C08204,B,No
C08205,B,No
C08206,B,No
C08207,B,No
C08208,A,No
C08209,B,No
C08210,B,No
C08211,B,No
C08212,B,No
C08213,A,No
C08214,B,No
C08215,B,No
C08216,B,No
C08217,B,No
C08218,B,No
C08219,A,No
C08220,A,No
C08221,A,No
C08222,B,No
C08223,A,No
C08224,A,No
C08225,A,No
C08226,B,No
C08227,B,No
C08228,A,No
C08229,A,No
C08230,A,No
C08231,A,No
C08232,A,No
C08233,B,No
C08234,B,No
C08235,A,No
C08236,B,No
C08237,A,No
C08238,B,No
C08239,B,No
C08240,A,No
C08241,A,No
C08242,B,No
C08243,B,No
C08244,A,No
C08245,B,No
C08246,A,No
C08247,B,No
C08248,A,No
C08249,B,No
C08250,B,No
C08251,A,No
C08252,B,No
C08253,A,Yes
C08254,B,No
C08255,A,No
C08256,B,No
C08257,A,No
C08258,A,No
C08259,A,No
C08260,A,No
C08261,A,No
C08262,A,No
C08263,B,No
C08264,A,Yes
C08265,B,No
C08266,A,No
C08267,B,No
C08268,A,No
C08269,B,No
C08270,A,No
C08271,B,No
C08272,A,No
C08273,B,No
C08274,B,No
C08275,A,No
C08276,B,No
C08277,A,No
C08278,B,No
C08279,A,No
C08280,A,No
C08281,B,Yes
C08282,A,No
C08283,B,No
C08284,A,No
C08285,B,No
C08286,A,No
C08287,B,No
C08288,A,No
C08289,B,No
C08290,B,No
C08291,A,Yes
C08292,B,No
C08293,A,No
C08294,B,No
C08295,A,No
C08296,B,No
C08297,A,No
C08298,A,No
C08299,A,No
C08300,B,No
C08301,A,No
C08302,A,No
C08303,A,Yes
C08304,A,No
C08305,B,Yes
C08306,A,No
C08307,B,No
C08308,B,No
C08309,A,No
C08310,B,No
C08311,A,No
C08312,B,No
C08313,B,No
C08314,A,No
C08315,B,Yes
C08316,A,No
C08317,B,No
C08318,A,No
C08319,B,No
C08320,A,No
C08321,A,No
C08322,A,No
C08323,A,No
C08324,A,Yes
C08325,B,No
C08326,A,No
C08327,A,No
C08328,A,No
C08329,B,No
C08330,B,Yes
C08331,A,No
C08332,A,No
C08333,A,No
C08334,B,No
C08335,B,No
C08336,B,No
C08337,B,No
C08338,B,No
C08339,A,Yes
C08340,B,No
C08341,A,No
C08342,B,No
C08343,B,No
C08344,B,No
C08345,A,No
C08346,B,No
C08347,A,No
C08348,A,No
C08349,B,No
C08350,B,No
C08351,A,No
C08352,B,No
C08353,B,No
C08354,B,No
C08355,B,No
C08356,A,Yes
C08357,A,No
C08358,B,No
C08359,A,No
C08360,A,No
C08361,B,No
C08362,A,No
C08363,A,No
C08364,B,No
C08365,B,No
C08366,A,No
C08367,A,No
C08368,B,No
C08369,A,No
C08370,A,No
C08371,A,No
C08372,B,No
C08373,A,No
C08374,B,No
C08375,A,No
C08376,A,No
C08377,B,No
C08378,A,No
C08379,B,No
C08380,B,No
C08381,B,No
C08382,A,No
C08383,B,No
C08384,B,No
C08385,B,Yes
C08386,A,No
C08387,A,No
C08388,A,No
C08389,A,No
C08390,B,No
C08391,A,No
C08392,A,No
C08393,B,No
C08394,A,No
C08395,B,No
C08396,B,No
C08397,A,No
C08398,B,No
C08399,A,No
C08400,A,No
C08401,B,No
C08402,B,No
C08403,B,No
C08404,A,No
C08405,A,No
C08406,A,No
C08407,A,No
C08408,B,No
C08409,A,No
C08410,A,No
C08411,A,No
C08412,A,No
C08413,A,No
C08414,B,No
C08415,B,No
C08416,A,No
C08417,A,No
C08418,B,No
C08419,B,No
C08420,B,No
C08421,B,No
C08422,A,No
C08423,A,No
C08424,A,No
C08425,A,No
C08426,B,No
C08427,A,No
C08428,A,Yes
C08429,A,No
C08430,B,No
C08431,A,No
C08432,B,No
C08433,B,No
C08434,B,No
C08435,A,No
C08436,B,No
C08437,A,No
C08438,B,No
C08439,B,No
C08440,B,No
C08441,A,Yes
C08442,A,Yes
C08443,B,No
C08444,B,No
C08445,A,No
C08446,B,No
C08447,A,No
C08448,B,No
C08449,B,No
C08450,B,No
C08451,B,No
C08452,A,No
C08453,A,No
C08454,B,No
C08455,A,No
C08456,A,No
C08457,B,No
C08458,A,No
C08459,A,No
C08460,A,No
C08461,B,No
C08462,B,No
C08463,A,No
C08464,A,No
C08465,A,No
C08466,A,No
C08467,A,No
C08468,B,No
C08469,A,No
C08470,A,No
C08471,A,Yes
C08472,B,No
C08473,B,No
C08474,B,No
C08475,B,No
C08476,A,No
C08477,B,No
C08478,A,No
C08479,A,No
C08480,A,No
C08481,A,No
C08482,A,No
C08483,B,No
C08484,A,No
C08485,A,No
C08486,B,No
C08487,A,Yes
C08488,B,No
C08489,B,No
C08490,A,No
C08491,A,No
C08492,B,No
C08493,B,Yes
C08494,A,No
C08495,A,No
C08496,B,No
C08497,B,No
C08498,A,No
C08499,B,No
C08500,A,No
C08501,A,No
C08502,A,No
C08503,A,No
C08504,A,No
C08505,A,No
C08506,B,No
C08507,B,No
C08508,A,No
C08509,B,No
C08510,B,No
C08511,A,Yes
C08512,B,No
C08513,A,No
C08514,A,No
C08515,B,No
C08516,B,No
C08517,A,No
C08518,A,No
C08519,A,No
C08520,A,No
C08521,A,No
C08522,A,No
C08523,B,Yes
C08524,A,No
C08525,A,No
C08526,A,No
C08527,A,No
C08528,A,No
C08529,A,No
C08530,A,No
C08531,A,No
C08532,B,No
C08533,B,No
C08534,A,No
C08535,A,No
C08536,A,No
C08537,B,No
C08538,A,No
C08539,A,No
C08540,B,No
C08541,A,No
C08542,B,No
C08543,B,No
C08544,B,Yes
C08545,A,No
C08546,A,No
C08547,B,No
C08548,B,No
C08549,A,No
C08550,B,No
C08551,A,No
C08552,A,No
C08553,B,No
C08554,A,No
C08555,A,No
C08556,B,No
C08557,B,No
C08558,A,No
C08559,A,No
C08560,A,No
C08561,A,No
C08562,A,No
C08563,B,No
C08564,A,No
C08565,A,No
C08566,B,No
C08567,A,No
C08568,B,No
C08569,A,No
C08570,B,No
C08571,B,No
C08572,B,No
C08573,B,No
C08574,B,Yes
C08575,B,No
C08576,B,No
C08577,B,Yes
C08578,B,No
C08579,A,No
C08580,A,No
C08581,B,No
C08582,B,No
C08583,B,No
C08584,B,No
C08585,A,No
C08586,B,No
C08587,A,No
C08588,A,No
C08589,B,No
C08590,A,No
C08591,B,No
C08592,B,No
C08593,A,No
C08594,A,No
C08595,A,No
C08596,A,No
C08597,B,No
C08598,A,Yes
C08599,A,No
C08600,B,No
C08601,A,Yes
C08602,B,No
C08603,B,No
C08604,B,No
C08605,A,No
C08606,B,No
C08607,B,No
C08608,B,No
C08609,A,No
C08610,A,No
C08611,B,No
C08612,A,No
C08613,B,No
C08614,A,No
C08615,A,No
C08616,A,Yes
C08617,B,No
C08618,A,No
C08619,B,No
C08620,B,No
C08621,B,No
C08622,B,No
C08623,A,No
C08624,A,No
C08625,B,No
C08626,B,No
C08627,A,No
C08628,B,No
C08629,B,No
C08630,B,No
C08631,B,No
C08632,B,No
C08633,A,No
C08634,B,Yes
C08635,B,No
C08636,B,No
C08637,B,No
C08638,A,No
C08639,A,No
C08640,A,No
C08641,B,No
C08642,A,No
C08643,B,No
C08644,B,No
C08645,A,No
C08646,A,No
C08647,B,No
C08648,B,No
C08649,A,No
C08650,A,No
C08651,B,Yes
C08652,B,No
C08653,B,No
C08654,A,Yes
C08655,A,No
C08656,A,No
C08657,B,No
C08658,B,No
C08659,B,No
C08660,A,No
C08661,A,No
C08662,B,No
C08663,A,No
C08664,A,No
C08665,A,No
C08666,A,No
C08667,A,No
C08668,B,No
C08669,A,No
C08670,B,No
C08671,A,No
C08672,A,No
C08673,B,No
C08674,B,No
C08675,A,No
C08676,B,No
C08677,B,No
C08678,B,No
C08679,A,No
C08680,B,No
C08681,A,No
C08682,A,No
C08683,B,No
C08684,A,No
C08685,A,No
C08686,A,Yes
C08687,B,No
C08688,A,No
C08689,B,No
C08690,A,No
C08691,B,No
C08692,A,No
C08693,A,No
C08694,A,No
C08695,B,No
C08696,B,No
C08697,A,No
C08698,B,No
C08699,B,No
C08700,B,No
C08701,A,No
C08702,B,No
C08703,B,No
C08704,B,No
C08705,B,No
C08706,A,No
C08707,A,No
C08708,A,No
C08709,B,No
C08710,B,No
C08711,A,No
C08712,B,No
C08713,B,No
C08714,A,Yes
C08715,B,No
C08716,A,No
C08717,A,No
C08718,B,No
C08719,B,No
C08720,A,No
C08721,B,No
C08722,A,No
C08723,B,No
C08724,B,No
C08725,B,No
C08726,A,No
C08727,B,No
C08728,B,No
C08729,B,No
C08730,A,No
C08731,A,No
C08732,B,No
C08733,B,No
C08734,B,No
C08735,B,No
C08736,A,No
C08737,A,No
C08738,A,No
C08739,B,No
C08740,B,No
C08741,A,No
C08742,B,No
C08743,B,No
C08744,A,No
C08745,B,No
C08746,B,No
C08747,A,No
C08748,B,No
C08749,A,No
C08750,B,No
C08751,A,No
C08752,A,No
C08753,B,No
C08754,B,No
C08755,B,No
C08756,B,No
C08757,A,No
C08758,A,No
C08759,B,No
C08760,B,No
C08761,A,No
C08762,A,No
C08763,B,No
C08764,A,No
C08765,A,No
C08766,B,No
C08767,A,No
C08768,B,Yes
C08769,B,No
C08770,A,No
C08771,B,No
C08772,A,No
C08773,A,No
C08774,A,No
C08775,B,No
C08776,A,No
C08777,B,No
C08778,A,No
C08779,A,Yes
C08780,B,No
C08781,A,No
C08782,B,No
C08783,A,No
C08784,A,No
C08785,A,No
C08786,B,No
C08787,A,No
C08788,B,No
C08789,A,Yes
C08790,B,No
C08791,B,No
C08792,A,No
C08793,B,No
C08794,A,No
C08795,A,No
C08796,A,No
C08797,A,No
C08798,A,No
C08799,A,No
C08800,B,No
C08801,A,No
C08802,A,No
C08803,B,No
C08804,A,No
C08805,B,No
C08806,A,No
C08807,B,No
C08808,B,No
C08809,B,No
C08810,A,No
C08811,B,No
C08812,B,No
C08813,B,No
C08814,B,No
C08815,A,No
C08816,B,No
C08817,A,No
C08818,B,No
C08819,B,No
C08820,B,No
C08821,B,No
C08822,B,No
C08823,B,No
C08824,B,No
C08825,B,No
C08826,A,No
C08827,B,No
C08828,B,No
C08829,B,No
C08830,A,No
C08831,A,No
C08832,A,No
C08833,A,No
C08834,B,No
C08835,B,No
C08836,A,No
C08837,A,No
C08838,A,No
C08839,B,No
C08840,B,No
C08841,B,No
C08842,A,Yes
C08843,B,No
C08844,B,No
C08845,A,No
C08846,B,Yes
C08847,A,No
C08848,A,No
C08849,A,Yes
C08850,B,No
C08851,A,No
C08852,A,No
C08853,A,No
C08854,B,No
C08855,B,No
C08856,A,No
C08857,A,No
C08858,A,No
C08859,B,Yes
C08860,A,No
C08861,A,Yes
C08862,A,Yes
C08863,B,No
C08864,B,No
C08865,A,No
C08866,A,No
C08867,A,No
C08868,B,No
C08869,A,No
C08870,B,No
C08871,B,No
C08872,B,No
C08873,A,No
C08874,A,No
C08875,B,No
C08876,A,No
C08877,B,No
C08878,B,No
C08879,B,No
C08880,A,No
C08881,B,No
C08882,B,No
C08883,B,No
C08884,B,No
C08885,B,No
C08886,A,No
C08887,A,No
C08888,A,No
C08889,B,No
C08890,B,No
C08891,A,No
C08892,B,Yes
C08893,A,No
C08894,A,No
C08895,B,No
C08896,B,No
C08897,B,No
C08898,B,No
C08899,A,No
C08900,B,No
C08901,B,Yes
C08902,A,No
C08903,B,No
C08904,A,No
C08905,B,No
C08906,A,No
C08907,B,No
C08908,A,No
C08909,B,No
C08910,A,No
C08911,A,No
C08912,A,No
C08913,A,No
C08914,B,No
C08915,A,No
C08916,A,No
C08917,B,No
C08918,A,No
C08919,B,No
C08920,A,No
C08921,B,No
C08922,B,No
C08923,B,No
C08924,A,No
C08925,B,No
C08926,A,No
C08927,B,No
C08928,A,No
C08929,A,No
C08930,A,No
C08931,B,No
C08932,B,Yes
C08933,A,No
C08934,B,No
C08935,B,No
C08936,B,No
C08937,B,No
C08938,A,No
C08939,A,No
C08940,B,No
C08941,B,No
C08942,A,No
C08943,B,No
C08944,B,No
C08945,B,No
C08946,B,No
C08947,A,No
C08948,A,No
C08949,B,No
C08950,A,No
C08951,B,No
C08952,A,Yes
C08953,A,No
C08954,A,Yes
C08955,A,No
C08956,A,No
C08957,A,No
C08958,A,No
C08959,A,No
C08960,B,No
C08961,B,No
C08962,B,No
C08963,A,No
C08964,A,No
C08965,A,No
C08966,B,No
C08967,A,No
C08968,B,No
C08969,A,No
C08970,A,No
C08971,A,No
C08972,A,No
C08973,B,No
C08974,A,No
C08975,B,No
C08976,A,No
C08977,B,No
C08978,B,No
C08979,A,No
C08980,B,No
C08981,A,No
C08982,B,No
C08983,A,No
C08984,B,Yes
C08985,B,No
C08986,A,No
C08987,A,No
C08988,A,No
C08989,B,No
C08990,B,No
C08991,A,No
C08992,B,No
C08993,A,No
C08994,A,No
C08995,A,No
C08996,B,No
C08997,B,No
C08998,B,No
C08999,A,No
C09000,B,No
C09001,B,No
C09002,B,No
C09003,A,No
C09004,B,No
C09005,A,No
C09006,A,No
C09007,A,No
C09008,A,No
C09009,B,No
C09010,A,No
C09011,A,No
C09012,B,No
C09013,B,No
C09014,A,No
C09015,A,No
C09016,A,No
C09017,A,No
C09018,B,No
C09019,B,No
C09020,B,No
C09021,A,No
C09022,B,No
C09023,B,No
C09024,B,No
C09025,A,No
C09026,B,No
C09027,A,No
C09028,A,No
C09029,A,No
C09030,A,No
C09031,A,No
C09032,A,No
C09033,A,No
C09034,B,No
C09035,A,No
C09036,A,No
C09037,B,No
C09038,B,No
C09039,A,No
C09040,B,No
C09041,B,No
C09042,A,No
C09043,A,No
C09044,A,No
C09045,B,No
C09046,A,No
C09047,A,No
C09048,A,Yes
C09049,B,No
C09050,B,No
C09051,B,No
C09052,B,No
C09053,B,No
C09054,A,No
C09055,B,Yes
C09056,A,No
C09057,B,No
C09058,B,No
C09059,B,No
C09060,A,No
C09061,B,No
C09062,B,No
C09063,A,No
C09064,B,No
C09065,A,No
C09066,A,No
C09067,A,No
C09068,B,No
C09069,A,No
C09070,B,No
C09071,B,No
C09072,B,No
C09073,B,No
C09074,B,No
C09075,B,No
C09076,B,No
C09077,B,No
C09078,B,No
C09079,B,Yes
C09080,A,No
C09081,B,No
C09082,B,No
C09083,A,No
C09084,A,No
C09085,A,No
C09086,B,No
C09087,B,No
C09088,B,No
C09089,B,No
C09090,A,No
C09091,A,No
C09092,A,No
C09093,A,No
C09094,A,Yes
C09095,A,No
C09096,B,No
C09097,A,No
C09098,B,No
C09099,A,No
C09100,B,No
C09101,A,No
C09102,B,No
C09103,B,Yes
C09104,B,No
C09105,B,No
C09106,A,No
C09107,A,No
C09108,B,No
C09109,B,No
C09110,B,No
C09111,A,No
C09112,A,No
C09113,A,No
C09114,B,No
C09115,A,No
C09116,B,No
C09117,A,No
C09118,B,No
C09119,B,No
C09120,A,No
C09121,B,No
C09122,B,No
C09123,B,No
C09124,B,No
C09125,B,Yes
C09126,B,No
C09127,B,No
C09128,A,No
C09129,A,No
C09130,B,No
C09131,B,No
C09132,A,No
C09133,A,Yes
C09134,A,No
C09135,B,No
C09136,B,No
C09137,A,No
C09138,A,No
C09139,A,No
C09140,A,No
C09141,A,No
C09142,A,No
C09143,A,No
C09144,A,No
C09145,A,No
C09146,B,No
C09147,B,No
C09148,B,No
C09149,B,No
C09150,A,No
C09151,A,No
C09152,A,No
C09153,A,No
C09154,A,No
C09155,B,No
C09156,A,No
C09157,A,No
C09158,B,No
C09159,A,No
C09160,B,No
C09161,A,Yes
C09162,A,No
C09163,B,No
C09164,A,No
C09165,A,No
C09166,A,No
C09167,A,No
C09168,A,No
C09169,A,No
C09170,A,No
C09171,B,No
C09172,A,No
C09173,A,No
C09174,A,No
C09175,B,No
C09176,A,No
C09177,A,No
C09178,B,Yes
C09179,B,Yes
C09180,A,No
C09181,B,No
C09182,A,No
C09183,B,No
C09184,A,No
C09185,B,No
C09186,A,No
C09187,A,No
C09188,A,No
C09189,B,No
C09190,B,No
C09191,B,No
C09192,B,No
C09193,B,No
C09194,B,No
C09195,B,No
C09196,B,No
C09197,A,No
C09198,A,No
C09199,B,No
C09200,A,No
C09201,B,No
C09202,A,No
C09203,A,No
C09204,A,No
C09205,B,No
C09206,B,No
C09207,A,Yes
C09208,A,No
C09209,A,No
C09210,B,No
C09211,A,No
C09212,A,No
C09213,A,No
C09214,A,No
C09215,B,No
C09216,B,No
C09217,B,Yes
C09218,B,No
C09219,B,No
C09220,B,No
C09221,A,No
C09222,A,No
C09223,A,No
C09224,B,No
C09225,B,No
C09226,B,No
C09227,A,No
C09228,B,No
C09229,A,No
C09230,A,Yes
C09231,A,No
C09232,B,No
C09233,B,No
C09234,B,No
C09235,A,No
C09236,A,No
C09237,B,No
C09238,B,No
C09239,B,No
C09240,A,Yes
C09241,B,No
C09242,B,Yes
C09243,A,No
C09244,B,No
C09245,A,No
C09246,A,No
C09247,B,No
C09248,A,No
C09249,B,No
C09250,A,No
C09251,B,No
C09252,B,No
C09253,A,No
C09254,B,No
C09255,B,No
C09256,B,No
C09257,A,No
C09258,A,No
C09259,B,No
C09260,B,No
C09261,A,No
C09262,B,No
C09263,B,No
C09264,B,No
C09265,A,No
C09266,B,No
C09267,B,No
C09268,A,Yes
C09269,B,No
C09270,A,No
C09271,A,No
C09272,B,No
C09273,B,No
C09274,A,No
C09275,A,No
C09276,B,No
C09277,B,No
C09278,A,Yes
C09279,B,No
C09280,A,No
C09281,A,No
C09282,B,No
C09283,B,No
C09284,A,No
C09285,A,No
C09286,B,No
C09287,B,No
C09288,B,No
C09289,B,No
C09290,A,No
C09291,B,No
C09292,A,Yes
C09293,B,No
C09294,A,No
C09295,A,No
C09296,B,No
C09297,B,No
C09298,B,No
C09299,A,No
C09300,A,No
C09301,B,No
C09302,A,No
C09303,A,No
C09304,B,No
C09305,B,No
C09306,A,No
C09307,A,No
C09308,A,No
C09309,A,No
C09310,A,No
C09311,B,Yes
C09312,A,Yes
C09313,A,No
C09314,B,No
C09315,B,No
C09316,B,No
C09317,B,No
C09318,A,No
C09319,A,Yes
C09320,A,No
C09321,A,Yes
C09322,B,No
C09323,A,No
C09324,B,No
C09325,B,No
C09326,A,No
C09327,B,No
C09328,A,No
C09329,A,No
C09330,A,Yes
C09331,A,No
C09332,B,No
C09333,A,No
C09334,A,No
C09335,A,No
C09336,B,No
C09337,B,No
C09338,A,No
C09339,A,No
C09340,A,No
C09341,B,No
C09342,A,No
C09343,B,No
C09344,A,No
C09345,B,No
C09346,A,No
C09347,B,No
C09348,A,No
C09349,B,No
C09350,A,No
C09351,B,No
C09352,A,No
C09353,B,No
C09354,A,No
C09355,A,Yes
C09356,B,No
C09357,A,No
C09358,A,No
C09359,A,No
C09360,A,No
C09361,A,No
C09362,B,No
C09363,B,No
C09364,A,No
C09365,A,No
C09366,B,No
C09367,A,No
C09368,A,No
C09369,B,No
C09370,A,No
C09371,B,No
C09372,A,No
C09373,A,No
C09374,B,No
C09375,A,No
C09376,B,No
C09377,B,No
C09378,B,No
C09379,B,No
C09380,B,No
C09381,A,No
C09382,A,No
C09383,A,No
C09384,A,No
C09385,B,No
C09386,B,No
C09387,B,Yes
C09388,B,No
C09389,B,No
C09390,B,No
C09391,B,No
C09392,A,No
C09393,B,No
C09394,B,No
C09395,A,Yes
C09396,B,No
C09397,B,No
C09398,A,No
C09399,B,No
C09400,B,No
C09401,B,No
C09402,A,No
C09403,B,No
C09404,B,No
C09405,B,No
C09406,A,No
C09407,A,No
C09408,B,No
C09409,A,No
C09410,A,No
C09411,A,Yes
C09412,B,No
C09413,A,No
C09414,A,No
C09415,B,No
C09416,A,No
C09417,B,No
C09418,B,No
C09419,B,No
C09420,B,No
C09421,B,No
C09422,B,No
C09423,B,No
C09424,B,No
C09425,B,No
C09426,A,No
C09427,B,No
C09428,B,No
C09429,A,No
C09430,B,No
C09431,A,No
C09432,B,No
C09433,A,No
C09434,B,No
C09435,B,No
C09436,A,No
C09437,A,No
C09438,B,No
C09439,A,No
C09440,A,No
C09441,B,No
C09442,A,No
C09443,B,No
C09444,A,No
C09445,A,No
C09446,A,No
C09447,A,No
C09448,B,No
C09449,B,No
C09450,A,No
C09451,A,No
C09452,B,No
C09453,B,No
C09454,A,No
C09455,B,No
C09456,A,Yes
C09457,A,No
C09458,A,No
C09459,B,Yes
C09460,B,No
C09461,B,No
C09462,B,Yes
C09463,A,No
C09464,B,No
C09465,B,No
C09466,A,No
C09467,A,No
C09468,A,No
C09469,B,No
C09470,A,No
C09471,A,Yes
C09472,B,No
C09473,B,No
C09474,A,No
C09475,B,No
C09476,A,No
C09477,A,No
C09478,A,No
C09479,A,No
C09480,A,No
C09481,B,No
C09482,B,No
C09483,B,No
C09484,B,No
C09485,A,No
C09486,A,No
C09487,B,No
C09488,B,No
C09489,A,No
C09490,A,No
C09491,B,No
C09492,A,No
C09493,A,No
C09494,B,No
C09495,A,No
C09496,B,No
C09497,A,No
C09498,B,No
C09499,B,No
C09500,A,No
C09501,A,No
C09502,B,No
C09503,B,No
C09504,A,No
C09505,B,Yes
C09506,B,No
C09507,A,No
C09508,B,No
C09509,B,No
C09510,B,Yes
C09511,A,No
C09512,A,No
C09513,B,Yes
C09514,A,No
C09515,B,No
C09516,B,No
C09517,B,No
C09518,B,No
C09519,A,No
C09520,A,No
C09521,B,Yes
C09522,B,No
C09523,A,No
C09524,A,No
C09525,B,No
C09526,A,No
C09527,A,No
C09528,A,No
C09529,A,No
C09530,B,No
C09531,B,No
C09532,A,Yes
C09533,B,No
C09534,A,No
C09535,A,No
C09536,B,No
C09537,B,No
C09538,A,No
C09539,A,No
C09540,A,No
C09541,B,No
C09542,A,Yes
C09543,A,No
C09544,A,No
C09545,A,No
C09546,B,No
C09547,A,No
C09548,B,No
C09549,A,No
C09550,A,No
C09551,A,No
C09552,A,No
C09553,A,No
C09554,A,No
C09555,B,No
C09556,B,No
C09557,B,No
C09558,B,Yes
C09559,B,No
C09560,B,No
C09561,A,No
C09562,B,No
C09563,B,No
C09564,B,No
C09565,B,No
C09566,B,No
C09567,B,No
C09568,B,No
C09569,A,No
C09570,A,No
C09571,A,No
C09572,B,No
C09573,B,No
C09574,B,Yes
C09575,A,No
C09576,B,No
C09577,B,No
C09578,A,No
C09579,B,No
C09580,A,No
C09581,B,No
C09582,B,No
C09583,A,No
C09584,B,No
C09585,A,No
C09586,B,No
C09587,A,No
C09588,B,No
C09589,B,No
C09590,B,No
C09591,B,No
C09592,A,No
C09593,A,No
C09594,A,No
C09595,A,No
C09596,B,No
C09597,B,No
C09598,A,No
C09599,B,No
C09600,B,No
C09601,B,No
C09602,B,Yes
C09603,B,Yes
C09604,B,No
C09605,B,No
C09606,B,No
C09607,B,No
C09608,B,No
C09609,A,No
C09610,B,Yes
C09611,B,No
C09612,A,No
C09613,B,No
C09614,A,No
C09615,A,No
C09616,A,No
C09617,B,No
C09618,B,No
C09619,B,No
C09620,B,No
C09621,B,No
C09622,B,Yes
C09623,A,No
C09624,B,No
C09625,A,No
C09626,A,No
C09627,B,No
C09628,B,No
C09629,A,No
C09630,A,Yes
C09631,A,No
C09632,A,No
C09633,B,No
C09634,A,No
C09635,A,No
C09636,A,No
C09637,A,No
C09638,A,No
C09639,A,No
C09640,B,No
C09641,B,No
C09642,B,No
C09643,A,No
C09644,A,No
C09645,B,No
C09646,A,No
C09647,B,No
C09648,A,No
C09649,A,No
C09650,B,No
C09651,B,No
C09652,B,No
C09653,A,No
C09654,A,No
C09655,A,No
C09656,B,No
C09657,A,No
C09658,A,No
C09659,A,No
C09660,A,No
C09661,A,No
C09662,B,No
C09663,A,No
C09664,B,No
C09665,B,No
C09666,B,No
C09667,B,No
C09668,B,No
C09669,B,No
C09670,B,No
C09671,B,No
C09672,B,No
C09673,B,No
C09674,A,No
C09675,A,No
C09676,A,No
C09677,B,No
C09678,A,No
C09679,A,No
C09680,B,No
C09681,B,No
C09682,A,No
C09683,A,No
C09684,A,No
C09685,B,No
C09686,B,No
C09687,A,No
C09688,B,No
C09689,A,No
C09690,A,No
C09691,A,No
C09692,B,No
C09693,A,No
C09694,B,Yes
C09695,B,No
C09696,B,No
C09697,B,No
C09698,A,No
C09699,B,No
C09700,B,No
C09701,B,No
C09702,B,No
C09703,A,No
C09704,B,No
C09705,B,Yes
C09706,A,No
C09707,A,No
C09708,B,Yes
C09709,A,Yes
C09710,A,No
C09711,A,No
C09712,B,No
C09713,B,No
C09714,A,No
C09715,B,No
C09716,A,No
C09717,A,No
C09718,B,No
C09719,B,No
C09720,B,No
C09721,B,No
C09722,A,No
C09723,B,No
C09724,B,No
C09725,A,No
C09726,B,No
C09727,A,Yes
C09728,B,No
C09729,B,Yes
C09730,B,No
C09731,A,No
C09732,A,No
C09733,A,No
C09734,A,No
C09735,A,No
C09736,A,No
C09737,B,No
C09738,B,No
C09739,A,Yes
C09740,A,No
C09741,A,No
C09742,B,No
C09743,B,No
C09744,B,No
C09745,B,No
C09746,B,No
C09747,B,No
C09748,B,No
C09749,B,No
C09750,A,No
C09751,B,No
C09752,B,No
C09753,B,No
C09754,A,No
C09755,A,No
C09756,A,No
C09757,A,No
C09758,A,No
C09759,A,No
C09760,B,No
C09761,B,No
C09762,B,No
C09763,A,No
C09764,B,No
C09765,A,No
C09766,A,No
C09767,A,No
C09768,A,No
C09769,A,No
C09770,A,No
C09771,A,No
C09772,B,No
C09773,A,No
C09774,B,No
C09775,B,No
C09776,B,No
C09777,B,No
C09778,A,No
C09779,B,Yes
C09780,B,No
C09781,A,No
C09782,A,No
C09783,B,No
C09784,B,Yes
C09785,A,No
C09786,B,No
C09787,A,No
C09788,B,No
C09789,B,No
C09790,B,No
C09791,A,No
C09792,B,No
C09793,B,No
C09794,B,No
C09795,A,No
C09796,A,No
C09797,A,No
C09798,A,No
C09799,B,Yes
C09800,A,No
C09801,A,No
C09802,A,No
C09803,B,No
C09804,B,No
C09805,B,No
C09806,A,No
C09807,B,No
C09808,B,No
C09809,A,No
C09810,A,No
C09811,B,No
C09812,A,No
C09813,B,No
C09814,B,Yes
C09815,A,No
C09816,A,No
C09817,A,No
C09818,B,No
C09819,A,No
C09820,B,No
C09821,A,No
C09822,A,No
C09823,B,No
C09824,A,No
C09825,B,No
C09826,A,No
C09827,A,No
C09828,B,No
C09829,B,No
C09830,A,No
C09831,A,No
C09832,A,No
C09833,A,No
C09834,A,No
C09835,A,No
C09836,A,No
C09837,B,No
C09838,A,No
C09839,B,No
C09840,A,No
C09841,B,No
C09842,B,No
C09843,A,No
C09844,B,No
C09845,B,No
C09846,B,No
C09847,A,No
C09848,B,No
C09849,B,No
C09850,B,No
C09851,B,No
C09852,B,No
C09853,B,No
C09854,B,No
C09855,B,No
C09856,B,No
C09857,A,No
C09858,A,No
C09859,A,No
C09860,B,No
C09861,B,No
C09862,A,No
C09863,B,No
C09864,A,No
C09865,A,No
C09866,B,No
C09867,A,No
C09868,A,No
C09869,A,No
C09870,A,No
C09871,A,No
C09872,B,No
C09873,B,No
C09874,B,No
C09875,B,No
C09876,B,No
C09877,A,No
C09878,A,No
C09879,B,No
C09880,A,No
C09881,A,No
C09882,A,No
C09883,A,No
C09884,A,No
C09885,A,No
C09886,A,No
C09887,B,No
C09888,A,No
C09889,B,No
C09890,B,No
C09891,A,No
C09892,B,No
C09893,A,No
C09894,A,No
C09895,A,No
C09896,B,No
C09897,B,No
C09898,B,No
C09899,A,No
C09900,B,No
C09901,B,No
C09902,B,No
C09903,B,No
C09904,B,No
C09905,A,Yes
C09906,B,No
C09907,A,No
C09908,A,No
C09909,A,No
C09910,A,No
C09911,A,No
C09912,B,No
C09913,B,No
C09914,A,No
C09915,B,No
C09916,A,No
C09917,A,No
C09918,B,No
C09919,B,No
C09920,B,No
C09921,B,No
C09922,A,No
C09923,A,No
C09924,B,No
C09925,B,No
C09926,A,No
C09927,B,No
C09928,B,No
C09929,B,No
C09930,B,No
C09931,A,No
C09932,A,No
C09933,B,No
C09934,B,No
C09935,B,No
C09936,B,No
C09937,A,No
C09938,A,No
C09939,A,No
C09940,B,No
C09941,A,No
C09942,B,Yes
C09943,A,No
C09944,B,No
C09945,A,No
C09946,B,No
C09947,A,No
C09948,A,No
C09949,B,No
C09950,B,No
C09951,A,No
C09952,A,Yes
C09953,A,No
C09954,B,No
C09955,B,No
C09956,B,No
C09957,B,No
C09958,B,No
C09959,B,No
C09960,B,No
C09961,A,No
C09962,A,Yes
C09963,A,No
C09964,A,No
C09965,A,No
C09966,B,No
C09967,A,No
C09968,A,No
C09969,B,No
C09970,A,No
C09971,B,No
C09972,B,No
C09973,B,No
C09974,B,No
C09975,A,Yes
C09976,B,No
C09977,A,No
C09978,B,No
C09979,B,No
C09980,B,No
C09981,A,No
C09982,A,No
C09983,B,No
C09984,A,No
C09985,B,No
C09986,B,No
C09987,B,No
C09988,B,No
C09989,A,No
C09990,B,No
C09991,B,No
C09992,B,No
C09993,B,No
C09994,B,No
C09995,B,No
C09996,B,No
C09997,B,Yes
C09998,A,No
C09999,A,No
C10000,A,No
C10001,A,No
C10002,B,No
C10003,A,No
C10004,A,Yes
C10005,A,No
C10006,B,Yes
C10007,B,No
C10008,A,No
C10009,B,No
C10010,A,No
C10011,A,No
C10012,A,No
C10013,A,No
C10014,A,No
C10015,A,No
C10016,B,No
C10017,A,No
C10018,A,No
C10019,A,No
C10020,B,No
C10021,B,No
C10022,A,No
C10023,B,No
C10024,A,No
C10025,B,No
C10026,B,No
C10027,A,No
C10028,A,No
C10029,A,No
C10030,A,No
C10031,A,No
C10032,B,No
C10033,A,Yes
C10034,B,No
C10035,B,No
C10036,B,No
C10037,A,Yes
C10038,B,No
C10039,B,No
C10040,A,No
C10041,A,Yes
C10042,B,No
C10043,B,No
C10044,B,No
C10045,B,No
C10046,A,No
C10047,B,Yes
C10048,B,No
C10049,B,Yes
C10050,A,No
C10051,B,Yes
C10052,B,No
C10053,A,No
C10054,B,No
C10055,B,No
C10056,B,No
C10057,B,No
C10058,B,Yes
C10059,B,No
C10060,A,No
C10061,A,No
C10062,B,Yes
C10063,A,No
C10064,A,No
C10065,B,No
C10066,B,No
C10067,A,No
C10068,A,No
C10069,B,Yes
C10070,A,No
C10071,A,No
C10072,B,No
C10073,A,No
C10074,A,No
C10075,B,No
C10076,A,No
C10077,A,No
C10078,B,No
C10079,A,No
C10080,A,No
C10081,B,No
C10082,B,No
C10083,B,No
C10084,B,No
C10085,B,No
C10086,B,No
C10087,B,No
C10088,B,No
C10089,A,No
C10090,B,No
C10091,A,No
C10092,B,No
C10093,B,No
C10094,B,No
C10095,A,No
C10096,A,No
C10097,A,No
C10098,A,No
C10099,A,No
C10100,B,No
C10101,B,Yes
C10102,A,No
C10103,A,No
C10104,A,No
C10105,A,No
C10106,B,No
C10107,A,No
C10108,B,No
C10109,A,No
C10110,A,No
C10111,A,No
C10112,A,No
C10113,B,No
C10114,A,No
C10115,B,No
C10116,B,No
C10117,B,No
C10118,A,No
C10119,A,No
C10120,B,No
C10121,A,No
C10122,B,No
C10123,B,No
C10124,B,No
C10125,A,No
C10126,A,No
C10127,A,No
C10128,B,No
C10129,B,No
C10130,B,No
C10131,B,No
C10132,A,No
C10133,B,No
C10134,B,No
C10135,A,No
C10136,B,No
C10137,B,No
C10138,A,No
C10139,B,No
C10140,A,No
C10141,B,No
C10142,A,No
C10143,B,No
C10144,B,No
C10145,B,No
C10146,A,No
C10147,A,No
C10148,A,No
C10149,A,No
C10150,A,No
C10151,B,No
C10152,B,No
C10153,B,No
C10154,B,No
C10155,A,No
C10156,A,No
C10157,B,No
C10158,B,No
C10159,B,No
C10160,B,No
C10161,A,No
C10162,B,No
C10163,B,No
C10164,A,No
C10165,B,No
C10166,B,No
C10167,B,Yes
C10168,B,No
C10169,B,No
C10170,B,No
C10171,B,No
C10172,A,No
C10173,B,Yes
C10174,B,No
C10175,A,No
C10176,A,No
C10177,A,No
C10178,A,No
C10179,A,No
C10180,B,No
C10181,A,No
C10182,B,No
C10183,A,No
C10184,A,No
C10185,A,No
C10186,A,No
C10187,A,No
C10188,A,Yes
C10189,A,No
C10190,B,No
C10191,B,No
C10192,B,No
C10193,A,No
C10194,A,No
C10195,B,No
C10196,A,No
C10197,A,No
C10198,B,No
C10199,B,No
C10200,A,No
C10201,B,No
C10202,A,No
C10203,B,No
C10204,A,No
C10205,B,No
C10206,A,No
C10207,A,No
C10208,B,No
C10209,A,No
C10210,B,No
C10211,A,No
C10212,B,No
C10213,B,No
C10214,B,No
C10215,A,No
C10216,A,No
C10217,B,No
C10218,A,No
C10219,B,No
C10220,B,No
C10221,A,No
C10222,A,No
C10223,B,No
C10224,B,No
C10225,A,No
C10226,A,No
C10227,B,No
C10228,B,No
C10229,B,No
C10230,A,No
C10231,B,No
C10232,B,No
C10233,B,No
C10234,B,No
C10235,B,No
C10236,B,No
C10237,B,No
C10238,B,No
C10239,A,No
C10240,B,No
C10241,A,No
C10242,A,Yes
C10243,A,No
C10244,B,No
C10245,A,No
C10246,A,No
C10247,B,No
C10248,A,No
C10249,B,Yes
C10250,A,No
C10251,B,No
C10252,A,No
C10253,A,No
C10254,B,No
C10255,A,No
C10256,A,No
C10257,A,No
C10258,A,No
C10259,B,No
C10260,A,No
C10261,B,No
C10262,A,No
C10263,B,No
C10264,B,No
C10265,A,No
C10266,B,No
C10267,B,No
C10268,A,No
C10269,B,No
C10270,B,No
C10271,A,No
C10272,A,No
C10273,B,Yes
C10274,A,No
C10275,A,No
C10276,A,No
C10277,B,No
C10278,B,No
C10279,B,No
C10280,B,Yes
C10281,A,No
C10282,A,No
C10283,A,No
C10284,A,No
C10285,B,No
C10286,B,No
C10287,B,No
C10288,A,No
C10289,B,No
C10290,A,No
C10291,B,No
C10292,B,No
C10293,B,No
C10294,A,No
C10295,B,No
C10296,A,No
C10297,A,No
C10298,B,No
C10299,A,No
C10300,B,No
C10301,A,No
C10302,A,No
C10303,B,No
C10304,B,No
C10305,B,No
C10306,B,No
C10307,A,No
C10308,B,No
C10309,A,No
C10310,A,No
C10311,A,No
C10312,A,No
C10313,B,No
C10314,A,No
C10315,A,No
C10316,B,No
C10317,B,No
C10318,A,No
C10319,A,No
C10320,B,No
C10321,A,No
C10322,B,No
C10323,A,No
C10324,B,No
C10325,B,Yes
C10326,A,No
C10327,A,No
C10328,A,No
C10329,A,No
C10330,A,No
C10331,B,No
C10332,B,No
C10333,A,No
C10334,A,No
C10335,B,No
C10336,B,No
C10337,A,No
C10338,A,No
C10339,B,No
C10340,B,No
C10341,A,No
C10342,B,No
C10343,A,No
C10344,A,No
C10345,A,No
C10346,A,No
C10347,A,No
C10348,A,No
C10349,A,No
C10350,A,No
C10351,B,No
C10352,A,No
C10353,B,No
C10354,A,No
C10355,A,No
C10356,A,No
C10357,A,No
C10358,A,No
C10359,A,No
C10360,A,No
C10361,B,No
C10362,A,No
C10363,B,No
C10364,B,No
C10365,B,No
C10366,A,No
C10367,A,No
C10368,A,No
C10369,B,No
C10370,A,No
C10371,A,No
C10372,A,No
C10373,B,No
C10374,B,No
C10375,A,No
C10376,A,No
C10377,A,No
C10378,B,No
C10379,B,No
C10380,B,No
C10381,A,No
C10382,B,No
C10383,A,No
C10384,B,No
C10385,B,No
C10386,A,No
C10387,B,No
C10388,A,No
C10389,B,No
C10390,A,No
C10391,B,No
C10392,A,No
C10393,A,Yes
C10394,B,No
C10395,B,No
C10396,B,No
C10397,B,No
C10398,B,No
C10399,B,No
C10400,A,No
C10401,A,No
C10402,B,No
C10403,B,No
C10404,B,Yes
C10405,A,No
C10406,A,No
C10407,A,No
C10408,A,No
C10409,A,No
C10410,B,No
C10411,B,No
C10412,A,No
C10413,B,No
C10414,A,No
C10415,B,No
C10416,A,No
C10417,A,No
C10418,B,No
C10419,B,No
C10420,A,No
C10421,A,No
C10422,A,No
C10423,A,No
C10424,A,No
C10425,B,No
C10426,B,No
C10427,B,No
C10428,A,No
C10429,A,No
C10430,B,No
C10431,A,No
C10432,B,No
C10433,B,No
C10434,A,No
C10435,A,No
C10436,A,No
C10437,A,No
C10438,A,No
C10439,B,No
C10440,A,No
C10441,B,No
C10442,B,No
C10443,B,No
C10444,A,No
C10445,A,No
C10446,B,No
C10447,A,No
C10448,B,No
C10449,B,No
C10450,A,No
C10451,B,No
C10452,A,No
C10453,B,No
C10454,A,No
C10455,B,No
C10456,A,No
C10457,A,No
C10458,B,No
C10459,A,No
C10460,A,No
C10461,B,No
C10462,B,No
C10463,B,Yes
C10464,B,No
C10465,A,No
C10466,A,No
C10467,B,No
C10468,A,No
C10469,B,Yes
C10470,B,No
C10471,A,No
C10472,A,No
C10473,B,No
C10474,B,No
C10475,A,No
C10476,A,No
C10477,A,No
C10478,B,No
C10479,B,Yes
C10480,B,No
C10481,A,No
C10482,A,No
C10483,A,No
C10484,B,No
C10485,A,No
C10486,B,No
C10487,B,No
C10488,A,No
C10489,A,No
C10490,A,No
C10491,A,No
C10492,B,No
C10493,B,No
C10494,A,No
C10495,A,No
C10496,A,No
C10497,B,No
C10498,A,No
C10499,A,No
C10500,A,No
C10501,A,No
C10502,A,No
C10503,B,No
C10504,B,No
C10505,A,No
C10506,A,No
C10507,B,No
C10508,B,No
C10509,A,No
C10510,B,No
C10511,A,No
C10512,B,No
C10513,A,No
C10514,B,No
C10515,A,No
C10516,A,No
C10517,B,No
C10518,B,No
C10519,A,Yes
C10520,B,No
C10521,B,No
C10522,A,No
C10523,A,No
C10524,A,Yes
C10525,B,No
C10526,B,No
C10527,A,No
C10528,B,No
C10529,B,Yes
C10530,B,No
C10531,A,No
C10532,A,No
C10533,B,No
C10534,B,No
C10535,A,No
C10536,B,No
C10537,B,No
C10538,B,No
C10539,B,No
C10540,A,No
C10541,A,No
C10542,B,No
C10543,B,No
C10544,B,No
C10545,B,Yes
C10546,A,No
C10547,B,Yes
C10548,B,No
C10549,A,No
C10550,A,No
C10551,B,No
C10552,A,No
C10553,A,No
C10554,B,No
C10555,A,No
C10556,B,No
C10557,A,No
C10558,A,No
C10559,B,No
C10560,B,Yes
C10561,A,No
C10562,B,No
C10563,B,No
C10564,B,No
C10565,A,No
C10566,A,No
C10567,A,No
C10568,A,No
C10569,B,No
C10570,A,No
C10571,A,No
C10572,B,No
C10573,B,No
C10574,A,No
C10575,A,No
C10576,A,No
C10577,B,No
C10578,A,No
C10579,A,No
C10580,B,No
C10581,A,No
C10582,A,No
C10583,A,No
C10584,A,No
C10585,A,No
C10586,A,No
C10587,A,No
C10588,B,No
C10589,A,No
C10590,A,No
C10591,A,No
C10592,A,No
C10593,A,No
C10594,B,No
C10595,A,No
C10596,A,No
C10597,A,No
C10598,B,No
C10599,B,No
C10600,A,No
C10601,A,No
C10602,A,No
C10603,B,No
C10604,B,No
C10605,B,No
C10606,A,No
C10607,A,No
C10608,B,No
C10609,A,No
C10610,B,No
C10611,B,No
C10612,A,No
C10613,A,No
C10614,A,No
C10615,A,No
C10616,A,No
C10617,A,No
C10618,B,No
C10619,A,Yes
C10620,B,No
C10621,A,No
C10622,A,No
C10623,A,No
C10624,B,No
C10625,A,No
C10626,A,No
C10627,B,No
C10628,A,Yes
C10629,A,No
C10630,B,No
C10631,B,No
C10632,A,No
C10633,A,No
C10634,B,No
C10635,B,No
C10636,B,No
C10637,B,No
C10638,B,No
C10639,B,No
C10640,B,No
C10641,A,No
C10642,B,No
C10643,A,No
C10644,B,No
C10645,B,No
C10646,B,No
C10647,B,No
C10648,A,No
C10649,A,No
C10650,B,No
C10651,A,No
C10652,B,No
C10653,B,No
C10654,B,No
C10655,B,No
C10656,A,No
C10657,B,No
C10658,B,No
C10659,A,No
C10660,A,No
C10661,B,No
C10662,A,No
C10663,B,No
C10664,A,No
C10665,B,No
C10666,A,No
C10667,B,No
C10668,B,No
C10669,A,Yes
C10670,B,No
C10671,B,No
C10672,A,No
C10673,A,Yes
C10674,A,No
C10675,A,No
C10676,B,No
C10677,B,No
C10678,B,No
C10679,B,No
C10680,B,No
C10681,B,No
C10682,A,No
C10683,B,No
C10684,B,No
C10685,A,No
C10686,A,No
C10687,B,No
C10688,A,No
C10689,A,No
C10690,A,No
C10691,A,No
C10692,B,No
C10693,B,No
C10694,B,No
C10695,A,No
C10696,B,Yes
C10697,B,No
C10698,B,No
C10699,A,No
C10700,A,No
C10701,B,No
C10702,A,No
C10703,B,No
C10704,A,No
C10705,B,No
C10706,B,No
C10707,B,No
C10708,A,No
C10709,B,No
C10710,B,No
C10711,A,Yes
C10712,A,No
C10713,A,No
C10714,B,No
C10715,B,No
C10716,B,No
C10717,B,No
C10718,B,No
C10719,A,No
C10720,B,No
C10721,A,No
C10722,A,No
C10723,B,No
C10724,A,No
C10725,B,No
C10726,B,No
C10727,A,No
C10728,B,No
C10729,B,No
C10730,B,No
C10731,A,No
C10732,B,No
C10733,B,No
C10734,B,No
C10735,B,No
C10736,B,No
C10737,A,No
C10738,A,No
C10739,A,No
C10740,B,No
C10741,B,No
C10742,A,No
C10743,B,No
C10744,A,No
C10745,A,No
C10746,B,No
C10747,B,No
C10748,B,No
C10749,A,No
C10750,B,No
C10751,B,No
C10752,B,No
C10753,B,No
C10754,B,No
C10755,A,No
C10756,A,No
C10757,A,No
C10758,B,No
C10759,B,No
C10760,A,No
C10761,B,No
C10762,A,No
C10763,A,No
C10764,B,No
C10765,A,No
C10766,B,No
C10767,A,No
C10768,B,No
C10769,B,No
C10770,A,No
C10771,A,No
C10772,A,No
C10773,B,No
C10774,B,No
C10775,B,No
C10776,A,No
C10777,A,Yes
C10778,B,No
C10779,A,No
C10780,B,No
C10781,B,No
C10782,B,No
C10783,B,No
C10784,A,No
C10785,A,No
C10786,B,No
C10787,B,No
C10788,B,No
C10789,B,No
C10790,A,No
C10791,A,No
C10792,B,No
C10793,A,No
C10794,B,No
C10795,B,No
C10796,B,No
C10797,B,No
C10798,B,Yes
C10799,A,No
C10800,B,No
C10801,B,No
C10802,A,No
C10803,B,No
C10804,B,No
C10805,A,No
C10806,B,No
C10807,B,No
C10808,B,No
C10809,B,No
C10810,B,No
C10811,A,No
C10812,A,No
C10813,B,Yes
C10814,A,No
C10815,B,No
C10816,A,Yes
C10817,A,No
C10818,A,No
C10819,A,No
C10820,A,No
C10821,A,No
C10822,A,No
C10823,A,No
C10824,B,No
C10825,A,No
C10826,B,No
C10827,A,No
C10828,B,No
C10829,A,No
C10830,A,Yes
C10831,B,No
C10832,B,No
C10833,A,No
C10834,B,No
C10835,A,No
C10836,B,No
C10837,B,No
C10838,B,No
C10839,A,No
C10840,A,No
C10841,A,No
C10842,A,No
C10843,B,No
C10844,B,No
C10845,B,No
C10846,B,No
C10847,A,No
C10848,B,No
C10849,B,No
C10850,B,Yes
C10851,A,No
C10852,A,No
C10853,A,No
C10854,A,No
C10855,B,No
C10856,B,No
C10857,B,No
C10858,A,No
C10859,A,No
C10860,B,No
C10861,B,No
C10862,A,No
C10863,B,No
C10864,B,No
C10865,A,No
C10866,A,No
C10867,B,No
C10868,A,No
C10869,B,No
C10870,B,No
C10871,B,No
C10872,B,No
C10873,B,No
C10874,B,No
C10875,A,No
C10876,A,No
C10877,A,No
C10878,B,No
C10879,B,No
C10880,A,No
C10881,A,No
C10882,B,No
C10883,B,No
C10884,A,No
C10885,A,No
C10886,B,No
C10887,B,No
C10888,A,No
C10889,B,No
C10890,A,No
C10891,A,No
C10892,B,No
C10893,A,No
C10894,B,No
C10895,B,No
C10896,B,No
C10897,B,Yes
C10898,B,No
C10899,B,No
C10900,B,No
C10901,B,No
C10902,B,No
C10903,B,No
C10904,A,Yes
C10905,A,No
C10906,B,Yes
C10907,A,No
C10908,A,No
C10909,B,No
C10910,A,No
C10911,B,No
C10912,B,No
C10913,A,No
C10914,B,No
C10915,A,No
C10916,B,No
C10917,B,No
C10918,A,No
C10919,B,No
C10920,A,No
C10921,A,No
C10922,A,No
C10923,B,No
C10924,B,No
C10925,B,No
C10926,B,No
C10927,A,Yes
C10928,A,No
C10929,A,No
C10930,A,No
C10931,A,No
C10932,B,No
C10933,A,No
C10934,A,No
C10935,B,No
C10936,B,No
C10937,B,No
C10938,B,No
C10939,A,No
C10940,B,No
C10941,B,No
C10942,B,No
C10943,A,No
C10944,A,No
C10945,B,No
C10946,A,No
C10947,B,No
C10948,A,No
C10949,A,No
C10950,A,No
C10951,A,No
C10952,B,No
C10953,A,No
C10954,B,No
C10955,B,No
C10956,B,No
C10957,B,No
C10958,B,No
C10959,B,No
C10960,A,No
C10961,B,No
C10962,A,No
C10963,B,No
C10964,B,No
C10965,A,No
C10966,A,No
C10967,A,No
C10968,A,No
C10969,A,No
C10970,A,No
C10971,B,No
C10972,B,No
C10973,A,No
C10974,B,No
C10975,B,No
C10976,B,No
C10977,A,No
C10978,B,No
C10979,B,No
C10980,B,No
C10981,A,No
C10982,A,No
C10983,B,No
C10984,B,No
C10985,A,No
C10986,B,No
C10987,A,No
C10988,A,No
C10989,A,No
C10990,B,No
C10991,A,No
C10992,B,No
C10993,B,No
C10994,A,No
C10995,A,No
C10996,A,No
C10997,B,No
C10998,B,No
C10999,A,No
C11000,B,No
C11001,A,No
C11002,A,No
C11003,B,No
C11004,B,No
C11005,A,No
C11006,B,No
C11007,A,No
C11008,B,No
C11009,B,No
C11010,B,No
C11011,A,No
C11012,A,No
C11013,B,No
C11014,A,No
C11015,B,No
C11016,A,No
C11017,B,No
C11018,B,No
C11019,B,No
C11020,B,No
C11021,B,No
C11022,A,No
C11023,A,No
C11024,B,No
C11025,A,Yes
C11026,A,No
C11027,B,No
C11028,B,No
C11029,A,No
C11030,A,No
C11031,A,No
C11032,B,No
C11033,A,No
C11034,B,No
C11035,A,No
C11036,A,No
C11037,A,No
C11038,A,No
C11039,B,No
C11040,A,No
C11041,B,No
C11042,A,No
C11043,B,No
C11044,A,No
C11045,A,No
C11046,B,No
C11047,A,No
C11048,B,No
C11049,A,Yes
C11050,A,No
C11051,A,No
C11052,B,No
C11053,A,No
C11054,A,No
C11055,B,No
C11056,B,No
C11057,A,No
C11058,A,No
C11059,A,No
C11060,B,No
C11061,B,No
C11062,B,No
C11063,B,No
C11064,B,No
C11065,A,No
C11066,B,No
C11067,A,No
C11068,A,Yes
C11069,B,No
C11070,B,No
C11071,B,No
C11072,A,Yes
C11073,A,No
C11074,B,No
C11075,B,No
C11076,A,No
C11077,A,No
C11078,A,No
C11079,B,No
C11080,B,No
C11081,A,No
C11082,A,No
C11083,A,No
C11084,A,No
C11085,A,No
C11086,A,No
C11087,A,No
C11088,A,No
C11089,B,No
C11090,B,No
C11091,B,No
C11092,B,No
C11093,A,No
C11094,A,No
C11095,A,No
C11096,B,No
C11097,A,No
C11098,A,No
C11099,B,No
C11100,A,No
C11101,A,No
C11102,B,No
C11103,B,No
C11104,A,No
C11105,B,No
C11106,B,Yes
C11107,B,No
C11108,A,No
C11109,B,No
C11110,B,No
C11111,A,No
C11112,B,Yes
C11113,A,No
C11114,B,No
C11115,A,No
C11116,A,No
C11117,B,No
C11118,B,No
C11119,B,No
C11120,B,No
C11121,B,No
C11122,A,No
C11123,A,No
C11124,A,No
C11125,B,No
C11126,B,No
C11127,A,No
C11128,A,No
C11129,A,No
C11130,B,No
C11131,B,No
C11132,A,No
C11133,B,No
C11134,B,No
C11135,A,Yes
C11136,A,No
C11137,A,No
C11138,B,No
C11139,B,No
C11140,B,No
C11141,A,No
C11142,B,No
C11143,B,No
C11144,A,No
C11145,B,No
C11146,B,No
C11147,B,No
C11148,A,No
C11149,A,No
C11150,A,No
C11151,A,No
C11152,B,No
C11153,B,No
C11154,B,No
C11155,B,No
C11156,A,No
C11157,A,No
C11158,A,No
C11159,B,Yes
C11160,B,No
C11161,B,Yes
C11162,A,No
C11163,A,No
C11164,A,No
C11165,B,No
C11166,A,No
C11167,A,No
C11168,A,No
C11169,B,Yes
C11170,A,No
C11171,B,No
C11172,B,No
C11173,B,No
C11174,B,No
C11175,A,No
C11176,B,No
C11177,A,No
C11178,A,No
C11179,B,No
C11180,A,No
C11181,B,No
C11182,A,No
C11183,A,No
C11184,A,No
C11185,A,No
C11186,A,No
C11187,B,No
C11188,A,No
C11189,B,No
C11190,A,No
C11191,B,No
C11192,B,No
C11193,B,No
C11194,A,No
C11195,B,No
C11196,A,No
C11197,A,No
C11198,A,No
C11199,A,No
C11200,B,Yes
C11201,B,No
C11202,B,No
C11203,A,No
C11204,A,No
C11205,B,No
C11206,B,No
C11207,A,No
C11208,A,No
C11209,B,No
C11210,A,No
C11211,B,No
C11212,A,No
C11213,B,No
C11214,B,No
C11215,B,No
C11216,B,No
C11217,B,No
C11218,B,No
C11219,B,No
C11220,B,No
C11221,A,No
C11222,B,No
C11223,A,No
C11224,A,No
C11225,A,No
C11226,B,No
C11227,B,No
C11228,A,No
C11229,A,No
C11230,A,No
C11231,B,No
C11232,A,No
C11233,A,No
C11234,B,No
C11235,A,No
C11236,A,No
C11237,A,No
C11238,B,Yes
C11239,A,No
C11240,B,No
C11241,B,No
C11242,A,Yes
C11243,A,No
C11244,B,Yes
C11245,B,Yes
C11246,A,No
C11247,A,No
C11248,A,No
C11249,B,No
C11250,B,No
C11251,B,Yes
C11252,B,No
C11253,B,No
C11254,A,No
C11255,A,No
C11256,B,No
C11257,A,No
C11258,B,No
C11259,B,No
C11260,B,Yes
C11261,A,No
C11262,A,No
C11263,A,No
C11264,A,No
C11265,B,No
C11266,A,No
C11267,A,No
C11268,B,No
C11269,A,No
C11270,B,No
C11271,B,No
C11272,A,No
C11273,B,No
C11274,A,No
C11275,A,No
C11276,B,No
C11277,B,No
C11278,B,No
C11279,B,No
C11280,A,No
C11281,A,Yes
C11282,A,No
C11283,A,No
C11284,B,No
C11285,B,No
C11286,A,No
C11287,A,No
C11288,B,No
C11289,A,No
C11290,B,No
C11291,B,No
C11292,B,Yes
C11293,B,No
C11294,A,No
C11295,A,No
C11296,B,No
C11297,A,No
C11298,B,No
C11299,B,No
C11300,A,No
C11301,A,No
C11302,B,No
C11303,B,Yes
C11304,B,No
C11305,A,No
C11306,B,No
C11307,B,No
C11308,A,No
C11309,A,Yes
C11310,B,No
C11311,A,No
C11312,B,No
C11313,B,No
C11314,A,No
C11315,A,No
C11316,B,No
C11317,A,No
C11318,B,No
C11319,B,No
C11320,A,No
C11321,B,No
C11322,A,No
C11323,A,Yes
C11324,A,No
C11325,A,No
C11326,A,No
C11327,A,No
C11328,B,No
C11329,B,No
C11330,A,No
C11331,A,No
C11332,A,No
C11333,B,No
C11334,A,No
C11335,B,No
C11336,A,No
C11337,B,Yes
C11338,B,No
C11339,A,No
C11340,A,No
C11341,B,No
C11342,B,No
C11343,B,No
C11344,B,No
C11345,B,No
C11346,A,No
C11347,B,No
C11348,A,No
C11349,B,No
C11350,B,Yes
C11351,A,No
C11352,B,No
C11353,A,No
C11354,A,No
C11355,B,No
C11356,B,No
C11357,A,No
C11358,B,No
C11359,B,No
C11360,A,No
C11361,B,No
C11362,B,No
C11363,B,No
C11364,A,No
C11365,B,No
C11366,A,No
C11367,B,No
C11368,B,No
C11369,B,No
C11370,A,No
C11371,A,No
C11372,A,No
C11373,B,Yes
C11374,A,No
C11375,A,No
C11376,B,No
C11377,A,No
C11378,A,No
C11379,B,No
C11380,A,Yes
C11381,B,No
C11382,A,No
C11383,B,No
C11384,B,No
C11385,B,No
C11386,A,No
C11387,B,No
C11388,A,Yes
C11389,B,No
C11390,B,No
C11391,B,No
C11392,A,No
C11393,B,No
C11394,B,No
C11395,A,No
C11396,B,No
C11397,B,No
C11398,B,Yes
C11399,B,No
C11400,A,No
C11401,B,No
C11402,A,No
C11403,B,No
C11404,A,No
C11405,A,No
C11406,A,No
C11407,B,No
C11408,B,No
C11409,B,No
C11410,B,No
C11411,A,No
C11412,B,No
C11413,A,No
C11414,B,No
C11415,A,No
C11416,B,No
C11417,A,No
C11418,A,No
C11419,B,No
C11420,B,No
C11421,A,No
C11422,A,No
C11423,A,No
C11424,B,No
C11425,B,No
C11426,B,No
C11427,A,Yes
C11428,B,Yes
C11429,A,No
C11430,A,No
C11431,A,No
C11432,A,No
C11433,B,No
C11434,B,No
C11435,B,No
C11436,A,No
C11437,A,No
C11438,A,No
C11439,B,No
C11440,B,No
C11441,A,No
C11442,B,No
C11443,B,No
C11444,A,No
C11445,A,No
C11446,B,No
C11447,A,No
C11448,B,No
C11449,B,No
C11450,A,No
C11451,A,No
C11452,A,No
C11453,B,No
C11454,B,No
C11455,B,No
C11456,B,No
C11457,A,No
C11458,B,Yes
C11459,B,No
C11460,B,No
C11461,B,No
C11462,A,No
C11463,B,No
C11464,B,No
C11465,B,No
C11466,A,No
C11467,A,No
C11468,B,No
C11469,B,No
C11470,A,No
C11471,A,No
C11472,B,No
C11473,B,No
C11474,B,No
C11475,B,No
C11476,A,No
C11477,B,Yes
C11478,B,No
C11479,A,No
C11480,B,No
C11481,A,No
C11482,A,No
C11483,A,No
C11484,B,Yes
C11485,A,No
C11486,A,No
C11487,B,No
C11488,A,No
C11489,A,No
C11490,A,No
C11491,B,No
C11492,A,No
C11493,B,Yes
C11494,B,No
C11495,A,No
C11496,A,No
C11497,B,No
C11498,B,No
C11499,A,Yes
C11500,B,No
C11501,B,No
C11502,B,Yes
C11503,A,No
C11504,B,No
C11505,A,No
C11506,B,No
C11507,A,No
C11508,A,No
C11509,A,No
C11510,B,No
C11511,B,No
C11512,A,No
C11513,A,No
C11514,B,No
C11515,B,No
C11516,A,No
C11517,A,No
C11518,A,No
C11519,A,No
C11520,B,No
C11521,B,No
C11522,B,No
C11523,A,No
C11524,B,No
C11525,A,No
C11526,B,No
C11527,B,No
C11528,A,No
C11529,B,No
C11530,B,No
C11531,B,No
C11532,B,No
C11533,A,No
C11534,A,No
C11535,A,No
C11536,A,No
C11537,A,No
C11538,A,No
C11539,B,No
C11540,B,No
C11541,B,No
C11542,A,No
C11543,B,No
C11544,B,No
C11545,A,No
C11546,B,No
C11547,A,No
C11548,A,No
C11549,A,No
C11550,B,No
C11551,A,No
C11552,B,No
C11553,A,No
C11554,A,No
C11555,B,No
C11556,A,No
C11557,A,No
C11558,B,No
C11559,B,No
C11560,B,Yes
C11561,A,No
C11562,A,No
C11563,B,Yes
C11564,B,Yes
C11565,B,No
C11566,A,No
C11567,A,No
C11568,B,No
C11569,A,No
C11570,B,No
C11571,A,No
C11572,B,No
C11573,B,No
C11574,A,No
C11575,A,No
C11576,A,No
C11577,B,No
C11578,A,No
C11579,B,No
C11580,A,No
C11581,A,No
C11582,B,No
C11583,A,No
C11584,B,No
C11585,A,No
C11586,A,Yes
C11587,B,No
C11588,B,No
C11589,A,No
C11590,B,No
C11591,B,No
C11592,A,Yes
C11593,A,No
C11594,A,No
C11595,B,No
C11596,B,No
C11597,A,No
C11598,B,No
C11599,B,No
C11600,B,No
C11601,A,No
C11602,A,No
C11603,B,No
C11604,A,No
C11605,B,No
C11606,B,No
C11607,B,No
C11608,B,No
C11609,A,No
C11610,B,No
C11611,A,No
C11612,B,No
C11613,A,No
C11614,B,No
C11615,A,No
C11616,B,No
C11617,B,No
C11618,B,Yes
C11619,B,Yes
C11620,B,No
C11621,B,No
C11622,B,No
C11623,B,No
C11624,A,No
C11625,B,No
C11626,B,No
C11627,A,No
C11628,A,No
C11629,B,No
C11630,B,No
C11631,B,No
C11632,A,No
C11633,B,No
C11634,B,No
C11635,A,No
C11636,B,No
C11637,B,No
C11638,B,No
C11639,B,No
C11640,B,No
C11641,A,No
C11642,A,No
C11643,B,No
C11644,B,No
C11645,A,No
C11646,B,No
C11647,B,No
C11648,B,No
C11649,B,No
C11650,B,No
C11651,B,No
C11652,B,No
C11653,A,No
C11654,A,No
C11655,B,No
C11656,A,No
C11657,A,No
C11658,A,No
C11659,B,No
C11660,A,No
C11661,A,No
C11662,B,No
C11663,A,No
C11664,B,No
C11665,A,No
C11666,B,No
C11667,B,No
C11668,B,Yes
C11669,B,No
C11670,A,No
C11671,A,No
C11672,A,No
C11673,B,No
C11674,A,No
C11675,B,No
C11676,A,No
C11677,B,No
C11678,B,No
C11679,A,No
C11680,B,No
C11681,A,No
C11682,A,No
C11683,B,No
C11684,B,No
C11685,A,No
C11686,B,No
C11687,A,No
C11688,A,No
C11689,A,No
C11690,B,No
C11691,A,No
C11692,B,No
C11693,A,Yes
C11694,A,No
C11695,A,No
C11696,A,No
C11697,A,No
C11698,B,No
C11699,A,No
C11700,B,No
C11701,B,No
C11702,B,No
C11703,B,No
C11704,B,No
C11705,B,No
C11706,B,No
C11707,B,No
C11708,B,No
C11709,B,No
C11710,A,No
C11711,B,No
C11712,A,No
C11713,A,No
C11714,A,No
C11715,B,No
C11716,A,No
C11717,A,No
C11718,A,No
C11719,B,No
C11720,B,No
C11721,B,No
C11722,A,No
C11723,B,No
C11724,B,No
C11725,B,No
C11726,B,No
C11727,B,No
C11728,B,No
C11729,B,No
C11730,A,No
C11731,A,Yes
C11732,A,No
C11733,A,No
C11734,A,No
C11735,B,No
C11736,B,No
C11737,A,No
C11738,A,No
C11739,B,No
C11740,A,No
C11741,B,No
C11742,B,No
C11743,B,No
C11744,A,No
C11745,A,No
C11746,B,No
C11747,A,No
C11748,B,No
C11749,A,No
C11750,A,No
C11751,A,No
C11752,A,No
C11753,B,No
C11754,B,No
C11755,A,No
C11756,A,No
C11757,A,No
C11758,B,No
C11759,A,No
C11760,B,No
C11761,A,No
C11762,A,No
C11763,A,No
C11764,B,No
C11765,B,No
C11766,A,No
C11767,B,No
C11768,A,No
C11769,A,No
C11770,A,No
C11771,B,No
C11772,B,No
C11773,B,No
C11774,A,No
C11775,B,No
C11776,B,No
C11777,A,No
C11778,B,No
C11779,A,No
C11780,B,No
C11781,A,No
C11782,A,No
C11783,B,No
C11784,B,No
C11785,B,No
C11786,B,No
C11787,B,No
C11788,A,No
C11789,A,No
C11790,B,No
C11791,A,No
C11792,A,No
C11793,A,No
C11794,A,No
C11795,B,No
C11796,A,No
C11797,A,No
C11798,B,No
C11799,A,No
C11800,B,No
C11801,B,No
C11802,B,No
C11803,B,No
C11804,A,Yes
C11805,B,No
C11806,A,No
C11807,B,No
C11808,B,No
C11809,B,Yes
C11810,A,No
C11811,A,Yes
C11812,B,No
C11813,B,No
C11814,B,No
C11815,B,No
C11816,B,No
C11817,A,No
C11818,A,No
C11819,A,No
C11820,B,No
C11821,A,No
C11822,B,No
C11823,A,No
C11824,A,No
C11825,B,No
C11826,A,No
C11827,B,No
C11828,B,No
C11829,A,No
C11830,B,No
C11831,A,No
C11832,B,No
C11833,B,No
C11834,A,No
C11835,B,No
C11836,B,No
C11837,B,No
C11838,B,No
C11839,B,No
C11840,B,No
C11841,B,No
C11842,B,Yes
C11843,B,No
C11844,A,No
C11845,B,No
C11846,B,No
C11847,B,Yes
C11848,A,No
C11849,A,No
C11850,B,No
C11851,A,No
C11852,B,No
C11853,A,No
C11854,A,No
C11855,B,No
C11856,A,No
C11857,B,No
C11858,A,Yes
C11859,B,No
C11860,A,No
C11861,B,No
C11862,B,Yes
C11863,B,No
C11864,B,No
C11865,A,No
C11866,A,No
C11867,A,No
C11868,B,No
C11869,B,No
C11870,A,No
C11871,B,No
C11872,B,No
C11873,B,No
C11874,A,No
C11875,A,No
C11876,B,No
C11877,A,No
C11878,A,No
C11879,B,No
C11880,A,No
C11881,A,No
C11882,B,No
C11883,B,No
C11884,B,No
C11885,B,Yes
C11886,B,No
C11887,B,No
C11888,B,No
C11889,A,No
C11890,B,No
C11891,B,No
C11892,A,No
C11893,B,No
C11894,A,No
C11895,B,Yes
C11896,B,No
C11897,B,No
C11898,A,No
C11899,A,No
C11900,A,No
C11901,B,No
C11902,B,No
C11903,A,No
C11904,B,Yes
C11905,B,No
C11906,B,No
C11907,B,No
C11908,B,No
C11909,A,No
C11910,B,No
C11911,B,No
C11912,B,No
C11913,A,No
C11914,B,No
C11915,B,No
C11916,A,No
C11917,B,No
C11918,B,No
C11919,A,No
C11920,B,No
C11921,A,No
C11922,A,No
C11923,B,No
C11924,B,No
C11925,A,No
C11926,A,No
C11927,A,No
C11928,B,No
C11929,A,No
C11930,A,No
C11931,A,No
C11932,B,No
C11933,A,No
C11934,A,No
C11935,B,Yes
C11936,B,No
C11937,A,No
C11938,B,No
C11939,B,No
C11940,A,No
C11941,B,No
C11942,B,No
C11943,B,No
C11944,A,No
C11945,A,No
C11946,B,No
C11947,A,No
C11948,B,No
C11949,A,No
C11950,A,No
C11951,A,No
C11952,A,No
C11953,B,No
C11954,A,No
C11955,A,No
C11956,B,Yes
C11957,A,No
C11958,A,No
C11959,B,No
C11960,B,No
C11961,A,No
C11962,A,No
C11963,A,No
C11964,A,No
C11965,A,No
C11966,B,No
C11967,A,No
C11968,A,No
C11969,A,No
C11970,B,No
C11971,A,No
C11972,B,Yes
C11973,A,No
C11974,B,No
C11975,A,No
C11976,B,No
C11977,A,No
C11978,A,No
C11979,A,No
C11980,A,No
C11981,B,Yes
C11982,B,No
C11983,B,No
C11984,B,No
C11985,B,No
C11986,A,No
C11987,A,No
C11988,B,No
C11989,A,No
C11990,A,Yes
C11991,A,No
C11992,B,No
C11993,B,No
C11994,A,No
C11995,B,No
C11996,A,Yes
C11997,A,No
C11998,A,No
C11999,A,No
C12000,B,No
