customer,letter,applied
C00001,A,No
C00002,A,No
C00003,B,No
C00004,B,No
C00005,A,No
C00006,B,No
C00007,B,No
C00008,B,No
C00009,B,No
C00010,B,No
C00011,A,No
C00012,B,No
C00013,A,No
C00014,A,No
C00015,B,Yes
C00016,B,No
C00017,A,No
C00018,A,No
C00019,B,No
C00020,A,No
C00021,A,No
C00022,B,No
C00023,A,No
C00024,B,No
C00025,A,No
C00026,A,No
C00027,A,No
C00028,B,No
C00029,B,No
C00030,A,No
C00031,A,No
C00032,A,No
C00033,A,Yes
C00034,A,No
C00035,A,No
C00036,B,No
C00037,B,No
C00038,A,No
C00039,B,No
C00040,B,No
C00041,A,No
C00042,A,No
C00043,B,Yes
C00044,B,No
C00045,B,No
C00046,B,No
C00047,A,No
C00048,A,No
C00049,B,No
C00050,B,No
C00051,B,No
C00052,A,No
C00053,A,No
C00054,B,No
C00055,B,No
C00056,B,No
C00057,A,No
C00058,A,No
C00059,A,No
C00060,B,No
C00061,B,No
C00062,A,No
C00063,A,No
C00064,A,No
C00065,A,No
C00066,A,No
C00067,A,No
C00068,A,No
C00069,B,No
C00070,B,No
C00071,B,No
C00072,B,No
C00073,B,No
C00074,B,No
C00075,B,Yes
C00076,B,No
C00077,A,No
C00078,A,No
C00079,B,No
C00080,A,No
C00081,B,No
C00082,A,No
C00083,A,No
C00084,B,No
C00085,B,No
C00086,A,No
C00087,A,No
C00088,B,No
C00089,B,No
C00090,B,No
C00091,B,No
C00092,A,No
C00093,B,No
C00094,A,No
C00095,B,No
C00096,A,No
C00097,A,No
C00098,B,No
C00099,A,No
C00100,A,No
C00101,B,No
C00102,A,No
C00103,A,No
C00104,A,No
C00105,A,No
C00106,B,No
C00107,B,No
C00108,B,No
C00109,A,No
C00110,A,No
C00111,A,No
C00112,B,No
C00113,B,No
C00114,B,No
C00115,B,No
C00116,A,No
C00117,A,No
C00118,A,No
C00119,B,No
C00120,A,Yes
C00121,A,No
C00122,B,No
C00123,A,No
C00124,A,No
C00125,B,No
C00126,A,No
C00127,B,Yes
C00128,A,Yes
C00129,B,No
C00130,A,No
C00131,B,No
C00132,B,No
C00133,A,No
C00134,B,No
C00135,A,No
C00136,B,No
C00137,A,No
C00138,A,No
C00139,B,No
C00140,A,No
C00141,B,No
C00142,A,No
C00143,A,No
C00144,B,No
C00145,A,No
C00146,A,No
C00147,A,No
C00148,B,No
C00149,A,No
C00150,A,No
C00151,B,No
C00152,B,No
C00153,B,No
C00154,B,No
C00155,A,No
C00156,B,No
C00157,B,No
C00158,A,No
C00159,A,No
C00160,A,No
C00161,B,No
C00162,B,No
C00163,B,No
C00164,A,No
C00165,A,No
C00166,B,No
C00167,A,No
C00168,A,No
C00169,A,Yes
C00170,B,No
C00171,B,No
C00172,B,Yes
C00173,B,No
C00174,A,No
C00175,B,No
C00176,B,No
C00177,A,No
C00178,B,No
C00179,B,No
C00180,B,No
C00181,A,No
C00182,A,No
C00183,B,No
C00184,A,No
C00185,A,No
C00186,A,No
C00187,B,Yes
C00188,A,No
C00189,A,Yes
C00190,A,No
C00191,A,No
C00192,B,No
C00193,A,No
C00194,A,No
C00195,A,No
C00196,B,No
C00197,B,No
C00198,A,No
C00199,A,No
C00200,A,No
C00201,A,No
C00202,B,No
C00203,B,No
C00204,A,No
C00205,B,No
C00206,B,No
C00207,B,No
C00208,A,No
C00209,B,No
C00210,A,No
C00211,A,No
C00212,A,No
C00213,A,No
C00214,B,No
C00215,B,No
C00216,B,No
C00217,A,No
C00218,B,No
C00219,A,No
C00220,A,No
C00221,A,No
C00222,A,No
C00223,A,No
C00224,B,No
C00225,B,No
C00226,A,No
C00227,A,Yes
C00228,A,No
C00229,A,No
C00230,B,No
C00231,A,No
C00232,B,No
C00233,A,No
C00234,B,No
C00235,B,No
C00236,A,Yes
C00237,B,No
C00238,A,No
C00239,A,No
C00240,B,No
C00241,A,No
C00242,B,No
C00243,B,Yes
C00244,A,No
C00245,A,No
C00246,B,No
C00247,B,No
C00248,A,No
C00249,A,No
C00250,B,No
C00251,B,No
C00252,B,No
C00253,B,No
C00254,A,No
C00255,B,No
C00256,A,No
C00257,B,No
C00258,A,No
C00259,A,No
C00260,A,No
C00261,A,No
C00262,A,No
C00263,B,No
C00264,A,No
C00265,A,No
C00266,A,No
C00267,A,No
C00268,B,No
C00269,B,No
C00270,B,No
C00271,B,No
C00272,A,No
C00273,B,No
C00274,A,No
C00275,B,No
C00276,A,No
C00277,A,No
C00278,B,No
C00279,B,No
C00280,B,No
C00281,A,No
C00282,B,Yes
C00283,A,No
C00284,A,No
C00285,A,No
C00286,A,No
C00287,B,No
C00288,A,No
C00289,B,No
C00290,A,No
C00291,B,No
C00292,A,No
C00293,B,No
C00294,A,No
C00295,B,No
C00296,A,No
C00297,B,No
C00298,B,No
C00299,B,No
C00300,A,No
C00301,A,No
C00302,B,No
C00303,A,No
C00304,A,No
C00305,B,No
C00306,A,No
C00307,A,No
C00308,A,No
C00309,A,No
C00310,A,No
C00311,B,No
C00312,B,No
C00313,B,No
C00314,A,No
C00315,A,No
C00316,B,No
C00317,B,No
C00318,B,No
C00319,A,No
C00320,B,No
C00321,A,No
C00322,B,No
C00323,A,No
C00324,B,No
C00325,A,No
C00326,B,No
C00327,A,No
C00328,B,No
C00329,B,No
C00330,A,No
C00331,A,No
C00332,A,No
C00333,B,No
C00334,B,No
C00335,A,No
C00336,A,No
C00337,B,No
C00338,B,No
C00339,B,No
C00340,A,Yes
C00341,B,Yes
C00342,B,No
C00343,B,No
C00344,B,Yes
C00345,B,No
C00346,B,No
C00347,B,No
C00348,A,No
C00349,A,No
C00350,A,No
C00351,B,Yes
C00352,B,No
C00353,B,No
C00354,A,No
C00355,A,No
C00356,A,No
C00357,B,No
C00358,A,No
C00359,A,No
C00360,A,No
C00361,A,No
C00362,A,No
C00363,B,Yes
C00364,B,No
C00365,B,No
C00366,A,No
C00367,B,No
C00368,B,No
C00369,A,No
C00370,B,No
C00371,B,No
C00372,B,No
C00373,A,No
C00374,B,No
C00375,A,No
C00376,B,No
C00377,A,No
C00378,B,No
C00379,B,No
C00380,B,No
C00381,B,No
C00382,B,No
C00383,A,No
C00384,A,No
C00385,A,No
C00386,A,No
C00387,B,No
C00388,B,No
C00389,B,No
C00390,A,No
C00391,B,No
C00392,A,No
C00393,A,No
C00394,A,No
C00395,B,No
C00396,A,No
C00397,A,No
C00398,B,No
C00399,B,No
C00400,A,No
C00401,A,No
C00402,B,No
C00403,B,No
C00404,A,No
C00405,B,No
C00406,A,No
C00407,A,No
C00408,A,No
C00409,A,No
C00410,B,No
C00411,A,No
C00412,A,No
C00413,A,No
C00414,A,No
C00415,B,No
C00416,A,Yes
C00417,A,No
C00418,A,No
C00419,A,Yes
C00420,B,No
C00421,A,No
C00422,B,No
C00423,B,No
C00424,A,Yes
C00425,B,No
C00426,A,No
C00427,A,No
C00428,B,No
C00429,A,No
C00430,B,No
C00431,A,No
C00432,A,No
C00433,A,No
C00434,B,No
C00435,B,No
C00436,A,No
C00437,B,No
C00438,B,No
C00439,B,No
C00440,B,No
C00441,B,No
C00442,B,No
C00443,B,No
C00444,B,No
C00445,B,No
C00446,A,No
C00447,B,No
C00448,B,No
C00449,B,No
C00450,A,No
C00451,A,No
C00452,A,No
C00453,A,No
C00454,B,No
C00455,B,No
C00456,B,No
C00457,B,No
C00458,A,No
C00459,B,No
C00460,A,No
C00461,A,No
C00462,A,No
C00463,A,No
C00464,B,No
C00465,B,No
C00466,A,No
C00467,B,No
C00468,A,No
C00469,A,No
C00470,B,No
C00471,B,No
C00472,B,No
C00473,B,No
C00474,B,No
C00475,B,No
C00476,B,No
C00477,A,No
C00478,B,No
C00479,A,No
C00480,B,No
C00481,B,No
C00482,A,No
C00483,A,No
C00484,A,Yes
C00485,A,No
C00486,A,No
C00487,B,No
C00488,B,No
C00489,A,No
C00490,A,No
C00491,A,No
C00492,A,No
C00493,B,No
C00494,A,No
C00495,A,No
C00496,B,No
C00497,B,No
C00498,B,No
C00499,B,No
C00500,A,No
C00501,A,No
C00502,B,No
C00503,B,No
C00504,A,No
C00505,B,Yes
C00506,B,No
C00507,A,No
C00508,B,No
C00509,B,No
C00510,A,No
C00511,A,No
C00512,B,No
C00513,B,No
C00514,A,No
C00515,A,No
C00516,A,No
C00517,B,No
C00518,B,No
C00519,B,No
C00520,A,Yes
C00521,A,No
C00522,B,No
C00523,B,No
C00524,B,No
C00525,B,No
C00526,A,No
C00527,A,No
C00528,A,No
C00529,A,Yes
C00530,A,No
C00531,A,No
C00532,A,No
C00533,B,No
C00534,A,Yes
C00535,B,No
C00536,A,No
C00537,B,No
C00538,A,No
C00539,A,No
C00540,B,No
C00541,A,No
C00542,A,Yes
C00543,A,No
C00544,B,No
C00545,A,No
C00546,B,No
C00547,A,No
C00548,B,No
C00549,A,No
C00550,A,No
C00551,B,No
C00552,B,No
C00553,A,No
C00554,A,No
C00555,A,No
C00556,B,No
C00557,B,No
C00558,A,No
C00559,B,No
C00560,A,No
C00561,B,No
C00562,A,No
C00563,B,No
C00564,A,No
C00565,A,No
C00566,A,No
C00567,A,No
C00568,B,No
C00569,A,No
C00570,B,Yes
C00571,B,No
C00572,A,No
C00573,B,No
C00574,B,No
C00575,B,No
C00576,B,No
C00577,B,No
C00578,A,Yes
C00579,B,No
C00580,A,No
C00581,B,Yes
C00582,A,No
C00583,B,No
C00584,A,No
C00585,B,No
C00586,B,No
C00587,B,No
C00588,B,No
C00589,B,No
C00590,B,No
C00591,A,Yes
C00592,B,No
C00593,A,No
C00594,A,No
C00595,A,No
C00596,A,No
C00597,B,No
C00598,B,Yes
C00599,B,No
C00600,A,No
C00601,A,No
C00602,B,No
C00603,B,No
C00604,B,Yes
C00605,B,No
C00606,A,No
C00607,B,No
C00608,B,No
C00609,B,No
C00610,A,No
C00611,B,No
C00612,A,No
C00613,B,No
C00614,A,No
C00615,A,No
C00616,A,No
C00617,A,No
C00618,B,No
C00619,B,No
C00620,B,No
C00621,B,Yes
C00622,B,No
C00623,A,No
C00624,A,No
C00625,B,No
C00626,A,No
C00627,A,No
C00628,A,No
C00629,B,No
C00630,B,No
C00631,B,No
C00632,B,No
C00633,A,No
C00634,B,No
C00635,A,No
C00636,A,No
C00637,B,No
C00638,B,No
C00639,B,No
C00640,B,No
C00641,B,No
C00642,B,No
C00643,A,No
C00644,A,No
C00645,A,No
C00646,B,No
C00647,A,No
C00648,B,No
C00649,B,No
C00650,B,No
C00651,A,No
C00652,A,No
C00653,A,No
C00654,B,No
C00655,B,No
C00656,B,No
C00657,A,No
C00658,A,No
C00659,B,No
C00660,B,No
C00661,B,No
C00662,B,No
C00663,B,No
C00664,B,No
C00665,A,No
C00666,B,No
C00667,B,No
C00668,A,No
C00669,A,No
C00670,B,No
C00671,B,No
C00672,B,No
C00673,A,No
C00674,B,No
C00675,B,No
C00676,A,No
C00677,B,No
C00678,B,No
C00679,B,No
C00680,A,No
C00681,A,No
C00682,A,No
C00683,A,No
C00684,A,No
C00685,A,No
C00686,B,No
C00687,A,No
C00688,A,No
C00689,B,No
C00690,A,No
C00691,B,No
C00692,A,No
C00693,A,No
C00694,A,No
C00695,A,No
C00696,B,No
C00697,A,Yes
C00698,B,No
C00699,B,No
C00700,A,No
C00701,A,No
C00702,B,No
C00703,B,No
C00704,B,No
C00705,B,No
C00706,A,No
C00707,A,No
C00708,A,No
C00709,B,No
C00710,B,No
C00711,A,No
C00712,A,No
C00713,A,No
C00714,A,No
C00715,B,No
C00716,B,No
C00717,A,No
C00718,B,No
C00719,B,No
C00720,A,No
C00721,B,No
C00722,A,No
C00723,A,No
C00724,A,No
C00725,A,No
C00726,A,No
C00727,B,No
C00728,A,No
C00729,B,No
C00730,B,No
C00731,A,No
C00732,B,No
C00733,B,No
C00734,B,No
C00735,A,No
C00736,B,No
C00737,A,No
C00738,A,No
C00739,A,No
C00740,B,No
C00741,B,No
C00742,B,No
C00743,A,No
C00744,A,No
C00745,A,No
C00746,B,No
C00747,B,No
C00748,B,No
C00749,A,No
C00750,B,No
C00751,A,No
C00752,B,No
C00753,B,No
C00754,A,No
C00755,A,No
C00756,B,No
C00757,A,No
C00758,A,No
C00759,B,No
C00760,B,No
C00761,B,Yes
C00762,A,No
C00763,B,No
C00764,A,No
C00765,B,No
C00766,A,No
C00767,B,No
C00768,A,No
C00769,B,No
C00770,A,No
C00771,B,No
C00772,A,No
C00773,B,No
C00774,B,Yes
C00775,B,No
C00776,A,No
C00777,B,Yes
C00778,A,No
C00779,B,Yes
C00780,A,No
C00781,B,No
C00782,A,No
C00783,B,No
C00784,A,No
C00785,A,No
C00786,B,No
C00787,B,No
C00788,A,No
C00789,B,No
C00790,A,No
C00791,A,No
C00792,B,No
C00793,B,No
C00794,B,No
C00795,A,No
C00796,B,No
C00797,A,No
C00798,B,No
C00799,A,No
C00800,A,No
C00801,A,No
C00802,B,No
C00803,A,No
C00804,A,No
C00805,A,No
C00806,A,No
C00807,B,No
C00808,B,No
C00809,B,No
C00810,A,No
C00811,B,No
C00812,A,Yes
C00813,A,No
C00814,B,No
C00815,B,No
C00816,B,No
C00817,A,No
C00818,B,No
C00819,A,No
C00820,B,No
C00821,A,No
C00822,A,No
C00823,A,No
C00824,A,No
C00825,B,No
C00826,A,No
C00827,B,No
C00828,A,Yes
C00829,A,No
C00830,A,No
C00831,A,No
C00832,B,No
C00833,B,No
C00834,A,No
C00835,B,No
C00836,A,No
C00837,A,No
C00838,A,No
C00839,A,No
C00840,B,No
C00841,A,No
C00842,A,No
C00843,A,No
C00844,A,No
C00845,A,No
C00846,B,No
C00847,B,No
C00848,A,No
C00849,A,No
C00850,B,No
C00851,A,No
C00852,A,No
C00853,B,No
C00854,A,No
C00855,A,No
C00856,B,No
C00857,A,No
C00858,B,No
C00859,A,No
C00860,B,No
C00861,A,No
C00862,B,No
C00863,A,No
C00864,A,No
C00865,A,No
C00866,A,No
C00867,B,No
C00868,B,No
C00869,B,No
C00870,B,No
C00871,B,No
C00872,B,No
C00873,B,No
C00874,A,No
C00875,B,No
C00876,B,No
C00877,A,No
C00878,B,No
C00879,A,No
C00880,A,No
C00881,A,No
C00882,A,No
C00883,B,No
C00884,A,No
C00885,A,No
C00886,A,No
C00887,B,No
C00888,A,No
C00889,B,No
C00890,A,No
C00891,A,No
C00892,B,No
C00893,A,No
C00894,B,No
C00895,B,No
C00896,A,No
C00897,B,No
C00898,A,No
C00899,B,No
C00900,B,No
C00901,A,No
C00902,B,Yes
C00903,A,No
C00904,A,No
C00905,A,No
C00906,A,No
C00907,B,No
C00908,A,No
C00909,A,No
C00910,B,No
C00911,B,No
C00912,B,No
C00913,A,No
C00914,B,No
C00915,A,No
C00916,A,No
C00917,B,No
C00918,B,No
C00919,B,No
C00920,A,No
C00921,A,No
C00922,A,No
C00923,B,No
C00924,B,No
C00925,A,No
C00926,B,No
C00927,A,No
C00928,B,No
C00929,B,No
C00930,B,No
C00931,A,No
C00932,B,No
C00933,B,No
C00934,B,No
C00935,B,No
C00936,B,No
C00937,A,No
C00938,A,No
C00939,A,No
C00940,A,No
C00941,A,No
C00942,B,No
C00943,A,No
C00944,A,No
C00945,A,No
C00946,A,No
C00947,A,No
C00948,B,No
C00949,A,No
C00950,A,No
C00951,B,No
C00952,A,No
C00953,B,No
C00954,B,No
C00955,B,No
C00956,B,No
C00957,A,No
C00958,A,No
C00959,A,No
C00960,A,No
C00961,A,No
C00962,B,Yes
C00963,A,No
C00964,A,No
C00965,A,No
C00966,B,No
C00967,A,No
C00968,B,No
C00969,A,No
C00970,B,No
C00971,B,No
C00972,A,No
C00973,A,No
C00974,B,No
C00975,A,No
C00976,B,No
C00977,A,No
C00978,A,No
C00979,B,No
C00980,A,No
C00981,A,No
C00982,A,No
C00983,B,Yes
C00984,A,No
C00985,B,No
C00986,B,No
C00987,A,No
C00988,A,No
C00989,B,No
C00990,A,No
C00991,A,No
C00992,A,No
C00993,B,No
C00994,B,No
C00995,A,No
C00996,A,No
C00997,B,No
C00998,B,No
C00999,A,No
C01000,A,No
C01001,A,No
C01002,A,No
C01003,B,No
C01004,A,No
C01005,B,No
C01006,A,No
C01007,B,No
C01008,A,No
C01009,A,No
C01010,A,No
C01011,A,No
C01012,A,No
C01013,B,No
C01014,B,No
C01015,A,No
C01016,A,No
C01017,A,No
C01018,B,No
C01019,B,No
C01020,A,No
C01021,B,No
C01022,A,No
C01023,B,No
C01024,B,No
C01025,B,No
C01026,A,No
C01027,A,No
C01028,B,No
C01029,B,No
C01030,A,No
C01031,A,No
C01032,B,No
C01033,B,No
C01034,B,No
C01035,A,Yes
C01036,B,No
C01037,A,No
C01038,B,No
C01039,B,No
C01040,B,Yes
C01041,A,No
C01042,B,No
C01043,B,No
C01044,A,No
C01045,B,No
C01046,A,No
C01047,B,No
C01048,B,No
C01049,A,No
C01050,B,No
C01051,A,No
C01052,B,No
C01053,A,No
C01054,A,No
C01055,A,No
C01056,B,No
C01057,B,No
C01058,A,No
C01059,B,Yes
C01060,A,No
C01061,A,No
C01062,B,No
C01063,A,No
C01064,A,No
C01065,B,No
C01066,A,No
C01067,A,No
C01068,A,No
C01069,A,No
C01070,A,No
C01071,A,No
C01072,A,No
C01073,A,No
C01074,A,No
C01075,B,No
C01076,A,No
C01077,B,No
C01078,B,No
C01079,A,No
C01080,B,No
C01081,B,No
C01082,A,No
C01083,B,No
C01084,A,No
C01085,A,No
C01086,A,No
C01087,A,No
C01088,A,No
C01089,B,No
C01090,A,No
C01091,A,No
C01092,B,No
C01093,B,No
C01094,B,No
C01095,B,No
C01096,B,No
C01097,A,No
C01098,B,Yes
C01099,B,No
C01100,B,No
C01101,B,No
C01102,A,No
C01103,B,Yes
C01104,B,No
C01105,B,No
C01106,B,No
C01107,A,No
C01108,A,No
C01109,A,No
C01110,B,No
C01111,B,No
C01112,B,No
C01113,A,No
C01114,B,No
C01115,A,No
C01116,B,No
C01117,A,No
C01118,A,No
C01119,B,No
C01120,A,Yes
C01121,B,No
C01122,A,No
C01123,A,No
C01124,B,No
C01125,A,No
C01126,B,No
C01127,A,No
C01128,A,No
C01129,A,No
C01130,A,No
C01131,B,No
C01132,B,No
C01133,A,No
C01134,A,No
C01135,B,No
C01136,B,No
C01137,B,No
C01138,A,No
C01139,A,No
C01140,B,No
C01141,B,No
C01142,A,No
C01143,A,No
C01144,B,No
C01145,B,No
C01146,A,No
C01147,A,No
C01148,A,No
C01149,B,No
C01150,B,No
C01151,A,No
C01152,B,No
C01153,A,No
C01154,B,No
C01155,B,No
C01156,A,No
C01157,A,No
C01158,B,No
C01159,B,No
C01160,A,No
C01161,B,No
C01162,A,No
C01163,B,No
C01164,B,No
C01165,A,No
C01166,A,No
C01167,B,No
C01168,B,No
C01169,A,No
C01170,A,No
C01171,A,No
C01172,A,No
C01173,A,Yes
C01174,A,No
C01175,A,No
C01176,B,No
C01177,A,No
C01178,B,No
C01179,B,No
C01180,B,No
C01181,B,No
C01182,B,Yes
C01183,A,No
C01184,A,No
C01185,A,No
C01186,B,No
C01187,B,No
C01188,B,No
C01189,B,No
C01190,B,Yes
C01191,B,No
C01192,A,No
C01193,B,No
C01194,A,No
C01195,B,No
C01196,A,No
C01197,B,No
C01198,A,No
C01199,A,No
C01200,B,No
C01201,A,No
C01202,B,No
C01203,B,No
C01204,A,No
C01205,A,No
C01206,B,No
C01207,A,No
C01208,B,No
C01209,B,No
C01210,B,No
C01211,A,No
C01212,A,No
C01213,A,No
C01214,B,No
C01215,A,No
C01216,A,Yes
C01217,B,No
C01218,A,No
C01219,B,No
C01220,A,No
C01221,B,No
C01222,A,No
C01223,B,No
C01224,A,No
C01225,B,No
C01226,A,No
C01227,B,No
C01228,A,No
C01229,A,No
C01230,A,No
C01231,A,No
C01232,A,No
C01233,B,No
C01234,A,No
C01235,B,No
C01236,A,No
C01237,B,No
C01238,A,No
C01239,B,No
C01240,B,No
C01241,B,No
C01242,B,No
C01243,A,No
C01244,B,No
C01245,B,No
C01246,A,No
C01247,B,No
C01248,A,No
C01249,A,No
C01250,B,No
C01251,A,No
C01252,A,No
C01253,A,No
C01254,B,No
C01255,A,No
C01256,A,No
C01257,A,No
C01258,B,No
C01259,A,No
C01260,B,No
C01261,B,No
C01262,A,No
C01263,A,No
C01264,A,No
C01265,A,No
C01266,A,No
C01267,B,Yes
C01268,A,No
C01269,A,No
C01270,A,No
C01271,A,No
C01272,A,No
C01273,A,No
C01274,B,No
C01275,A,No
C01276,A,No
C01277,B,No
C01278,A,No
C01279,A,No
C01280,B,No
C01281,A,No
C01282,A,No
C01283,B,No
C01284,B,No
C01285,A,No
C01286,A,No
C01287,B,No
C01288,A,No
C01289,B,No
C01290,A,No
C01291,A,No
C01292,B,Yes
C01293,B,No
C01294,A,No
C01295,A,No
C01296,A,No
C01297,A,No
C01298,B,No
C01299,A,No
C01300,A,No
C01301,A,No
C01302,B,No
C01303,A,No
C01304,A,No
C01305,A,No
C01306,B,No
C01307,B,No
C01308,A,No
C01309,B,No
C01310,B,No
C01311,A,No
C01312,B,No
C01313,B,No
C01314,A,No
C01315,A,No
C01316,A,No
C01317,A,No
C01318,A,No
C01319,B,No
C01320,B,Yes
C01321,A,No
C01322,B,No
C01323,B,Yes
C01324,B,No
C01325,B,No
C01326,A,No
C01327,A,No
C01328,A,No
C01329,B,No
C01330,A,No
C01331,A,No
C01332,B,No
C01333,A,No
C01334,B,No
C01335,B,No
C01336,A,No
C01337,B,No
C01338,B,No
C01339,B,No
C01340,B,No
C01341,A,No
C01342,B,No
C01343,B,No
C01344,B,No
C01345,B,Yes
C01346,B,No
C01347,A,No
C01348,A,No
C01349,A,No
C01350,B,No
C01351,B,No
C01352,B,No
C01353,B,No
C01354,B,No
C01355,A,No
C01356,A,No
C01357,B,No
C01358,A,No
C01359,A,No
C01360,A,No
C01361,A,No
C01362,B,No
C01363,B,No
C01364,B,No
C01365,B,No
C01366,A,No
C01367,A,No
C01368,A,No
C01369,A,No
C01370,A,No
C01371,B,No
C01372,B,No
C01373,B,No
C01374,A,No
C01375,B,No
C01376,B,No
C01377,A,No
C01378,A,No
C01379,B,No
C01380,B,No
C01381,B,No
C01382,B,No
C01383,A,No
C01384,B,No
C01385,B,No
C01386,A,No
C01387,B,No
C01388,A,No
C01389,A,No
C01390,A,No
C01391,B,No
C01392,A,No
C01393,A,No
C01394,B,No
C01395,B,No
C01396,B,No
C01397,B,No
C01398,B,No
C01399,A,No
C01400,B,No
C01401,A,No
C01402,B,No
C01403,B,No
C01404,B,No
C01405,B,Yes
C01406,A,No
C01407,B,No
C01408,B,No
C01409,A,No
C01410,B,No
C01411,B,No
C01412,B,No
C01413,B,No
C01414,A,No
C01415,B,No
C01416,A,No
C01417,B,No
C01418,B,No
C01419,A,No
C01420,A,No
C01421,B,No
C01422,B,No
C01423,A,No
C01424,B,No
C01425,B,No
C01426,A,No
C01427,A,No
C01428,A,No
C01429,A,No
C01430,A,No
C01431,A,No
C01432,A,No
C01433,A,No
C01434,A,No
C01435,B,No
C01436,B,No
C01437,A,No
C01438,A,No
C01439,B,No
C01440,B,No
C01441,A,No
C01442,A,No
C01443,B,No
C01444,A,No
C01445,A,No
C01446,B,No
C01447,B,No
C01448,B,No
C01449,A,No
C01450,B,No
C01451,B,No
C01452,A,No
C01453,B,No
C01454,A,No
C01455,A,No
C01456,B,No
C01457,A,No
C01458,B,No
C01459,B,No
C01460,A,No
C01461,A,No
C01462,B,No
C01463,A,No
C01464,B,No
C01465,B,No
C01466,B,No
C01467,B,No
C01468,A,No
C01469,B,No
C01470,A,No
C01471,B,No
C01472,A,No
C01473,A,No
C01474,B,No
C01475,B,No
C01476,A,No
C01477,B,No
C01478,B,No
C01479,B,No
C01480,A,No
C01481,B,No
C01482,B,No
C01483,A,No
C01484,B,No
C01485,A,No
C01486,A,No
C01487,B,Yes
C01488,A,No
C01489,B,No
C01490,A,No
C01491,B,No
C01492,A,No
C01493,A,No
C01494,B,No
C01495,B,No
C01496,B,No
C01497,A,No
C01498,B,No
C01499,A,No
C01500,B,No
C01501,B,No
C01502,B,No
C01503,A,No
C01504,B,No
C01505,B,No
C01506,B,No
C01507,A,No
C01508,B,No
C01509,A,No
C01510,A,No
C01511,B,No
C01512,B,No
C01513,B,No
C01514,A,No
C01515,A,No
C01516,B,No
C01517,B,No
C01518,B,No
C01519,B,No
C01520,B,No
C01521,B,No
C01522,B,No
C01523,A,No
C01524,A,Yes
C01525,A,No
C01526,B,No
C01527,A,No
C01528,A,No
C01529,A,No
C01530,B,No
C01531,A,No
C01532,B,No
C01533,B,No
C01534,A,No
C01535,A,No
C01536,A,No
C01537,B,No
C01538,A,No
C01539,A,No
C01540,B,No
C01541,B,No
C01542,A,No
C01543,A,No
C01544,B,No
C01545,A,No
C01546,B,No
C01547,B,No
C01548,A,No
C01549,A,No
C01550,B,No
C01551,B,No
C01552,B,No
C01553,B,No
C01554,B,No
C01555,A,No
C01556,B,No
C01557,B,No
C01558,A,No
C01559,A,No
C01560,A,No
C01561,B,No
C01562,B,No
C01563,B,No
C01564,A,No
C01565,A,No
C01566,B,No
C01567,A,No
C01568,A,No
C01569,A,No
C01570,B,No
C01571,A,No
C01572,B,No
C01573,A,No
C01574,A,No
C01575,B,No
C01576,B,No
C01577,A,No
C01578,B,No
C01579,B,No
C01580,B,No
C01581,B,No
C01582,A,No
C01583,B,No
C01584,A,No
C01585,A,No
C01586,A,No
C01587,B,No
C01588,B,No
C01589,A,No
C01590,B,No
C01591,A,No
C01592,A,No
C01593,A,No
C01594,B,No
C01595,A,No
C01596,B,No
C01597,B,No
C01598,A,No
C01599,A,No
C01600,A,No
C01601,A,No
C01602,A,No
C01603,A,No
C01604,B,No
C01605,B,No
C01606,A,No
C01607,B,No
C01608,B,No
C01609,B,No
C01610,B,No
C01611,B,No
C01612,A,No
C01613,A,No
C01614,A,No
C01615,B,No
C01616,A,No
C01617,A,No
C01618,A,Yes
C01619,A,No
C01620,B,No
C01621,A,No
C01622,B,No
C01623,A,No
C01624,A,No
C01625,B,Yes
C01626,B,No
C01627,B,No
C01628,B,No
C01629,B,No
C01630,A,No
C01631,B,No
C01632,A,No
C01633,B,No
C01634,A,No
C01635,A,No
C01636,A,No
C01637,B,No
C01638,A,No
C01639,B,No
C01640,B,No
C01641,B,No
C01642,B,No
C01643,A,No
C01644,B,No
C01645,B,No
C01646,A,Yes
C01647,A,No
C01648,A,No
C01649,B,No
C01650,A,No
C01651,A,No
C01652,B,No
C01653,A,No
C01654,B,No
C01655,A,No
C01656,A,No
C01657,B,No
C01658,A,No
C01659,B,No
C01660,B,No
C01661,B,No
C01662,A,No
C01663,B,No
C01664,B,Yes
C01665,A,No
C01666,A,No
C01667,B,No
C01668,A,No
C01669,A,No
C01670,B,No
C01671,B,Yes
C01672,B,No
C01673,B,No
C01674,B,No
C01675,A,No
C01676,B,No
C01677,A,No
C01678,A,No
C01679,A,No
C01680,B,No
C01681,A,No
C01682,B,No
C01683,A,No
C01684,B,No
C01685,A,No
C01686,B,No
C01687,B,No
C01688,A,No
C01689,A,No
C01690,A,No
C01691,B,No
C01692,B,No
C01693,B,No
C01694,B,No
C01695,A,No
C01696,A,No
C01697,A,No
C01698,B,No
C01699,B,No
C01700,A,No
C01701,B,No
C01702,B,No
C01703,B,No
C01704,A,No
C01705,A,No
C01706,A,Yes
C01707,A,No
C01708,A,No
C01709,A,No
C01710,A,No
C01711,A,No
C01712,B,No
C01713,B,No
C01714,A,No
C01715,B,No
C01716,A,No
C01717,B,No
C01718,B,No
C01719,A,No
C01720,B,No
C01721,B,No
C01722,B,No
C01723,B,No
C01724,A,No
C01725,B,Yes
C01726,B,No
C01727,A,No
C01728,B,No
C01729,A,No
C01730,B,No
C01731,B,No
C01732,B,No
C01733,A,No
C01734,B,No
C01735,A,No
C01736,B,No
C01737,B,No
C01738,B,No
C01739,A,No
C01740,A,No
C01741,B,No
C01742,A,No
C01743,B,No
C01744,B,No
C01745,A,No
C01746,B,Yes
C01747,B,No
C01748,B,No
C01749,A,No
C01750,A,No
C01751,B,No
C01752,A,No
C01753,A,No
C01754,B,No
C01755,B,No
C01756,A,No
C01757,B,No
C01758,A,No
C01759,A,No
C01760,A,No
C01761,A,No
C01762,A,No
C01763,B,No
C01764,A,No
C01765,B,No
C01766,B,No
C01767,A,No
C01768,A,No
C01769,B,No
C01770,A,No
C01771,A,Yes
C01772,A,No
C01773,B,No
C01774,B,No
C01775,A,No
C01776,B,No
C01777,A,No
C01778,A,No
C01779,B,No
C01780,A,No
C01781,A,No
C01782,A,No
C01783,B,No
C01784,B,No
C01785,B,No
C01786,B,No
C01787,A,No
C01788,B,No
C01789,A,No
C01790,B,No
C01791,A,No
C01792,A,No
C01793,A,Yes
C01794,A,No
C01795,A,No
C01796,A,No
C01797,B,No
C01798,B,Yes
C01799,B,No
C01800,A,No
C01801,B,No
C01802,B,No
C01803,B,No
C01804,B,No
C01805,A,No
C01806,A,Yes
C01807,B,Yes
C01808,A,No
C01809,A,No
C01810,B,No
C01811,B,No
C01812,A,No
C01813,A,No
C01814,A,No
C01815,A,No
C01816,A,No
C01817,A,No
C01818,B,No
C01819,B,No
C01820,B,No
C01821,A,No
C01822,B,No
C01823,B,No
C01824,A,No
C01825,B,No
C01826,B,No
C01827,A,No
C01828,A,No
C01829,A,No
C01830,B,No
C01831,A,No
C01832,B,No
C01833,A,Yes
C01834,A,No
C01835,B,No
C01836,B,No
C01837,A,No
C01838,A,No
C01839,B,No
C01840,A,No
C01841,B,No
C01842,B,No
C01843,B,No
C01844,B,No
C01845,A,No
C01846,A,No
C01847,A,No
C01848,A,No
C01849,B,No
C01850,B,No
C01851,B,No
C01852,A,No
C01853,A,No
C01854,A,No
C01855,A,Yes
C01856,A,No
C01857,B,No
C01858,B,No
C01859,B,No
C01860,B,No
C01861,B,No
C01862,B,No
C01863,B,No
C01864,A,No
C01865,B,No
C01866,B,No
C01867,B,No
C01868,B,No
C01869,A,No
C01870,A,No
C01871,B,No
C01872,A,No
C01873,A,No
C01874,A,No
C01875,A,No
C01876,B,No
C01877,A,No
C01878,B,No
C01879,A,No
C01880,B,No
C01881,B,No
C01882,A,No
C01883,A,No
C01884,A,No
C01885,B,No
C01886,A,No
C01887,B,No
C01888,B,No
C01889,A,No
C01890,A,No
C01891,B,No
C01892,B,No
C01893,B,No
C01894,A,No
C01895,B,No
C01896,B,No
C01897,B,No
C01898,B,No
C01899,B,No
C01900,B,No
C01901,B,No
C01902,A,Yes
C01903,B,No
C01904,B,No
C01905,B,No
C01906,B,No
C01907,B,No
C01908,B,Yes
C01909,A,No
C01910,B,No
C01911,A,No
C01912,A,No
C01913,B,Yes
C01914,B,No
C01915,A,No
C01916,B,Yes
C01917,A,No
C01918,B,No
C01919,A,No
C01920,A,No
C01921,A,No
C01922,B,No
C01923,A,No
C01924,B,No
C01925,B,No
C01926,B,No
C01927,A,No
C01928,B,No
C01929,A,No
C01930,B,No
C01931,A,No
C01932,B,No
C01933,A,No
C01934,B,No
C01935,A,No
C01936,A,No
C01937,A,No
C01938,B,No
C01939,A,No
C01940,B,No
C01941,A,No
C01942,A,No
C01943,B,No
C01944,B,No
C01945,B,No
C01946,A,No
C01947,A,No
C01948,B,No
C01949,B,No
C01950,A,No
C01951,B,Yes
C01952,A,No
C01953,A,No
C01954,B,No
C01955,B,No
C01956,A,No
C01957,B,No
C01958,B,No
C01959,A,No
C01960,B,No
C01961,A,No
C01962,A,No
C01963,B,No
C01964,B,No
C01965,B,No
C01966,B,No
C01967,A,No
C01968,A,No
C01969,B,No
C01970,B,No
C01971,B,No
C01972,A,No
C01973,A,No
C01974,B,No
C01975,B,No
C01976,B,No
C01977,A,No
C01978,B,No
C01979,A,No
C01980,A,No
C01981,B,No
C01982,A,No
C01983,A,No
C01984,B,No
C01985,B,No
C01986,B,No
C01987,B,No
C01988,B,No
C01989,B,No
C01990,B,No
C01991,A,No
C01992,B,No
C01993,B,Yes
C01994,A,No
C01995,B,No
C01996,A,No
C01997,A,No
C01998,B,No
C01999,B,No
C02000,B,No
C02001,B,No
C02002,A,No
C02003,B,No
C02004,B,No
C02005,B,No
C02006,A,No
C02007,A,No
C02008,A,No
C02009,A,No
C02010,B,No
C02011,B,No
C02012,B,No
C02013,A,No
C02014,A,No
C02015,B,No
C02016,B,No
C02017,B,No
C02018,A,No
C02019,A,No
C02020,A,No
C02021,A,Yes
C02022,B,No
C02023,B,No
C02024,A,No
C02025,A,No
C02026,B,No
C02027,A,No
C02028,B,No
C02029,A,No
C02030,A,No
C02031,A,No
C02032,B,Yes
C02033,A,No
C02034,B,No
C02035,A,No
C02036,A,No
C02037,A,No
C02038,B,No
C02039,B,No
C02040,A,No
C02041,B,No
C02042,A,No
C02043,A,No
C02044,A,No
C02045,A,No
C02046,A,No
C02047,B,No
C02048,A,No
C02049,B,No
C02050,B,No
C02051,A,No
C02052,B,No
C02053,A,No
C02054,B,No
C02055,B,No
C02056,A,No
C02057,A,No
C02058,A,No
C02059,A,No
C02060,B,No
C02061,A,No
C02062,A,No
C02063,B,No
C02064,B,No
C02065,B,No
C02066,A,No
C02067,B,No
C02068,A,No
C02069,B,No
C02070,B,No
C02071,B,No
C02072,B,No
C02073,A,No
C02074,B,No
C02075,A,No
C02076,A,No
C02077,B,No
C02078,A,No
C02079,A,No
C02080,B,No
C02081,A,No
C02082,A,No
C02083,B,No
C02084,B,No
C02085,B,No
C02086,A,No
C02087,A,No
C02088,B,Yes
C02089,A,No
C02090,B,No
C02091,A,No
C02092,A,No
C02093,A,No
C02094,B,No
C02095,A,No
C02096,B,No
C02097,B,No
C02098,A,No
C02099,B,No
C02100,A,No
C02101,A,No
C02102,B,Yes
C02103,A,No
C02104,B,No
C02105,A,No
C02106,A,No
C02107,A,No
C02108,B,No
C02109,B,No
C02110,A,No
C02111,B,No
C02112,A,No
C02113,A,Yes
C02114,A,No
C02115,A,No
C02116,A,No
C02117,B,No
C02118,B,No
C02119,A,No
C02120,A,No
C02121,A,Yes
C02122,B,No
C02123,B,No
C02124,B,No
C02125,B,No
C02126,B,No
C02127,B,No
C02128,A,No
C02129,B,No
C02130,B,No
C02131,A,No
C02132,B,No
C02133,A,No
C02134,A,No
C02135,B,No
C02136,A,No
C02137,A,No
C02138,B,No
C02139,A,No
C02140,B,No
C02141,A,No
C02142,B,No
C02143,A,No
C02144,B,No
C02145,A,No
C02146,B,No
C02147,B,No
C02148,B,No
C02149,B,No
C02150,A,No
C02151,B,No
C02152,A,No
C02153,A,No
C02154,B,No
C02155,B,Yes
C02156,A,No
C02157,A,No
C02158,A,No
C02159,A,No
C02160,B,No
C02161,A,No
C02162,A,No
C02163,A,No
C02164,A,No
C02165,B,No
C02166,B,No
C02167,A,Yes
C02168,A,No
C02169,B,No
C02170,A,No
C02171,A,No
C02172,A,No
C02173,A,No
C02174,A,No
C02175,B,Yes
C02176,B,No
C02177,B,No
C02178,B,No
C02179,B,Yes
C02180,B,No
C02181,B,No
C02182,A,No
C02183,B,No
C02184,B,No
C02185,A,No
C02186,B,No
C02187,A,No
C02188,A,No
C02189,B,No
C02190,B,No
C02191,A,Yes
C02192,B,No
C02193,A,No
C02194,B,Yes
C02195,B,No
C02196,B,No
C02197,A,No
C02198,B,Yes
C02199,A,Yes
C02200,A,No
C02201,A,No
C02202,A,No
C02203,A,No
C02204,A,No
C02205,A,No
C02206,B,No
C02207,A,Yes
C02208,A,No
C02209,A,No
C02210,A,No
C02211,B,No
C02212,B,Yes
C02213,B,No
C02214,B,No
C02215,A,No
C02216,A,No
C02217,A,No
C02218,B,No
C02219,B,No
C02220,A,Yes
C02221,A,No
C02222,A,No
C02223,A,No
C02224,B,No
C02225,A,No
C02226,A,No
C02227,B,No
C02228,B,No
C02229,B,No
C02230,A,No
C02231,B,No
C02232,A,No
C02233,B,No
C02234,B,No
C02235,B,No
C02236,B,No
C02237,A,No
C02238,B,No
C02239,B,No
C02240,A,No
C02241,A,No
C02242,A,No
C02243,A,No
C02244,A,No
C02245,B,No
C02246,A,No
C02247,A,No
C02248,A,No
C02249,A,No
C02250,B,No
C02251,B,No
C02252,A,No
C02253,B,No
C02254,A,No
C02255,B,No
C02256,B,No
C02257,A,No
C02258,A,No
C02259,B,No
C02260,A,No
C02261,B,No
C02262,B,No
C02263,A,No
C02264,A,Yes
C02265,A,No
C02266,A,No
C02267,A,No
C02268,A,No
C02269,A,No
C02270,A,No
C02271,A,No
C02272,A,No
C02273,A,No
C02274,B,No
C02275,A,No
C02276,A,No
C02277,B,No
C02278,B,No
C02279,B,No
C02280,A,No
C02281,B,No
C02282,B,No
C02283,B,No
C02284,A,No
C02285,A,No
C02286,A,No
C02287,B,No
C02288,A,No
C02289,B,No
C02290,B,No
C02291,B,No
C02292,B,No
C02293,A,No
C02294,B,No
C02295,A,No
C02296,A,No
C02297,B,No
C02298,A,No
C02299,A,No
C02300,B,No
C02301,B,No
C02302,A,No
C02303,A,No
C02304,B,No
C02305,A,No
C02306,B,No
C02307,A,No
C02308,A,No
C02309,B,No
C02310,A,No
C02311,A,No
C02312,B,No
C02313,B,No
C02314,B,No
C02315,B,No
C02316,B,No
C02317,A,No
C02318,B,No
C02319,B,No
C02320,A,No
C02321,A,No
C02322,B,No
C02323,A,No
C02324,B,Yes
C02325,A,No
C02326,A,No
C02327,B,No
C02328,A,No
C02329,B,No
C02330,B,No
C02331,A,No
C02332,A,No
C02333,B,No
C02334,A,No
C02335,A,No
C02336,A,No
C02337,B,No
C02338,B,No
C02339,A,No
C02340,A,No
C02341,B,No
C02342,B,No
C02343,B,No
C02344,A,No
C02345,B,No
C02346,B,No
C02347,A,No
C02348,B,No
C02349,A,No
C02350,B,Yes
C02351,B,No
C02352,B,No
C02353,A,No
C02354,B,No
C02355,A,No
C02356,B,Yes
C02357,B,No
C02358,A,No
C02359,A,No
C02360,A,No
C02361,A,No
C02362,B,No
C02363,B,Yes
C02364,B,No
C02365,B,No
C02366,A,No
C02367,A,No
C02368,A,No
C02369,A,No
C02370,B,No
C02371,A,Yes
C02372,B,No
C02373,B,No
C02374,A,No
C02375,A,No
C02376,B,Yes
C02377,B,No
C02378,A,No
C02379,A,No
C02380,A,No
C02381,A,No
C02382,A,No
C02383,A,No
C02384,B,No
C02385,A,No
C02386,A,No
C02387,B,No
C02388,A,No
C02389,A,No
C02390,B,No
C02391,B,No
C02392,B,No
C02393,A,Yes
C02394,B,No
C02395,A,No
C02396,B,No
C02397,A,No
C02398,A,No
C02399,B,No
C02400,B,No
C02401,A,No
C02402,B,No
C02403,B,Yes
C02404,A,No
C02405,B,No
C02406,B,No
C02407,A,No
C02408,B,No
C02409,B,No
C02410,A,No
C02411,A,No
C02412,A,No
C02413,A,No
C02414,A,No
C02415,A,No
C02416,B,No
C02417,B,No
C02418,B,No
C02419,B,No
C02420,B,No
C02421,B,No
C02422,B,No
C02423,A,No
C02424,B,No
C02425,B,Yes
C02426,A,No
C02427,A,No
C02428,B,No
C02429,B,No
C02430,B,No
C02431,B,No
C02432,A,No
C02433,B,No
C02434,B,No
C02435,B,No
C02436,A,No
C02437,A,No
C02438,A,No
C02439,A,No
C02440,B,No
C02441,A,No
C02442,A,No
C02443,B,No
C02444,A,No
C02445,B,No
C02446,B,No
C02447,B,No
C02448,A,No
C02449,B,No
C02450,A,No
C02451,A,No
C02452,A,Yes
C02453,B,No
C02454,B,No
C02455,B,No
C02456,B,No
C02457,A,No
C02458,B,No
C02459,A,No
C02460,B,No
C02461,B,No
C02462,A,No
C02463,B,No
C02464,B,No
C02465,B,No
C02466,A,No
C02467,B,No
C02468,B,No
C02469,B,No
C02470,B,No
C02471,B,No
C02472,A,No
C02473,B,No
C02474,A,No
C02475,A,Yes
C02476,A,No
C02477,B,No
C02478,B,No
C02479,B,No
C02480,A,No
C02481,A,No
C02482,B,No
C02483,B,No
C02484,A,No
C02485,A,No
C02486,B,No
C02487,A,No
C02488,B,No
C02489,A,No
C02490,A,No
C02491,A,No
C02492,A,No
C02493,A,No
C02494,A,No
C02495,A,No
C02496,A,No
C02497,A,No
C02498,A,No
C02499,B,No
C02500,A,No
C02501,A,No
C02502,B,No
C02503,A,No
C02504,A,No
C02505,A,No
C02506,B,No
C02507,A,No
C02508,A,No
C02509,A,No
C02510,B,No
C02511,A,No
C02512,B,No
C02513,A,No
C02514,B,No
C02515,A,No
C02516,B,No
C02517,B,No
C02518,A,No
C02519,A,No
C02520,B,No
C02521,A,No
C02522,A,No
C02523,A,No
C02524,B,No
C02525,B,No
C02526,A,No
C02527,A,No
C02528,A,No
C02529,A,No
C02530,A,No
C02531,A,No
C02532,B,No
C02533,A,No
C02534,A,No
C02535,A,No
C02536,A,No
C02537,A,No
C02538,A,No
C02539,A,No
C02540,B,No
C02541,B,No
C02542,A,No
C02543,A,No
C02544,B,No
C02545,B,No
C02546,B,No
C02547,A,No
C02548,A,No
C02549,B,No
C02550,B,No
C02551,A,No
C02552,A,No
C02553,A,No
C02554,A,No
C02555,A,Yes
C02556,A,No
C02557,B,No
C02558,A,No
C02559,A,No
C02560,A,No
C02561,A,No
C02562,A,No
C02563,B,No
C02564,B,No
C02565,B,No
C02566,A,No
C02567,A,No
C02568,B,No
C02569,A,No
C02570,A,No
C02571,B,No
C02572,B,No
C02573,A,No
C02574,A,No
C02575,B,No
C02576,B,No
C02577,A,No
C02578,A,Yes
C02579,B,No
C02580,A,No
C02581,A,Yes
C02582,B,No
C02583,B,No
C02584,B,No
C02585,B,No
C02586,A,No
C02587,B,No
C02588,B,No
C02589,A,No
C02590,B,No
C02591,A,No
C02592,A,No
C02593,A,No
C02594,B,No
C02595,A,Yes
C02596,B,No
C02597,A,No
C02598,B,No
C02599,B,No
C02600,A,No
C02601,A,No
C02602,A,No
C02603,A,No
C02604,A,No
C02605,A,No
C02606,B,No
C02607,A,No
C02608,A,No
C02609,A,No
C02610,B,No
C02611,B,No
C02612,A,No
C02613,A,No
C02614,B,No
C02615,A,No
C02616,A,No
C02617,A,No
C02618,B,No
C02619,A,No
C02620,B,No
C02621,B,No
C02622,A,No
C02623,B,No
C02624,B,No
C02625,B,No
C02626,B,No
C02627,A,No
C02628,A,No
C02629,A,No
C02630,B,No
C02631,A,No
C02632,B,No
C02633,B,No
C02634,B,No
C02635,B,No
C02636,A,No
C02637,B,No
C02638,B,No
C02639,B,No
C02640,B,No
C02641,B,No
C02642,A,No
C02643,B,No
C02644,A,No
C02645,B,No
C02646,B,No
C02647,B,Yes
C02648,A,No
C02649,A,No
C02650,B,No
C02651,B,No
C02652,B,No
C02653,A,No
C02654,B,No
C02655,B,No
C02656,A,No
C02657,B,No
C02658,B,No
C02659,B,No
C02660,B,No
C02661,B,No
C02662,A,No
C02663,B,No
C02664,B,No
C02665,A,No
C02666,A,No
C02667,A,No
C02668,A,Yes
C02669,A,No
C02670,B,No
C02671,A,No
C02672,A,No
C02673,A,No
C02674,A,No
C02675,B,Yes
C02676,B,No
C02677,B,No
C02678,B,No
C02679,A,No
C02680,B,No
C02681,B,No
C02682,B,No
C02683,A,No
C02684,A,No
C02685,A,No
C02686,B,No
C02687,B,No
C02688,A,No
C02689,B,No
C02690,B,No
C02691,A,No
C02692,B,No
C02693,A,No
C02694,B,Yes
C02695,A,No
C02696,A,No
C02697,A,No
C02698,A,No
C02699,B,No
C02700,A,Yes
C02701,B,No
C02702,B,No
C02703,A,No
C02704,A,No
C02705,B,No
C02706,B,No
C02707,B,No
C02708,B,No
C02709,A,No
C02710,A,No
C02711,B,No
C02712,A,No
C02713,B,No
C02714,A,No
C02715,B,No
C02716,A,No
C02717,B,No
C02718,B,No
C02719,B,No
C02720,B,No
C02721,A,No
C02722,A,No
C02723,A,No
C02724,A,No
C02725,B,No
C02726,A,Yes
C02727,A,No
C02728,B,No
C02729,B,No
C02730,B,No
C02731,A,No
C02732,B,No
C02733,B,No
C02734,B,No
C02735,B,No
C02736,B,No
C02737,A,No
C02738,B,No
C02739,B,No
C02740,A,No
C02741,B,No
C02742,A,No
C02743,A,No
C02744,A,No
C02745,B,No
C02746,A,No
C02747,A,No
C02748,B,No
C02749,B,No
C02750,B,No
C02751,A,No
C02752,B,No
C02753,B,No
C02754,A,No
C02755,A,No
C02756,A,No
C02757,A,No
C02758,B,No
C02759,A,No
C02760,A,No
C02761,B,No
C02762,A,No
C02763,A,No
C02764,B,No
C02765,A,No
C02766,A,No
C02767,A,No
C02768,B,No
C02769,B,No
C02770,A,No
C02771,A,No
C02772,B,No
C02773,A,No
C02774,A,No
C02775,B,No
C02776,A,No
C02777,B,No
C02778,A,No
C02779,A,No
C02780,B,No
C02781,A,No
C02782,A,No
C02783,A,Yes
C02784,A,No
C02785,A,No
C02786,A,No
C02787,B,Yes
C02788,A,No
C02789,B,Yes
C02790,A,No
C02791,A,No
C02792,B,No
C02793,A,No
C02794,A,No
C02795,B,No
C02796,A,No
C02797,A,No
C02798,A,No
C02799,A,No
C02800,B,No
C02801,B,No
C02802,A,No
C02803,B,No
C02804,B,No
C02805,A,No
C02806,A,No
C02807,A,No
C02808,B,No
C02809,B,No
C02810,A,No
C02811,A,No
C02812,A,No
C02813,A,No
C02814,A,No
C02815,B,No
C02816,A,No
C02817,B,No
C02818,A,No
C02819,B,No
C02820,B,No
C02821,B,No
C02822,B,No
C02823,A,No
C02824,A,No
C02825,B,No
C02826,A,No
C02827,B,No
C02828,A,No
C02829,A,No
C02830,A,No
C02831,A,No
C02832,B,No
C02833,A,No
C02834,A,Yes
C02835,B,No
C02836,A,No
C02837,A,No
C02838,B,No
C02839,A,No
C02840,A,Yes
C02841,A,No
C02842,B,No
C02843,A,No
C02844,B,No
C02845,B,No
C02846,A,No
C02847,B,No
C02848,A,Yes
C02849,B,No
C02850,B,No
C02851,B,No
C02852,B,Yes
C02853,A,No
C02854,A,No
C02855,A,No
C02856,B,No
C02857,A,No
C02858,A,No
C02859,B,No
C02860,B,No
C02861,B,No
C02862,A,No
C02863,A,No
C02864,B,No
C02865,A,No
C02866,A,Yes
C02867,A,No
C02868,B,No
C02869,A,No
C02870,B,No
C02871,B,No
C02872,A,No
C02873,A,No
C02874,B,No
C02875,A,No
C02876,B,No
C02877,B,No
C02878,B,No
C02879,B,Yes
C02880,A,No
C02881,B,No
C02882,B,Yes
C02883,B,No
C02884,B,No
C02885,B,No
C02886,B,No
C02887,A,No
C02888,B,No
C02889,A,No
C02890,A,No
C02891,A,No
C02892,A,No
C02893,A,No
C02894,B,No
C02895,A,No
C02896,A,Yes
C02897,B,No
C02898,A,No
C02899,A,No
C02900,A,Yes
C02901,A,No
C02902,B,No
C02903,A,No
C02904,A,No
C02905,A,No
C02906,B,No
C02907,B,No
C02908,A,No
C02909,B,Yes
C02910,B,No
C02911,A,No
C02912,A,No
C02913,B,No
C02914,B,No
C02915,A,No
C02916,B,No
C02917,B,Yes
C02918,A,No
C02919,A,No
C02920,A,No
C02921,A,No
C02922,A,No
C02923,B,No
C02924,B,No
C02925,A,No
C02926,B,No
C02927,B,No
C02928,A,No
C02929,A,No
C02930,B,No
C02931,A,No
C02932,A,No
C02933,B,No
C02934,A,No
C02935,A,No
C02936,B,No
C02937,A,No
C02938,B,No
C02939,B,No
C02940,B,No
C02941,B,No
C02942,B,No
C02943,A,No
C02944,A,No
C02945,B,No
C02946,A,No
C02947,A,No
C02948,A,No
C02949,A,No
C02950,B,No
C02951,A,No
C02952,A,No
C02953,B,No
C02954,A,No
C02955,A,No
C02956,A,No
C02957,B,No
C02958,B,No
C02959,B,No
C02960,A,No
C02961,B,No
C02962,B,No
C02963,A,No
C02964,B,No
C02965,A,No
C02966,B,No
C02967,B,No
C02968,B,No
C02969,B,No
C02970,A,No
C02971,A,Yes
C02972,A,No
C02973,A,No
C02974,A,No
C02975,A,No
C02976,A,No
C02977,B,No
C02978,A,No
C02979,B,No
C02980,A,No
C02981,B,No
C02982,B,No
C02983,B,No
C02984,B,No
C02985,B,No
C02986,A,No
C02987,A,No
C02988,B,No
C02989,B,No
C02990,A,No
C02991,A,No
C02992,A,No
C02993,B,No
C02994,A,No
C02995,A,No
C02996,B,No
C02997,B,No
C02998,B,No
C02999,B,No
C03000,B,No
C03001,B,No
C03002,A,No
C03003,A,No
C03004,A,No
C03005,B,No
C03006,A,No
C03007,B,No
C03008,B,No
C03009,A,No
C03010,A,No
C03011,A,No
C03012,A,No
C03013,B,No
C03014,B,No
C03015,B,No
C03016,A,No
C03017,B,No
C03018,B,No
C03019,A,No
C03020,A,No
C03021,B,No
C03022,B,No
C03023,A,No
C03024,B,No
C03025,A,No
C03026,B,No
C03027,B,No
C03028,B,No
C03029,A,No
C03030,A,No
C03031,B,No
C03032,A,No
C03033,B,No
C03034,A,No
C03035,A,No
C03036,B,No
C03037,B,No
C03038,A,No
C03039,A,No
C03040,B,No
C03041,A,No
C03042,A,No
C03043,B,No
C03044,A,No
C03045,A,No
C03046,A,No
C03047,B,No
C03048,B,No
C03049,B,No
C03050,A,No
C03051,B,No
C03052,A,No
C03053,A,No
C03054,B,Yes
C03055,A,No
C03056,A,No
C03057,B,No
C03058,A,No
C03059,B,No
C03060,B,No
C03061,B,No
C03062,B,Yes
C03063,A,No
C03064,A,No
C03065,A,No
C03066,B,No
C03067,B,No
C03068,A,No
C03069,B,Yes
C03070,A,No
C03071,B,No
C03072,A,No
C03073,B,No
C03074,A,No
C03075,A,No
C03076,A,No
C03077,B,No
C03078,A,No
C03079,A,No
C03080,B,No
C03081,B,No
C03082,B,Yes
C03083,A,No
C03084,A,No
C03085,B,No
C03086,A,No
C03087,B,No
C03088,B,No
C03089,A,No
C03090,B,No
C03091,B,No
C03092,B,No
C03093,A,No
C03094,B,No
C03095,A,No
C03096,B,No
C03097,A,No
C03098,A,No
C03099,B,No
C03100,B,No
C03101,B,No
C03102,B,No
C03103,A,No
C03104,B,No
C03105,A,No
C03106,A,No
C03107,A,No
C03108,A,No
C03109,A,No
C03110,B,No
C03111,B,No
C03112,A,No
C03113,A,No
C03114,A,No
C03115,A,No
C03116,A,No
C03117,B,Yes
C03118,A,No
C03119,B,No
C03120,B,No
C03121,A,No
C03122,A,No
C03123,B,No
C03124,A,No
C03125,A,No
C03126,B,No
C03127,A,No
C03128,B,No
C03129,A,No
C03130,A,No
C03131,A,No
C03132,B,No
C03133,B,No
C03134,B,No
C03135,B,No
C03136,B,No
C03137,A,No
C03138,A,No
C03139,A,No
C03140,B,No
C03141,B,No
C03142,A,No
C03143,B,No
C03144,B,No
C03145,A,No
C03146,B,No
C03147,B,No
C03148,A,No
C03149,A,No
C03150,B,No
C03151,B,No
C03152,A,No
C03153,B,No
C03154,B,No
C03155,B,No
C03156,B,No
C03157,A,No
C03158,A,No
C03159,A,No
C03160,B,No
C03161,B,No
C03162,B,No
C03163,A,No
C03164,A,No
C03165,A,No
C03166,B,No
C03167,B,No
C03168,B,No
C03169,A,Yes
C03170,B,No
C03171,A,No
C03172,B,No
C03173,A,No
C03174,A,No
C03175,A,No
C03176,B,No
C03177,B,No
C03178,A,No
C03179,B,No
C03180,A,No
C03181,A,No
C03182,A,No
C03183,A,No
C03184,B,No
C03185,B,No
C03186,A,No
C03187,B,No
C03188,B,No
C03189,A,No
C03190,B,No
C03191,B,No
C03192,A,No
C03193,A,No
C03194,A,No
C03195,B,No
C03196,B,No
C03197,B,No
C03198,B,No
C03199,A,No
C03200,A,No
C03201,A,No
C03202,A,No
C03203,A,No
C03204,B,No
C03205,B,No
C03206,B,No
C03207,B,No
C03208,B,No
C03209,A,Yes
C03210,B,No
C03211,B,No
C03212,A,No
C03213,B,No
C03214,B,No
C03215,A,No
C03216,A,No
C03217,A,No
C03218,B,No
C03219,B,Yes
C03220,A,No
C03221,A,No
C03222,A,No
C03223,B,No
C03224,B,No
C03225,A,No
C03226,A,No
C03227,B,No
C03228,A,No
C03229,A,No
C03230,B,No
C03231,B,No
C03232,A,No
C03233,A,No
C03234,B,No
C03235,A,No
C03236,B,Yes
C03237,B,No
C03238,B,No
C03239,A,No
C03240,A,No
C03241,B,No
C03242,A,No
C03243,A,No
C03244,A,No
C03245,A,No
C03246,B,No
C03247,A,No
C03248,B,No
C03249,B,Yes
C03250,B,No
C03251,A,No
C03252,A,No
C03253,A,No
C03254,B,No
C03255,B,Yes
C03256,A,No
C03257,A,No
C03258,A,No
C03259,A,No
C03260,A,No
C03261,B,No
C03262,A,No
C03263,A,No
C03264,A,No
C03265,B,No
C03266,B,No
C03267,B,No
C03268,A,No
C03269,A,No
C03270,A,No
C03271,A,No
C03272,A,No
C03273,B,No
C03274,B,No
C03275,A,No
C03276,B,No
C03277,B,No
C03278,B,No
C03279,A,No
C03280,A,No
C03281,B,No
C03282,B,Yes
C03283,A,No
C03284,B,No
C03285,A,No
C03286,B,No
C03287,A,No
C03288,A,No
C03289,A,No
C03290,B,No
C03291,A,No
C03292,B,No
C03293,A,No
C03294,B,No
C03295,A,No
C03296,B,No
C03297,A,No
C03298,A,No
C03299,A,No
C03300,A,No
C03301,B,No
C03302,B,No
C03303,B,No
C03304,B,No
C03305,B,No
C03306,B,No
C03307,B,No
C03308,A,No
C03309,B,No
C03310,A,No
C03311,A,No
C03312,A,No
C03313,A,No
C03314,B,No
C03315,B,No
C03316,A,No
C03317,A,No
C03318,B,No
C03319,A,No
C03320,B,No
C03321,B,No
C03322,A,No
C03323,B,No
C03324,B,No
C03325,B,No
C03326,A,No
C03327,A,No
C03328,B,Yes
C03329,A,No
C03330,A,No
C03331,A,No
C03332,B,No
C03333,A,No
C03334,B,Yes
C03335,B,No
C03336,A,No
C03337,B,No
C03338,A,No
C03339,A,No
C03340,B,No
C03341,B,No
C03342,A,No
C03343,A,No
C03344,A,Yes
C03345,B,No
C03346,B,No
C03347,A,No
C03348,B,No
C03349,B,No
C03350,A,No
C03351,A,No
C03352,B,No
C03353,A,No
C03354,B,No
C03355,A,No
C03356,B,No
C03357,B,No
C03358,A,No
C03359,B,No
C03360,B,No
C03361,B,No
C03362,A,No
C03363,B,No
C03364,B,No
C03365,A,No
C03366,B,No
C03367,B,No
C03368,A,No
C03369,B,No
C03370,B,No
C03371,A,No
C03372,A,No
C03373,B,No
C03374,B,No
C03375,B,No
C03376,A,No
C03377,B,No
C03378,B,No
C03379,A,No
C03380,A,No
C03381,A,No
C03382,B,No
C03383,A,No
C03384,B,No
C03385,A,No
C03386,A,No
C03387,B,No
C03388,B,No
C03389,A,No
C03390,A,No
C03391,A,No
C03392,B,No
C03393,B,No
C03394,A,No
C03395,B,No
C03396,A,No
C03397,A,No
C03398,B,No
C03399,A,No
C03400,B,No
C03401,A,No
C03402,A,No
C03403,B,No
C03404,A,No
C03405,B,No
C03406,B,No
C03407,A,No
C03408,B,No
C03409,A,Yes
C03410,A,No
C03411,B,No
C03412,B,No
C03413,B,No
C03414,B,No
C03415,A,No
C03416,A,No
C03417,A,No
C03418,A,No
C03419,A,No
C03420,B,No
C03421,A,No
C03422,A,No
C03423,A,No
C03424,B,No
C03425,B,No
C03426,A,No
C03427,A,No
C03428,A,No
C03429,B,No
C03430,B,No
C03431,A,No
C03432,B,No
C03433,B,Yes
C03434,B,No
C03435,A,No
C03436,A,No
C03437,A,No
C03438,A,No
C03439,A,Yes
C03440,B,No
C03441,B,No
C03442,B,No
C03443,A,No
C03444,B,No
C03445,B,No
C03446,A,No
C03447,A,No
C03448,A,No
C03449,B,No
C03450,A,No
C03451,A,No
C03452,B,No
C03453,A,No
C03454,A,No
C03455,B,No
C03456,B,No
C03457,A,No
C03458,A,No
C03459,B,No
C03460,A,No
C03461,A,No
C03462,B,No
C03463,B,No
C03464,A,No
C03465,A,Yes
C03466,A,Yes
C03467,B,No
C03468,B,No
C03469,A,No
C03470,B,No
C03471,B,No
C03472,A,No
C03473,B,No
C03474,A,No
C03475,B,No
C03476,B,No
C03477,B,No
C03478,A,No
C03479,A,No
C03480,B,No
C03481,A,No
C03482,A,No
C03483,A,No
C03484,A,No
C03485,B,No
C03486,B,No
C03487,B,No
C03488,A,No
C03489,A,Yes
C03490,B,No
C03491,A,No
C03492,B,No
C03493,B,No
C03494,B,No
C03495,B,No
C03496,B,No
C03497,B,No
C03498,B,No
C03499,B,No
C03500,A,No
C03501,A,Yes
C03502,B,No
C03503,A,No
C03504,A,No
C03505,A,No
C03506,B,No
C03507,A,No
C03508,B,No
C03509,B,No
C03510,A,No
C03511,A,No
C03512,A,Yes
C03513,B,No
C03514,A,No
C03515,B,No
C03516,B,No
C03517,B,No
C03518,A,No
C03519,B,No
C03520,B,No
C03521,B,No
C03522,B,No
C03523,A,No
C03524,A,No
C03525,A,No
C03526,A,No
C03527,B,No
C03528,B,No
C03529,A,No
C03530,A,No
C03531,A,No
C03532,B,No
C03533,B,No
C03534,B,No
C03535,B,No
C03536,A,No
C03537,A,No
C03538,B,No
C03539,A,No
C03540,A,No
C03541,A,No
C03542,A,No
C03543,A,No
C03544,A,No
C03545,B,No
C03546,A,No
C03547,A,No
C03548,B,No
C03549,A,No
C03550,B,No
C03551,B,No
C03552,B,No
C03553,B,No
C03554,A,No
C03555,B,No
C03556,A,No
C03557,A,No
C03558,A,No
C03559,B,No
C03560,B,No
C03561,B,No
C03562,B,No
C03563,B,No
C03564,B,No
C03565,B,No
C03566,B,No
C03567,A,No
C03568,A,No
C03569,B,No
C03570,B,No
C03571,A,No
C03572,B,No
C03573,A,No
C03574,B,Yes
C03575,B,No
C03576,A,No
C03577,A,No
C03578,A,No
C03579,A,No
C03580,B,No
C03581,B,Yes
C03582,A,No
C03583,A,No
C03584,A,No
C03585,A,No
C03586,A,No
C03587,A,No
C03588,B,No
C03589,B,No
C03590,A,No
C03591,A,No
C03592,B,No
C03593,A,No
C03594,A,No
C03595,A,No
C03596,A,No
C03597,A,No
C03598,B,No
C03599,B,No
C03600,A,No
C03601,A,No
C03602,A,No
C03603,B,No
C03604,A,No
C03605,A,No
C03606,B,No
C03607,B,No
C03608,A,No
C03609,B,No
C03610,A,No
C03611,A,No
C03612,A,No
C03613,A,No
C03614,B,No
C03615,A,No
C03616,A,No
C03617,A,No
C03618,B,No
C03619,B,No
C03620,A,No
C03621,B,No
C03622,B,No
C03623,B,No
C03624,B,No
C03625,B,No
C03626,A,No
C03627,A,No
C03628,B,No
C03629,B,No
C03630,A,No
C03631,B,No
C03632,B,No
C03633,B,No
C03634,B,No
C03635,B,No
C03636,B,No
C03637,A,No
C03638,A,No
C03639,A,No
C03640,B,No
C03641,A,No
C03642,B,No
C03643,A,No
C03644,B,No
C03645,B,No
C03646,B,No
C03647,A,No
C03648,A,No
C03649,A,No
C03650,B,No
C03651,B,Yes
C03652,A,No
C03653,B,No
C03654,A,No
C03655,B,No
C03656,B,No
C03657,B,Yes
C03658,A,No
C03659,A,No
C03660,A,No
C03661,B,No
C03662,A,No
C03663,B,No
C03664,B,No
C03665,A,No
C03666,B,No
C03667,B,No
C03668,B,No
C03669,B,No
C03670,B,No
C03671,B,No
C03672,B,No
C03673,B,No
C03674,B,No
C03675,B,No
C03676,B,No
C03677,A,No
C03678,A,No
C03679,A,No
C03680,B,No
C03681,A,No
C03682,B,No
C03683,B,No
C03684,B,No
C03685,A,No
C03686,B,No
C03687,B,No
C03688,A,No
C03689,B,No
C03690,A,No
C03691,B,No
C03692,B,Yes
C03693,B,No
C03694,B,No
C03695,A,No
C03696,A,No
C03697,B,No
C03698,A,No
C03699,B,No
C03700,A,No
C03701,A,No
C03702,A,No
C03703,A,No
C03704,A,No
C03705,A,No
C03706,B,No
C03707,B,No
C03708,B,No
C03709,B,No
C03710,A,No
C03711,B,No
C03712,B,No
C03713,B,No
C03714,B,No
C03715,B,No
C03716,A,No
C03717,B,No
C03718,B,No
C03719,B,No
C03720,B,No
C03721,A,No
C03722,B,No
C03723,B,No
C03724,A,No
C03725,B,No
C03726,B,No
C03727,A,No
C03728,A,No
C03729,A,No
C03730,A,No
C03731,A,No
C03732,A,No
C03733,A,No
C03734,B,No
C03735,B,No
C03736,A,No
C03737,B,No
C03738,A,No
C03739,B,No
C03740,B,No
C03741,A,No
C03742,B,No
C03743,B,No
C03744,A,No
C03745,A,No
C03746,B,No
C03747,B,No
C03748,B,No
C03749,B,No
C03750,B,No
C03751,A,No
C03752,A,No
C03753,B,No
C03754,B,No
C03755,B,No
C03756,A,No
C03757,A,No
C03758,B,No
C03759,B,No
C03760,B,No
C03761,B,No
C03762,B,No
C03763,A,No
C03764,B,No
C03765,A,No
C03766,A,No
C03767,A,No
C03768,A,No
C03769,B,No
C03770,B,No
C03771,B,No
C03772,B,No
C03773,B,No
C03774,B,No
C03775,B,Yes
C03776,A,No
C03777,B,No
C03778,B,No
C03779,B,Yes
C03780,B,No
C03781,A,No
C03782,A,No
C03783,A,No
C03784,A,No
C03785,A,No
C03786,B,No
C03787,A,No
C03788,A,No
C03789,B,No
C03790,B,No
C03791,B,No
C03792,B,No
C03793,B,No
C03794,A,No
C03795,B,No
C03796,B,No
C03797,A,No
C03798,A,No
C03799,A,No
C03800,B,No
C03801,B,No
C03802,A,No
C03803,A,No
C03804,A,No
C03805,A,No
C03806,B,No
C03807,B,No
C03808,B,No
C03809,B,No
C03810,B,No
C03811,B,Yes
C03812,A,No
C03813,B,No
C03814,B,No
C03815,A,No
C03816,B,No
C03817,A,No
C03818,A,No
C03819,B,No
C03820,B,No
C03821,A,No
C03822,B,No
C03823,A,No
C03824,A,No
C03825,A,No
C03826,A,No
C03827,A,No
C03828,B,No
C03829,B,No
C03830,B,No
C03831,B,No
C03832,B,No
C03833,A,No
C03834,B,No
C03835,A,No
C03836,B,No
C03837,A,No
C03838,B,No
C03839,A,No
C03840,B,No
C03841,B,No
C03842,A,No
C03843,A,No
C03844,A,No
C03845,B,No
C03846,A,No
C03847,B,No
C03848,B,No
C03849,A,No
C03850,B,No
C03851,A,No
C03852,A,No
C03853,A,No
C03854,B,No
C03855,A,No
C03856,B,No
C03857,A,No
C03858,B,No
C03859,B,No
C03860,A,No
C03861,B,No
C03862,A,No
C03863,A,No
C03864,B,No
C03865,A,No
C03866,B,No
C03867,A,No
C03868,B,No
C03869,A,No
C03870,A,No
C03871,A,No
C03872,A,No
C03873,A,No
C03874,B,No
C03875,A,No
C03876,B,No
C03877,A,No
C03878,A,No
C03879,A,No
C03880,A,No
C03881,A,No
C03882,B,No
C03883,B,No
C03884,B,No
C03885,B,No
C03886,A,No
C03887,B,No
C03888,B,No
C03889,B,No
C03890,A,No
C03891,A,No
C03892,A,No
C03893,A,No
C03894,A,No
C03895,A,No
C03896,A,No
C03897,B,No
C03898,A,No
C03899,A,No
C03900,B,No
C03901,A,No
C03902,B,No
C03903,A,No
C03904,A,No
C03905,A,Yes
C03906,B,No
C03907,B,No
C03908,B,No
C03909,B,No
C03910,A,No
C03911,A,No
C03912,B,No
C03913,A,No
C03914,A,No
C03915,A,No
C03916,B,No
C03917,A,No
C03918,B,No
C03919,B,No
C03920,A,No
C03921,A,No
C03922,B,No
C03923,B,Yes
C03924,A,No
C03925,A,No
C03926,B,No
C03927,B,No
C03928,B,No
C03929,A,No
C03930,A,No
C03931,A,No
C03932,A,No
C03933,A,No
C03934,A,No
C03935,B,No
C03936,B,No
C03937,B,No
C03938,A,No
C03939,B,No
C03940,A,No
C03941,B,Yes
C03942,B,No
C03943,B,No
C03944,A,No
C03945,A,No
C03946,A,No
C03947,B,No
C03948,A,No
C03949,B,No
C03950,A,No
C03951,A,No
C03952,B,No
C03953,B,No
C03954,B,No
C03955,B,No
C03956,B,No
C03957,A,No
C03958,A,No
C03959,A,No
C03960,B,No
C03961,B,No
C03962,A,No
C03963,A,No
C03964,B,No
C03965,A,No
C03966,A,No
C03967,A,No
C03968,A,No
C03969,B,No
C03970,A,No
C03971,B,No
C03972,B,No
C03973,A,Yes
C03974,B,No
C03975,B,No
C03976,B,No
C03977,A,No
C03978,A,No
C03979,A,No
C03980,B,No
C03981,A,No
C03982,A,No
C03983,A,Yes
C03984,A,No
C03985,A,No
C03986,B,No
C03987,A,No
C03988,A,No
C03989,B,No
C03990,A,No
C03991,B,No
C03992,B,No
C03993,A,No
C03994,A,No
C03995,A,No
C03996,A,No
C03997,A,No
C03998,B,No
C03999,A,Yes
C04000,A,No
C04001,B,No
C04002,B,No
C04003,A,No
C04004,A,No
C04005,A,No
C04006,A,No
C04007,B,Yes
C04008,A,No
C04009,B,No
C04010,B,No
C04011,B,Yes
C04012,B,No
C04013,B,No
C04014,A,No
C04015,A,No
C04016,A,Yes
C04017,A,No
C04018,B,No
C04019,A,No
C04020,B,No
C04021,B,No
C04022,B,No
C04023,A,No
C04024,A,No
C04025,B,No
C04026,B,No
C04027,A,No
C04028,A,Yes
C04029,B,No
C04030,B,No
C04031,B,Yes
C04032,B,No
C04033,B,No
C04034,B,No
C04035,A,No
C04036,B,No
C04037,B,No
C04038,A,No
C04039,B,Yes
C04040,B,No
C04041,A,No
C04042,A,No
C04043,A,No
C04044,A,No
C04045,A,No
C04046,A,No
C04047,B,No
C04048,A,No
C04049,A,No
C04050,A,No
C04051,A,No
C04052,B,No
C04053,B,No
C04054,A,No
C04055,A,No
C04056,A,No
C04057,B,No
C04058,A,No
C04059,B,No
C04060,A,No
C04061,B,No
C04062,B,No
C04063,A,No
C04064,B,No
C04065,A,No
C04066,B,No
C04067,A,No
C04068,A,No
C04069,B,No
C04070,A,No
C04071,B,No
C04072,A,No
C04073,A,No
C04074,B,No
C04075,A,No
C04076,B,No
C04077,A,No
C04078,B,No
C04079,A,No
C04080,B,No
C04081,B,No
C04082,A,No
C04083,B,No
C04084,B,No
C04085,B,No
C04086,B,No
C04087,B,Yes
C04088,A,No
C04089,A,No
C04090,B,No
C04091,A,No
C04092,B,No
C04093,B,No
C04094,A,No
C04095,B,No
C04096,A,No
C04097,B,No
C04098,B,No
C04099,B,No
C04100,A,No
C04101,A,No
C04102,A,No
C04103,A,No
C04104,B,No
C04105,B,No
C04106,A,No
C04107,B,No
C04108,B,No
C04109,B,No
C04110,B,No
C04111,B,No
C04112,B,No
C04113,A,No
C04114,A,No
C04115,A,No
C04116,A,No
C04117,A,No
C04118,A,No
C04119,B,No
C04120,A,No
C04121,B,No
C04122,B,No
C04123,A,No
C04124,B,No
C04125,A,No
C04126,A,No
C04127,A,No
C04128,A,No
C04129,A,No
C04130,B,No
C04131,B,No
C04132,B,No
C04133,B,No
C04134,A,No
C04135,A,No
C04136,A,No
C04137,A,No
C04138,A,No
C04139,A,No
C04140,B,No
C04141,A,No
C04142,A,Yes
C04143,A,No
C04144,B,No
C04145,B,No
C04146,A,No
C04147,A,No
C04148,A,Yes
C04149,A,No
C04150,A,No
C04151,B,No
C04152,A,No
C04153,B,No
C04154,B,No
C04155,A,No
C04156,B,No
C04157,A,No
C04158,B,No
C04159,A,No
C04160,A,No
C04161,A,No
C04162,A,No
C04163,A,No
C04164,B,No
C04165,A,No
C04166,B,No
C04167,A,No
C04168,B,No
C04169,A,No
C04170,A,No
C04171,A,No
C04172,A,No
C04173,A,No
C04174,B,No
C04175,A,No
C04176,A,No
C04177,B,No
C04178,B,No
C04179,A,No
C04180,B,No
C04181,B,No
C04182,B,No
C04183,B,No
C04184,A,No
C04185,A,No
C04186,A,No
C04187,A,No
C04188,B,No
C04189,A,No
C04190,A,No
C04191,B,No
C04192,B,No
C04193,A,No
C04194,B,No
C04195,A,No
C04196,B,No
C04197,B,No
C04198,B,No
C04199,A,No
C04200,A,No
C04201,A,No
C04202,A,No
C04203,A,No
C04204,A,No
C04205,A,No
C04206,A,No
C04207,A,No
C04208,B,Yes
C04209,A,Yes
C04210,B,No
C04211,B,No
C04212,A,No
C04213,A,No
C04214,B,No
C04215,B,No
C04216,B,No
C04217,A,No
C04218,B,No
C04219,A,No
C04220,A,No
C04221,A,No
C04222,A,No
C04223,B,No
C04224,A,No
C04225,A,No
C04226,A,No
C04227,B,No
C04228,A,No
C04229,A,No
C04230,B,No
C04231,A,No
C04232,B,No
C04233,B,No
C04234,B,No
C04235,B,No
C04236,B,No
C04237,B,No
C04238,B,No
C04239,B,No
C04240,B,No
C04241,A,No
C04242,A,No
C04243,A,No
C04244,A,No
C04245,B,No
C04246,B,No
C04247,B,No
C04248,B,No
C04249,A,No
C04250,A,No
C04251,B,No
C04252,A,No
C04253,A,No
C04254,B,No
C04255,B,No
C04256,B,No
C04257,A,No
C04258,B,No
C04259,B,Yes
C04260,B,No
C04261,A,No
C04262,A,No
C04263,B,No
C04264,B,No
C04265,A,No
C04266,A,No
C04267,A,No
C04268,B,No
C04269,B,No
C04270,B,No
C04271,B,No
C04272,B,No
C04273,A,No
C04274,B,No
C04275,B,No
C04276,B,No
C04277,A,No
C04278,A,No
C04279,B,No
C04280,B,No
C04281,B,No
C04282,A,No
C04283,A,No
C04284,A,No
C04285,A,No
C04286,B,Yes
C04287,A,No
C04288,B,No
C04289,B,No
C04290,A,No
C04291,A,No
C04292,A,No
C04293,A,No
C04294,A,No
C04295,A,No
C04296,A,Yes
C04297,A,No
C04298,A,No
C04299,A,No
C04300,B,No
C04301,B,No
C04302,A,No
C04303,A,No
C04304,A,No
C04305,A,No
C04306,B,No
C04307,A,No
C04308,B,No
C04309,A,No
C04310,B,No
C04311,A,No
C04312,B,Yes
C04313,A,No
C04314,B,No
C04315,A,No
C04316,A,No
C04317,A,No
C04318,A,No
C04319,B,No
C04320,B,No
C04321,A,No
C04322,A,No
C04323,A,No
C04324,A,No
C04325,A,No
C04326,A,No
C04327,A,No
C04328,A,No
C04329,B,No
C04330,B,No
C04331,B,No
C04332,B,No
C04333,B,No
C04334,A,No
C04335,B,No
C04336,B,No
C04337,A,No
C04338,A,No
C04339,A,No
C04340,B,No
C04341,B,No
C04342,B,No
C04343,A,No
C04344,B,No
C04345,A,No
C04346,B,No
C04347,A,No
C04348,B,No
C04349,A,No
C04350,B,Yes
C04351,A,No
C04352,B,No
C04353,A,No
C04354,B,No
C04355,B,No
C04356,A,No
C04357,A,Yes
C04358,B,No
C04359,A,No
C04360,B,No
C04361,B,No
C04362,B,No
C04363,B,No
C04364,A,No
C04365,B,No
C04366,B,No
C04367,B,No
C04368,B,No
C04369,A,No
C04370,A,No
C04371,B,No
C04372,A,No
C04373,B,No
C04374,A,No
C04375,B,No
C04376,A,No
C04377,B,No
C04378,B,No
C04379,A,No
C04380,B,No
C04381,B,No
C04382,A,No
C04383,B,No
C04384,A,No
C04385,B,No
C04386,B,No
C04387,B,No
C04388,B,No
C04389,B,No
C04390,A,No
C04391,B,No
C04392,B,No
C04393,A,No
C04394,A,No
C04395,B,No
C04396,B,No
C04397,A,No
C04398,A,No
C04399,A,No
C04400,A,No
C04401,A,No
C04402,B,No
C04403,A,No
C04404,A,No
C04405,B,No
C04406,A,No
C04407,B,No
C04408,A,No
C04409,A,No
C04410,A,No
C04411,A,No
C04412,A,No
C04413,A,No
C04414,B,No
C04415,A,No
C04416,A,No
C04417,A,No
C04418,A,No
C04419,B,No
C04420,B,No
C04421,A,No
C04422,B,No
C04423,B,No
C04424,A,No
C04425,A,No
C04426,B,No
C04427,A,No
C04428,B,No
C04429,B,No
C04430,B,No
C04431,A,No
C04432,B,No
C04433,B,No
C04434,A,No
C04435,A,No
C04436,A,No
C04437,A,No
C04438,B,No
C04439,A,No
C04440,A,No
C04441,A,No
C04442,B,No
C04443,A,No
C04444,B,No
C04445,A,No
C04446,A,Yes
C04447,B,No
C04448,A,No
C04449,B,No
C04450,A,No
C04451,A,No
C04452,B,No
C04453,A,No
C04454,A,No
C04455,A,No
C04456,B,No
C04457,B,Yes
C04458,B,No
C04459,A,No
C04460,B,No
C04461,B,No
C04462,B,No
C04463,B,No
C04464,B,No
C04465,A,No
C04466,B,No
C04467,B,No
C04468,A,No
C04469,B,No
C04470,B,No
C04471,B,No
C04472,B,No
C04473,B,No
C04474,B,No
C04475,B,No
C04476,B,No
C04477,B,Yes
C04478,B,No
C04479,B,No
C04480,A,No
C04481,A,No
C04482,B,No
C04483,B,No
C04484,A,No
C04485,B,No
C04486,B,No
C04487,A,No
C04488,B,No
C04489,A,No
C04490,A,No
C04491,B,No
C04492,A,No
C04493,A,No
C04494,A,No
C04495,B,No
C04496,B,No
C04497,A,No
C04498,A,No
C04499,B,No
C04500,A,No
C04501,B,No
C04502,B,No
C04503,B,No
C04504,A,No
C04505,B,No
C04506,A,No
C04507,A,No
C04508,A,No
C04509,A,No
C04510,A,No
C04511,A,No
C04512,B,No
C04513,A,No
C04514,B,No
C04515,A,No
C04516,B,No
C04517,A,No
C04518,A,No
C04519,A,No
C04520,A,No
C04521,A,No
C04522,B,No
C04523,A,No
C04524,B,No
C04525,B,No
C04526,A,No
C04527,B,No
C04528,B,No
C04529,A,No
C04530,A,No
C04531,A,No
C04532,A,No
C04533,B,No
C04534,A,No
C04535,A,No
C04536,B,No
C04537,B,Yes
C04538,A,No
C04539,A,No
C04540,B,No
C04541,A,No
C04542,A,No
C04543,B,No
C04544,A,No
C04545,A,No
C04546,A,No
C04547,A,No
C04548,B,No
C04549,B,No
C04550,A,No
C04551,B,No
C04552,B,No
C04553,A,No
C04554,B,No
C04555,B,No
C04556,B,No
C04557,B,No
C04558,B,No
C04559,B,No
C04560,B,No
C04561,A,No
C04562,B,No
C04563,B,No
C04564,B,No
C04565,B,No
C04566,B,No
C04567,A,Yes
C04568,B,No
C04569,A,No
C04570,B,No
C04571,B,No
C04572,B,No
C04573,A,Yes
C04574,B,No
C04575,B,No
C04576,B,No
C04577,B,No
C04578,B,No
C04579,A,No
C04580,B,No
C04581,B,No
C04582,B,No
C04583,A,No
C04584,A,No
C04585,B,No
C04586,B,No
C04587,B,No
C04588,B,No
C04589,B,No
C04590,B,No
C04591,A,Yes
C04592,A,No
C04593,B,No
C04594,A,No
C04595,A,No
C04596,A,No
C04597,B,No
C04598,B,No
C04599,A,No
C04600,A,No
C04601,A,No
C04602,B,No
C04603,A,No
C04604,B,No
C04605,A,No
C04606,A,No
C04607,A,No
C04608,A,No
C04609,B,No
C04610,A,No
C04611,A,No
C04612,A,No
C04613,B,No
C04614,A,No
C04615,A,No
C04616,A,No
C04617,B,No
C04618,A,No
C04619,B,No
C04620,B,No
C04621,B,No
C04622,A,No
C04623,A,No
C04624,A,No
C04625,B,No
C04626,B,No
C04627,A,No
C04628,B,No
C04629,B,No
C04630,A,No
C04631,B,No
C04632,A,Yes
C04633,A,No
C04634,B,No
C04635,B,No
C04636,B,No
C04637,B,No
C04638,A,No
C04639,B,No
C04640,B,No
C04641,B,No
C04642,A,No
C04643,A,No
C04644,A,No
C04645,A,No
C04646,B,No
C04647,B,No
C04648,B,No
C04649,B,Yes
C04650,B,No
C04651,A,No
C04652,B,No
C04653,B,No
C04654,A,No
C04655,B,No
C04656,B,No
C04657,A,No
C04658,A,No
C04659,B,No
C04660,B,No
C04661,B,No
C04662,A,No
C04663,A,No
C04664,A,No
C04665,A,No
C04666,B,No
C04667,B,No
C04668,A,No
C04669,B,No
C04670,B,No
C04671,B,No
C04672,A,No
C04673,B,No
C04674,A,No
C04675,B,No
C04676,A,No
C04677,A,No
C04678,A,No
C04679,B,No
C04680,A,No
C04681,B,No
C04682,A,No
C04683,B,No
C04684,B,No
C04685,B,No
C04686,B,No
C04687,A,No
C04688,A,No
C04689,B,No
C04690,B,Yes
C04691,A,No
C04692,A,No
C04693,B,No
C04694,B,No
C04695,A,No
C04696,A,No
C04697,B,No
C04698,B,No
C04699,B,No
C04700,A,No
C04701,B,No
C04702,A,No
C04703,A,No
C04704,B,No
C04705,A,No
C04706,A,No
C04707,B,No
C04708,A,No
C04709,A,No
C04710,B,No
C04711,A,No
C04712,B,No
C04713,B,No
C04714,B,No
C04715,A,No
C04716,B,No
C04717,A,No
C04718,B,No
C04719,B,No
C04720,B,No
C04721,B,No
C04722,B,No
C04723,B,No
C04724,A,No
C04725,B,No
C04726,A,No
C04727,B,No
C04728,A,No
C04729,B,No
C04730,A,No
C04731,B,No
C04732,A,No
C04733,B,No
C04734,A,No
C04735,B,No
C04736,B,No
C04737,B,No
C04738,B,No
C04739,A,No
C04740,B,No
C04741,A,No
C04742,B,No
C04743,A,No
C04744,A,No
C04745,A,No
C04746,B,No
C04747,A,No
C04748,A,No
C04749,A,No
C04750,A,No
C04751,B,No
C04752,A,No
C04753,B,No
C04754,B,No
C04755,A,No
C04756,B,No
C04757,A,No
C04758,B,No
C04759,A,No
C04760,A,No
C04761,A,No
C04762,A,No
C04763,A,No
C04764,B,Yes
C04765,B,No
C04766,A,No
C04767,B,No
C04768,B,No
C04769,B,No
C04770,B,No
C04771,A,No
C04772,A,No
C04773,A,No
C04774,B,No
C04775,B,No
C04776,A,No
C04777,B,No
C04778,B,No
C04779,B,No
C04780,B,No
C04781,B,No
C04782,B,No
C04783,B,No
C04784,A,No
C04785,B,No
C04786,B,No
C04787,A,No
C04788,A,Yes
C04789,B,Yes
C04790,A,No
C04791,B,No
C04792,B,No
C04793,A,No
C04794,A,No
C04795,B,No
C04796,A,No
C04797,A,No
C04798,B,No
C04799,B,No
C04800,A,No
C04801,B,No
C04802,B,No
C04803,B,No
C04804,B,No
C04805,B,No
C04806,A,No
C04807,A,No
C04808,B,No
C04809,A,No
C04810,B,No
C04811,A,No
C04812,A,No
C04813,B,No
C04814,A,No
C04815,B,No
C04816,B,No
C04817,A,No
C04818,B,No
C04819,B,No
C04820,B,No
C04821,A,No
C04822,A,No
C04823,B,No
C04824,B,No
C04825,B,No
C04826,B,No
C04827,B,No
C04828,A,No
C04829,A,No
C04830,A,No
C04831,A,No
C04832,A,No
C04833,B,No
C04834,B,No
C04835,B,No
C04836,A,No
C04837,A,No
C04838,B,Yes
C04839,B,No
C04840,B,No
C04841,A,No
C04842,A,No
C04843,A,No
C04844,B,No
C04845,B,No
C04846,A,No
C04847,A,No
C04848,A,No
C04849,B,No
C04850,B,No
C04851,B,No
C04852,A,No
C04853,A,No
C04854,B,No
C04855,A,No
C04856,A,No
C04857,A,No
C04858,B,No
C04859,A,No
C04860,A,No
C04861,B,No
C04862,B,No
C04863,B,No
C04864,B,No
C04865,B,No
C04866,B,No
C04867,A,No
C04868,A,No
C04869,B,No
C04870,A,No
C04871,B,No
C04872,A,No
C04873,A,No
C04874,B,No
C04875,A,No
C04876,B,No
C04877,A,No
C04878,A,No
C04879,B,No
C04880,A,No
C04881,A,No
C04882,B,No
C04883,A,No
C04884,B,Yes
C04885,B,No
C04886,A,No
C04887,B,No
C04888,B,No
C04889,A,No
C04890,B,No
C04891,A,No
C04892,B,No
C04893,B,No
C04894,B,No
C04895,B,No
C04896,B,No
C04897,B,No
C04898,A,No
C04899,A,No
C04900,B,No
C04901,B,No
C04902,B,No
C04903,A,No
C04904,A,No
C04905,B,No
C04906,B,No
C04907,B,No
C04908,A,No
C04909,A,No
C04910,A,Yes
C04911,B,No
C04912,A,No
C04913,B,No
C04914,B,No
C04915,B,No
C04916,A,No
C04917,A,No
C04918,B,No
C04919,B,No
C04920,B,Yes
C04921,B,No
C04922,A,No
C04923,A,No
C04924,A,No
C04925,B,No
C04926,B,No
C04927,B,No
C04928,B,No
C04929,A,No
C04930,A,No
C04931,A,No
C04932,A,No
C04933,B,No
C04934,A,No
C04935,B,No
C04936,B,No
C04937,B,No
C04938,B,No
C04939,A,No
C04940,B,No
C04941,B,No
C04942,A,No
C04943,B,No
C04944,A,No
C04945,A,No
C04946,A,No
C04947,B,No
C04948,B,No
C04949,A,No
C04950,A,No
C04951,B,No
C04952,B,No
C04953,B,No
C04954,A,No
C04955,B,No
C04956,A,No
C04957,A,No
C04958,B,No
C04959,A,No
C04960,A,No
C04961,B,No
C04962,A,No
C04963,A,No
C04964,A,No
C04965,A,No
C04966,B,No
C04967,B,No
C04968,B,No
C04969,B,No
C04970,B,No
C04971,B,No
C04972,A,No
C04973,A,No
C04974,A,No
C04975,A,No
C04976,A,No
C04977,B,No
C04978,A,No
C04979,A,No
C04980,B,No
C04981,A,No
C04982,B,No
C04983,B,No
C04984,B,No
C04985,A,No
C04986,A,No
C04987,A,No
C04988,A,No
C04989,B,No
C04990,B,No
C04991,B,No
C04992,B,No
C04993,B,No
C04994,A,No
C04995,A,No
C04996,A,No
C04997,B,No
C04998,B,No
C04999,B,No
C05000,B,No
C05001,A,No
C05002,A,No
C05003,A,No
C05004,A,No
C05005,A,No
C05006,B,No
C05007,A,No
C05008,B,No
C05009,A,No
C05010,B,No
C05011,A,No
C05012,A,No
C05013,A,No
C05014,B,No
C05015,A,No
C05016,A,No
C05017,B,No
C05018,A,No
C05019,B,Yes
C05020,A,No
C05021,A,No
C05022,B,No
C05023,A,No
C05024,B,No
C05025,B,No
C05026,B,No
C05027,A,No
C05028,B,No
C05029,B,No
C05030,A,No
C05031,B,No
C05032,A,No
C05033,B,No
C05034,B,No
C05035,A,No
C05036,B,No
C05037,B,No
C05038,B,No
C05039,B,No
C05040,A,No
C05041,B,No
C05042,B,No
C05043,B,No
C05044,A,No
C05045,A,No
C05046,A,No
C05047,A,No
C05048,A,No
C05049,B,No
C05050,B,No
C05051,A,No
C05052,A,No
C05053,B,No
C05054,A,No
C05055,B,No
C05056,A,No
C05057,A,No
C05058,A,No
C05059,B,Yes
C05060,B,No
C05061,A,No
C05062,B,No
C05063,B,No
C05064,A,No
C05065,B,No
C05066,A,No
C05067,B,No
C05068,A,No
C05069,A,No
C05070,A,No
C05071,A,No
C05072,A,No
C05073,A,No
C05074,B,No
C05075,A,No
C05076,A,No
C05077,A,No
C05078,B,No
C05079,A,No
C05080,A,No
C05081,B,No
C05082,B,No
C05083,B,No
C05084,A,No
C05085,B,No
C05086,A,No
C05087,B,No
C05088,A,No
C05089,A,No
C05090,B,No
C05091,A,No
C05092,B,No
C05093,A,No
C05094,B,No
C05095,A,No
C05096,B,No
C05097,A,No
C05098,B,No
C05099,B,No
C05100,B,No
C05101,B,No
C05102,A,No
C05103,B,No
C05104,B,No
C05105,A,No
C05106,A,No
C05107,A,No
C05108,B,No
C05109,B,No
C05110,B,No
C05111,A,No
C05112,A,No
C05113,B,No
C05114,B,No
C05115,B,No
C05116,A,No
C05117,A,No
C05118,A,No
C05119,A,No
C05120,B,No
C05121,A,No
C05122,B,No
C05123,B,No
C05124,B,No
C05125,A,No
C05126,B,No
C05127,A,No
C05128,B,No
C05129,A,No
C05130,B,No
C05131,A,No
C05132,A,Yes
C05133,B,No
C05134,A,No
C05135,B,No
C05136,A,No
C05137,A,No
C05138,A,No
C05139,B,No
C05140,A,No
C05141,A,No
C05142,A,No
C05143,B,No
C05144,B,No
C05145,A,No
C05146,A,No
C05147,A,No
C05148,A,No
C05149,B,No
C05150,B,No
C05151,A,No
C05152,B,No
C05153,B,No
C05154,A,No
C05155,B,Yes
C05156,B,No
C05157,B,No
C05158,B,No
C05159,A,No
C05160,A,No
C05161,B,No
C05162,B,No
C05163,B,No
C05164,A,No
C05165,A,No
C05166,A,No
C05167,B,No
C05168,B,No
C05169,A,No
C05170,B,No
C05171,A,No
C05172,B,No
C05173,A,No
C05174,B,No
C05175,A,No
C05176,B,Yes
C05177,A,No
C05178,B,Yes
C05179,B,No
C05180,B,No
C05181,B,No
C05182,A,No
C05183,A,No
C05184,B,No
C05185,B,No
C05186,B,No
C05187,B,No
C05188,B,No
C05189,B,No
C05190,A,No
C05191,A,No
C05192,B,No
C05193,A,No
C05194,B,No
C05195,A,No
C05196,B,No
C05197,A,No
C05198,B,No
C05199,A,No
C05200,B,No
C05201,B,No
C05202,B,No
C05203,B,No
C05204,B,No
C05205,A,No
C05206,B,No
C05207,B,No
C05208,A,No
C05209,A,Yes
C05210,B,No
C05211,A,No
C05212,B,No
C05213,A,No
C05214,A,No
C05215,B,No
C05216,A,No
C05217,B,No
C05218,B,No
C05219,A,No
C05220,A,No
C05221,B,No
C05222,A,No
C05223,B,No
C05224,B,No
C05225,A,No
C05226,B,No
C05227,B,No
C05228,B,No
C05229,A,No
C05230,A,No
C05231,B,No
C05232,B,Yes
C05233,A,Yes
C05234,A,No
C05235,B,No
C05236,A,No
C05237,B,No
C05238,B,No
C05239,B,Yes
C05240,A,No
C05241,B,No
C05242,B,No
C05243,B,No
C05244,A,No
C05245,A,No
C05246,A,No
C05247,B,No
C05248,A,No
C05249,A,No
C05250,A,No
C05251,B,No
C05252,A,No
C05253,A,No
C05254,A,No
C05255,A,No
C05256,B,No
C05257,B,No
C05258,A,No
C05259,A,No
C05260,B,No
C05261,A,No
C05262,B,No
C05263,A,No
C05264,B,No
C05265,B,No
C05266,A,No
C05267,A,No
C05268,B,No
C05269,B,No
C05270,B,No
C05271,B,No
C05272,A,No
C05273,A,No
C05274,B,No
C05275,B,No
C05276,A,No
C05277,B,No
C05278,A,Yes
C05279,A,No
C05280,A,No
C05281,B,No
C05282,B,No
C05283,B,No
C05284,B,No
C05285,B,No
C05286,A,No
C05287,A,No
C05288,A,No
C05289,A,No
C05290,A,No
C05291,A,No
C05292,A,No
C05293,B,No
C05294,B,No
C05295,A,No
C05296,A,Yes
C05297,A,No
C05298,A,No
C05299,A,No
C05300,A,No
C05301,A,No
C05302,B,No
C05303,B,No
C05304,A,No
C05305,B,No
C05306,A,No
C05307,B,No
C05308,B,No
C05309,B,No
C05310,B,No
C05311,B,No
C05312,A,No
C05313,B,No
C05314,A,No
C05315,B,No
C05316,B,No
C05317,B,No
C05318,B,No
C05319,A,No
C05320,B,No
C05321,B,No
C05322,A,No
C05323,B,No
C05324,A,No
C05325,B,No
C05326,B,No
C05327,B,No
C05328,B,No
C05329,A,No
C05330,B,No
C05331,A,No
C05332,B,No
C05333,B,No
C05334,B,No
C05335,B,No
C05336,B,Yes
C05337,A,No
C05338,B,Yes
C05339,B,No
C05340,B,No
C05341,B,No
C05342,A,No
C05343,A,No
C05344,A,No
C05345,B,No
C05346,B,Yes
C05347,B,No
C05348,A,No
C05349,B,No
C05350,B,No
C05351,B,No
C05352,A,No
C05353,A,No
C05354,B,No
C05355,A,No
C05356,A,No
C05357,A,No
C05358,A,No
C05359,A,No
C05360,A,No
C05361,B,No
C05362,A,No
C05363,B,No
C05364,B,No
C05365,A,No
C05366,B,No
C05367,A,No
C05368,A,No
C05369,A,No
C05370,B,No
C05371,A,No
C05372,B,No
C05373,A,No
C05374,A,No
C05375,B,No
C05376,B,No
C05377,B,No
C05378,B,No
C05379,A,No
C05380,A,No
C05381,B,No
C05382,B,No
C05383,B,No
C05384,B,No
C05385,B,No
C05386,A,No
C05387,B,No
C05388,A,No
C05389,A,No
C05390,B,No
C05391,B,No
C05392,A,Yes
C05393,A,No
C05394,B,No
C05395,B,No
C05396,A,Yes
C05397,A,No
C05398,B,No
C05399,A,No
C05400,B,No
C05401,B,No
C05402,B,No
C05403,B,No
C05404,A,Yes
C05405,B,No
C05406,A,No
C05407,A,No
C05408,A,No
C05409,B,No
C05410,A,No
C05411,B,No
C05412,B,No
C05413,A,No
C05414,A,No
C05415,B,No
C05416,A,Yes
C05417,A,No
C05418,B,No
C05419,A,No
C05420,A,No
C05421,B,No
C05422,B,No
C05423,B,No
C05424,A,No
C05425,B,No
C05426,A,No
C05427,A,No
C05428,B,No
C05429,A,No
C05430,A,No
C05431,B,No
C05432,A,No
C05433,B,No
C05434,B,No
C05435,B,No
C05436,B,Yes
C05437,B,No
C05438,B,Yes
C05439,A,No
C05440,A,No
C05441,B,No
C05442,A,No
C05443,A,No
C05444,B,No
C05445,B,No
C05446,A,No
C05447,A,No
C05448,B,No
C05449,A,No
C05450,B,No
C05451,B,No
C05452,A,No
C05453,A,No
C05454,B,No
C05455,A,No
C05456,A,No
C05457,B,No
C05458,B,No
C05459,B,No
C05460,B,No
C05461,B,No
C05462,B,No
C05463,B,No
C05464,B,No
C05465,B,No
C05466,B,No
C05467,A,No
C05468,B,No
C05469,B,No
C05470,A,No
C05471,B,No
C05472,A,No
C05473,B,No
C05474,B,No
C05475,A,No
C05476,B,No
C05477,A,No
C05478,B,No
C05479,B,No
C05480,A,No
C05481,B,No
C05482,B,No
C05483,B,No
C05484,A,No
C05485,A,No
C05486,B,No
C05487,A,No
C05488,A,No
C05489,A,Yes
C05490,A,No
C05491,B,No
C05492,A,No
C05493,B,No
C05494,B,No
C05495,B,Yes
C05496,B,No
C05497,A,No
C05498,A,No
C05499,A,No
C05500,A,No
C05501,B,No
C05502,A,No
C05503,B,No
C05504,B,No
C05505,B,No
C05506,A,No
C05507,A,No
C05508,B,No
C05509,A,No
C05510,A,No
C05511,A,No
C05512,B,No
C05513,A,No
C05514,A,No
C05515,B,No
C05516,A,No
C05517,A,No
C05518,B,No
C05519,A,No
C05520,A,No
C05521,B,No
C05522,A,No
C05523,A,No
C05524,B,No
C05525,B,No
C05526,A,No
C05527,A,No
C05528,A,No
C05529,B,No
C05530,B,No
C05531,B,No
C05532,A,No
C05533,A,No
C05534,A,No
C05535,A,No
C05536,A,No
C05537,A,No
C05538,B,No
C05539,B,No
C05540,A,No
C05541,B,No
C05542,A,No
C05543,B,No
C05544,B,No
C05545,A,No
C05546,B,No
C05547,B,No
C05548,B,No
C05549,A,No
C05550,B,No
C05551,B,No
C05552,B,No
C05553,A,No
C05554,B,No
C05555,B,No
C05556,A,No
C05557,A,No
C05558,A,No
C05559,B,No
C05560,A,No
C05561,A,No
C05562,B,No
C05563,A,No
C05564,A,No
C05565,B,No
C05566,A,No
C05567,B,No
C05568,B,No
C05569,A,No
C05570,A,No
C05571,A,No
C05572,A,No
C05573,A,No
C05574,A,No
C05575,B,No
C05576,A,No
C05577,A,No
C05578,B,No
C05579,B,No
C05580,A,No
C05581,A,No
C05582,B,No
C05583,A,No
C05584,B,No
C05585,B,No
C05586,B,No
C05587,A,No
C05588,B,No
C05589,B,No
C05590,A,No
C05591,B,No
C05592,A,No
C05593,A,No
C05594,A,No
C05595,A,No
C05596,B,No
C05597,B,No
C05598,A,No
C05599,A,No
C05600,B,No
C05601,A,No
C05602,A,No
C05603,B,No
C05604,B,No
C05605,A,No
C05606,B,No
C05607,B,No
C05608,B,No
C05609,A,No
C05610,B,No
C05611,A,No
C05612,A,No
C05613,A,No
C05614,A,No
C05615,B,No
C05616,B,No
C05617,B,No
C05618,A,No
C05619,A,No
C05620,A,No
C05621,A,Yes
C05622,A,No
C05623,B,No
C05624,B,No
C05625,A,Yes
C05626,B,No
C05627,A,No
C05628,B,No
C05629,A,No
C05630,A,No
C05631,A,No
C05632,B,No
C05633,A,No
C05634,B,No
C05635,B,No
C05636,B,No
C05637,A,No
C05638,B,No
C05639,B,No
C05640,B,No
C05641,A,No
C05642,B,No
C05643,B,No
C05644,A,No
C05645,A,No
C05646,B,No
C05647,B,No
C05648,B,No
C05649,A,No
C05650,A,No
C05651,B,No
C05652,A,No
C05653,A,No
C05654,A,No
C05655,B,No
C05656,B,Yes
C05657,B,No
C05658,A,No
C05659,A,No
C05660,A,No
C05661,A,No
C05662,B,No
C05663,A,No
C05664,A,No
C05665,A,No
C05666,A,No
C05667,A,No
C05668,B,Yes
C05669,A,No
C05670,B,No
C05671,B,No
C05672,A,No
C05673,A,No
C05674,B,No
C05675,A,No
C05676,A,No
C05677,A,No
C05678,B,No
C05679,A,No
C05680,A,No
C05681,A,No
C05682,B,No
C05683,B,Yes
C05684,B,No
C05685,B,No
C05686,A,No
C05687,B,No
C05688,B,Yes
C05689,B,No
C05690,A,No
C05691,A,No
C05692,A,No
C05693,A,No
C05694,B,No
C05695,A,No
C05696,A,No
C05697,A,No
C05698,A,No
C05699,B,No
C05700,A,No
C05701,B,No
C05702,A,No
C05703,B,No
C05704,A,No
C05705,B,No
C05706,B,No
C05707,B,No
C05708,A,No
C05709,A,No
C05710,A,No
C05711,B,Yes
C05712,B,No
C05713,B,No
C05714,B,No
C05715,B,No
C05716,A,No
C05717,A,No
C05718,A,No
C05719,A,No
C05720,B,No
C05721,B,No
C05722,A,No
C05723,B,No
C05724,B,No
C05725,A,No
C05726,B,No
C05727,B,No
C05728,A,No
C05729,A,No
C05730,B,No
C05731,A,No
C05732,A,No
C05733,A,No
C05734,B,No
C05735,B,No
C05736,B,No
C05737,A,No
C05738,B,No
C05739,A,No
C05740,A,No
C05741,A,No
C05742,A,No
C05743,B,No
C05744,A,No
C05745,B,No
C05746,B,No
C05747,A,No
C05748,B,Yes
C05749,B,No
C05750,B,No
C05751,B,Yes
C05752,B,No
C05753,B,No
C05754,B,No
C05755,A,No
C05756,B,No
C05757,B,No
C05758,B,No
C05759,B,No
C05760,B,No
C05761,A,No
C05762,A,No
C05763,A,No
C05764,A,No
C05765,B,No
C05766,A,No
C05767,B,No
C05768,B,Yes
C05769,A,No
C05770,B,No
C05771,B,No
C05772,A,No
C05773,A,No
C05774,A,No
C05775,B,No
C05776,A,No
C05777,A,No
C05778,A,No
C05779,A,No
C05780,A,No
C05781,A,No
C05782,A,No
C05783,A,No
C05784,B,No
C05785,A,No
C05786,B,No
C05787,A,No
C05788,B,No
C05789,A,No
C05790,A,No
C05791,A,No
C05792,B,No
C05793,B,No
C05794,B,No
C05795,A,Yes
C05796,B,No
C05797,A,No
C05798,B,No
C05799,B,No
C05800,B,No
C05801,B,No
C05802,A,No
C05803,B,No
C05804,A,No
C05805,B,No
C05806,B,No
C05807,B,No
C05808,A,No
C05809,A,No
C05810,A,No
C05811,B,Yes
C05812,B,No
C05813,B,No
C05814,A,No
C05815,A,No
C05816,A,No
C05817,B,No
C05818,B,No
C05819,A,No
C05820,B,No
C05821,A,No
C05822,A,No
C05823,A,No
C05824,B,No
C05825,A,No
C05826,A,No
C05827,B,No
C05828,A,No
C05829,A,No
C05830,A,No
C05831,B,No
C05832,B,No
C05833,A,No
C05834,B,No
C05835,A,No
C05836,B,No
C05837,A,No
C05838,B,No
C05839,B,No
C05840,B,No
C05841,A,No
C05842,A,No
C05843,B,No
C05844,A,No
C05845,A,No
C05846,A,No
C05847,A,No
C05848,B,No
C05849,A,No
C05850,A,No
C05851,B,No
C05852,A,No
C05853,A,No
C05854,A,No
C05855,A,No
C05856,A,No
C05857,A,No
C05858,B,No
C05859,A,No
C05860,B,No
C05861,A,No
C05862,B,No
C05863,A,No
C05864,A,No
C05865,A,No
C05866,A,No
C05867,B,No
C05868,B,No
C05869,A,No
C05870,A,No
C05871,A,No
C05872,B,No
C05873,A,No
C05874,B,No
C05875,A,No
C05876,A,No
C05877,A,No
C05878,A,No
C05879,B,No
C05880,A,No
C05881,A,Yes
C05882,B,No
C05883,B,No
C05884,A,No
C05885,A,No
C05886,A,No
C05887,B,No
C05888,A,No
C05889,A,No
C05890,A,No
C05891,B,No
C05892,A,No
C05893,A,No
C05894,A,No
C05895,A,No
C05896,A,No
C05897,A,No
C05898,A,No
C05899,B,No
C05900,A,No
C05901,A,No
C05902,B,No
C05903,B,No
C05904,A,No
C05905,A,No
C05906,A,No
C05907,A,No
C05908,A,No
C05909,A,No
C05910,B,No
C05911,B,No
C05912,B,No
C05913,A,No
C05914,A,No
C05915,B,No
C05916,A,Yes
C05917,B,No
C05918,A,No
C05919,A,No
C05920,A,No
C05921,B,No
C05922,B,No
C05923,A,No
C05924,B,No
C05925,B,No
C05926,A,No
C05927,B,No
C05928,A,No
C05929,B,No
C05930,A,No
C05931,B,No
C05932,B,No
C05933,B,No
C05934,B,No
C05935,B,No
C05936,B,No
C05937,B,No
C05938,B,No
C05939,A,No
C05940,B,No
C05941,B,No
C05942,A,No
C05943,A,No
C05944,B,Yes
C05945,B,No
C05946,A,No
C05947,A,No
C05948,A,No
C05949,A,No
C05950,B,No
C05951,A,No
C05952,B,No
C05953,B,No
C05954,A,No
C05955,B,No
C05956,B,No
C05957,B,No
C05958,A,No
C05959,A,No
C05960,A,No
C05961,B,No
C05962,B,No
C05963,B,No
C05964,A,No
C05965,B,No
C05966,B,Yes
C05967,A,No
C05968,A,No
C05969,A,No
C05970,B,No
C05971,A,No
C05972,A,No
C05973,A,No
C05974,A,No
C05975,A,No
C05976,B,No
C05977,B,No
C05978,B,No
C05979,B,Yes
C05980,B,No
C05981,A,No
C05982,A,No
C05983,A,No
C05984,B,No
C05985,B,No
C05986,B,No
C05987,A,No
C05988,A,No
C05989,B,No
C05990,A,No
C05991,A,No
C05992,A,Yes
C05993,B,No
C05994,B,No
C05995,A,No
C05996,A,No
C05997,A,No
C05998,B,Yes
C05999,A,No
C06000,B,No
C06001,A,No
C06002,B,No
C06003,B,No
C06004,B,No
C06005,A,No
C06006,B,No
C06007,A,No
C06008,A,No
C06009,A,No
C06010,B,No
C06011,B,No
C06012,B,No
C06013,B,No
C06014,A,No
C06015,B,No
C06016,A,No
C06017,B,No
C06018,B,No
C06019,B,No
C06020,A,Yes
C06021,B,No
C06022,B,No
C06023,B,No
C06024,B,No
C06025,B,No
C06026,A,No
C06027,B,No
C06028,A,No
C06029,B,No
C06030,A,No
C06031,B,No
C06032,A,No
C06033,B,No
C06034,B,No
C06035,A,No
C06036,A,No
C06037,B,No
C06038,A,No
C06039,B,No
C06040,A,No
C06041,A,No
C06042,A,No
C06043,B,No
C06044,B,No
C06045,B,No
C06046,B,No
C06047,B,No
C06048,B,No
C06049,B,No
C06050,A,No
C06051,B,No
C06052,A,No
C06053,B,No
C06054,B,No
C06055,B,No
C06056,B,No
C06057,B,No
C06058,A,No
C06059,A,No
C06060,B,No
C06061,A,No
C06062,A,No
C06063,B,No
C06064,A,No
C06065,A,No
C06066,A,No
C06067,B,No
C06068,B,No
C06069,A,No
C06070,A,No
C06071,A,No
C06072,A,No
C06073,A,No
C06074,A,No
C06075,B,No
C06076,B,No
C06077,B,No
C06078,A,No
C06079,B,No
C06080,A,No
C06081,A,No
C06082,A,No
C06083,B,No
C06084,A,No
C06085,A,No
C06086,A,Yes
C06087,B,No
C06088,B,No
C06089,B,No
C06090,B,No
C06091,B,No
C06092,A,No
C06093,A,No
C06094,A,No
C06095,A,No
C06096,B,No
C06097,A,No
C06098,B,No
C06099,A,No
C06100,B,No
C06101,B,No
C06102,A,No
C06103,B,No
C06104,B,Yes
C06105,B,Yes
C06106,B,No
C06107,B,No
C06108,B,No
C06109,B,No
C06110,B,Yes
C06111,B,No
C06112,A,No
C06113,A,No
C06114,A,No
C06115,B,No
C06116,A,No
C06117,B,No
C06118,A,No
C06119,B,No
C06120,B,No
C06121,A,No
C06122,B,No
C06123,B,No
C06124,B,No
C06125,B,No
C06126,B,No
C06127,A,No
C06128,B,No
C06129,A,No
C06130,B,No
C06131,B,No
C06132,B,No
C06133,B,No
C06134,B,No
C06135,B,No
C06136,A,No
C06137,B,No
C06138,A,No
C06139,B,No
C06140,B,No
C06141,B,No
C06142,A,No
C06143,B,No
C06144,A,No
C06145,A,No
C06146,B,No
C06147,A,No
C06148,B,No
C06149,B,No
C06150,B,No
C06151,A,No
C06152,A,No
C06153,A,No
C06154,B,No
C06155,A,No
C06156,A,No
C06157,A,No
C06158,A,No
C06159,B,No
C06160,B,No
C06161,A,No
C06162,B,No
C06163,B,No
C06164,A,No
C06165,A,No
C06166,B,No
C06167,B,No
C06168,B,No
C06169,B,No
C06170,B,No
C06171,A,No
C06172,B,No
C06173,B,No
C06174,B,No
C06175,B,No
C06176,B,No
C06177,B,No
C06178,B,No
C06179,B,No
C06180,B,No
C06181,B,No
C06182,A,No
C06183,A,No
C06184,A,No
C06185,A,No
C06186,A,No
C06187,A,No
C06188,A,No
C06189,B,No
C06190,B,No
C06191,B,No
C06192,A,No
C06193,A,No
C06194,A,Yes
C06195,B,No
C06196,A,No
C06197,A,No
C06198,A,No
C06199,A,No
C06200,B,No
C06201,A,No
C06202,B,No
C06203,B,No
C06204,A,No
C06205,A,Yes
C06206,A,No
C06207,B,No
C06208,B,No
C06209,A,No
C06210,B,No
C06211,A,No
C06212,A,No
C06213,B,No
C06214,A,No
C06215,A,Yes
C06216,A,No
C06217,A,No
C06218,B,No
C06219,B,No
C06220,A,No
C06221,B,No
C06222,B,No
C06223,B,No
C06224,B,No
C06225,A,No
C06226,A,No
C06227,B,No
C06228,A,No
C06229,B,No
C06230,B,No
C06231,A,No
C06232,A,No
C06233,B,No
C06234,A,No
C06235,A,No
C06236,B,No
C06237,B,No
C06238,A,No
C06239,B,No
C06240,A,No
C06241,B,No
C06242,A,No
C06243,A,No
C06244,A,No
C06245,B,No
C06246,B,No
C06247,B,No
C06248,B,No
C06249,A,No
C06250,A,No
C06251,B,No
C06252,B,No
C06253,B,No
C06254,A,No
C06255,A,No
C06256,A,No
C06257,B,No
C06258,B,No
C06259,B,No
C06260,B,No
C06261,A,No
C06262,A,Yes
C06263,B,No
C06264,B,No
C06265,A,No
C06266,A,No
C06267,B,No
C06268,A,No
C06269,A,No
C06270,B,No
C06271,A,No
C06272,B,No
C06273,B,No
C06274,B,No
C06275,A,No
C06276,A,No
C06277,A,No
C06278,A,No
C06279,A,No
C06280,A,No
C06281,A,No
C06282,B,No
C06283,A,No
C06284,A,No
C06285,A,No
C06286,B,No
C06287,A,No
C06288,A,No
C06289,A,No
C06290,B,No
C06291,B,No
C06292,B,No
C06293,B,No
C06294,B,No
C06295,A,No
C06296,A,No
C06297,A,No
C06298,A,Yes
C06299,B,No
C06300,A,No
C06301,B,No
C06302,A,No
C06303,A,No
C06304,B,No
C06305,B,No
C06306,A,No
C06307,A,No
C06308,A,No
C06309,A,No
C06310,B,No
C06311,A,No
C06312,A,No
C06313,B,No
C06314,A,No
C06315,B,No
C06316,A,No
C06317,B,No
C06318,B,No
C06319,B,No
C06320,B,No
C06321,A,No
C06322,B,No
C06323,A,No
C06324,B,No
C06325,B,No
C06326,A,No
C06327,A,No
C06328,A,No
C06329,B,No
C06330,A,No
C06331,B,No
C06332,B,No
C06333,B,No
C06334,B,No
C06335,A,No
C06336,A,No
C06337,B,No
C06338,A,No
C06339,A,No
C06340,B,No
C06341,B,No
C06342,A,No
C06343,B,No
C06344,A,No
C06345,B,No
C06346,B,No
C06347,B,No
C06348,A,No
C06349,A,No
C06350,B,No
C06351,B,No
C06352,B,No
C06353,A,No
C06354,A,No
C06355,B,No
C06356,B,No
C06357,B,No
C06358,B,No
C06359,B,No
C06360,A,No
C06361,A,No
C06362,B,No
C06363,A,No
C06364,A,No
C06365,A,No
C06366,A,No
C06367,A,No
C06368,A,No
C06369,A,No
C06370,A,No
C06371,A,No
C06372,A,No
C06373,A,No
C06374,B,No
C06375,A,No
C06376,B,No
C06377,A,No
C06378,A,No
C06379,A,No
C06380,B,No
C06381,B,No
C06382,B,No
C06383,A,No
C06384,B,No
C06385,A,No
C06386,A,No
C06387,B,No
C06388,A,No
C06389,A,Yes
C06390,A,No
C06391,B,No
C06392,A,No
C06393,A,No
C06394,B,No
C06395,A,No
C06396,A,No
C06397,A,No
C06398,B,No
C06399,A,No
C06400,B,No
C06401,B,No
C06402,B,No
C06403,A,No
C06404,A,No
C06405,B,No
C06406,A,Yes
C06407,B,No
C06408,B,No
C06409,B,No
C06410,A,No
C06411,A,No
C06412,A,No
C06413,B,No
C06414,A,No
C06415,A,No
C06416,A,No
C06417,B,No
C06418,A,No
C06419,A,No
C06420,B,No
C06421,B,No
C06422,B,No
C06423,A,No
C06424,A,No
C06425,B,No
C06426,A,No
C06427,A,No
C06428,B,No
C06429,A,No
C06430,B,No
C06431,B,Yes
C06432,A,No
C06433,A,No
C06434,A,No
C06435,B,No
C06436,B,No
C06437,A,No
C06438,B,No
C06439,B,No
C06440,B,No
C06441,B,No
C06442,B,No
C06443,A,No
C06444,A,No
C06445,B,No
C06446,A,No
C06447,B,No
C06448,B,No
C06449,B,No
C06450,B,No
C06451,B,No
C06452,A,No
C06453,B,No
C06454,B,No
C06455,A,No
C06456,A,No
C06457,A,No
C06458,A,No
C06459,A,No
C06460,B,No
C06461,B,No
C06462,A,No
C06463,B,No
C06464,B,No
C06465,A,Yes
C06466,B,No
C06467,B,No
C06468,B,Yes
C06469,A,No
C06470,B,No
C06471,A,No
C06472,A,No
C06473,B,No
C06474,B,No
C06475,A,No
C06476,A,No
C06477,A,No
C06478,A,No
C06479,A,No
C06480,B,No
C06481,A,No
C06482,A,No
C06483,B,No
C06484,B,No
C06485,B,No
C06486,A,Yes
C06487,A,No
C06488,A,No
C06489,B,No
C06490,A,No
C06491,B,No
C06492,A,No
C06493,A,No
C06494,B,No
C06495,A,No
C06496,B,No
C06497,A,No
C06498,B,No
C06499,A,No
C06500,A,No
C06501,A,No
C06502,B,No
C06503,A,No
C06504,A,No
C06505,A,No
C06506,A,No
C06507,A,No
C06508,A,No
C06509,B,No
C06510,A,No
C06511,A,No
C06512,B,No
C06513,A,No
C06514,A,No
C06515,B,No
C06516,A,No
C06517,B,No
C06518,A,Yes
C06519,B,No
C06520,A,No
C06521,A,Yes
C06522,B,No
C06523,B,No
C06524,A,No
C06525,B,No
C06526,A,No
C06527,A,No
C06528,A,No
C06529,A,No
C06530,B,No
C06531,A,No
C06532,B,No
C06533,B,No
C06534,B,No
C06535,A,No
C06536,A,No
C06537,B,No
C06538,A,No
C06539,A,No
C06540,A,No
C06541,B,No
C06542,B,No
C06543,A,No
C06544,A,No
C06545,A,No
C06546,B,No
C06547,B,No
C06548,A,No
C06549,B,No
C06550,A,No
C06551,A,No
C06552,B,No
C06553,A,No
C06554,B,No
C06555,A,Yes
C06556,B,No
C06557,A,No
C06558,A,No
C06559,B,No
C06560,A,No
C06561,A,No
C06562,A,No
C06563,B,No
C06564,A,No
C06565,B,No
C06566,B,No
C06567,B,No
C06568,A,No
C06569,A,No
C06570,A,No
C06571,B,No
C06572,A,No
C06573,A,No
C06574,B,No
C06575,A,No
C06576,A,No
C06577,A,No
C06578,B,No
C06579,B,No
C06580,A,Yes
C06581,A,No
C06582,A,No
C06583,B,No
C06584,B,No
C06585,A,No
C06586,B,No
C06587,A,No
C06588,A,No
C06589,A,No
C06590,B,No
C06591,B,No
C06592,B,No
C06593,B,No
C06594,B,No
C06595,B,No
C06596,B,No
C06597,B,No
C06598,B,No
C06599,A,No
C06600,A,No
C06601,B,No
C06602,B,No
C06603,B,No
C06604,A,No
C06605,A,No
C06606,A,No
C06607,A,No
C06608,B,No
C06609,B,Yes
C06610,B,No
C06611,B,Yes
C06612,A,No
C06613,A,No
C06614,A,No
C06615,A,No
C06616,A,No
C06617,B,No
C06618,B,No
C06619,A,No
C06620,A,No
C06621,A,No
C06622,B,No
C06623,A,No
C06624,B,No
C06625,B,No
C06626,A,No
C06627,B,No
C06628,B,No
C06629,A,No
C06630,B,No
C06631,A,No
C06632,A,No
C06633,A,No
C06634,A,No
C06635,A,No
C06636,A,No
C06637,A,No
C06638,A,No
C06639,B,No
C06640,A,No
C06641,A,No
C06642,B,Yes
C06643,A,No
C06644,B,No
C06645,B,No
C06646,B,No
C06647,B,No
C06648,A,No
C06649,A,No
C06650,B,No
C06651,A,No
C06652,B,No
C06653,A,Yes
C06654,B,No
C06655,A,No
C06656,A,No
C06657,A,No
C06658,A,Yes
C06659,A,No
C06660,A,Yes
C06661,A,No
C06662,A,No
C06663,A,No
C06664,B,No
C06665,B,No
C06666,B,Yes
C06667,B,No
C06668,A,No
C06669,B,No
C06670,A,Yes
C06671,A,No
C06672,A,No
C06673,B,No
C06674,B,No
C06675,A,No
C06676,B,No
C06677,B,No
C06678,B,No
C06679,B,No
C06680,A,No
C06681,B,No
C06682,B,No
C06683,A,No
C06684,B,No
C06685,B,No
C06686,B,No
C06687,B,No
C06688,A,No
C06689,B,No
C06690,A,No
C06691,A,No
C06692,B,No
C06693,B,No
C06694,A,No
C06695,A,No
C06696,B,No
C06697,A,No
C06698,A,No
C06699,B,No
C06700,B,No
C06701,B,No
C06702,B,Yes
C06703,A,No
C06704,A,No
C06705,A,No
C06706,A,No
C06707,A,No
C06708,B,No
C06709,B,No
C06710,A,No
C06711,A,No
C06712,A,No
C06713,B,No
C06714,A,No
C06715,A,No
C06716,A,No
C06717,A,No
C06718,A,No
C06719,A,No
C06720,B,No
C06721,A,No
C06722,A,No
C06723,A,No
C06724,B,No
C06725,B,No
C06726,B,No
C06727,B,No
C06728,B,No
C06729,B,No
C06730,A,No
C06731,B,No
C06732,B,No
C06733,B,No
C06734,A,No
C06735,A,No
C06736,B,No
C06737,A,No
C06738,A,No
C06739,B,No
C06740,A,No
C06741,B,No
C06742,A,No
C06743,B,No
C06744,B,No
C06745,A,No
C06746,A,No
C06747,A,No
C06748,B,Yes
C06749,A,No
C06750,A,Yes
C06751,A,No
C06752,A,No
C06753,B,No
C06754,B,No
C06755,B,No
C06756,A,No
C06757,B,No
C06758,B,Yes
C06759,B,No
C06760,A,No
C06761,B,No
C06762,B,No
C06763,A,No
C06764,A,No
C06765,B,No
C06766,A,No
C06767,B,Yes
C06768,A,No
C06769,A,No
C06770,B,No
C06771,A,No
C06772,B,No
C06773,A,No
C06774,A,No
C06775,A,No
C06776,B,No
C06777,A,No
C06778,A,No
C06779,A,No
C06780,A,No
C06781,B,No
C06782,B,No
C06783,B,No
C06784,A,No
C06785,A,No
C06786,B,No
C06787,A,No
C06788,A,No
C06789,B,No
C06790,A,No
C06791,A,No
C06792,A,No
C06793,A,No
C06794,A,No
C06795,A,No
C06796,B,No
C06797,B,No
C06798,A,No
C06799,B,No
C06800,B,No
C06801,B,No
C06802,B,No
C06803,B,No
C06804,B,No
C06805,B,No
C06806,A,No
C06807,A,No
C06808,A,No
C06809,B,No
C06810,A,No
C06811,B,No
C06812,A,No
C06813,A,No
C06814,B,Yes
C06815,B,No
C06816,B,No
C06817,B,No
C06818,B,No
C06819,A,No
C06820,A,No
C06821,A,No
C06822,B,No
C06823,B,No
C06824,A,No
C06825,A,No
C06826,A,No
C06827,A,No
C06828,B,No
C06829,B,No
C06830,A,No
C06831,B,No
C06832,A,No
C06833,B,No
C06834,A,No
C06835,B,No
C06836,B,No
C06837,A,No
C06838,A,Yes
C06839,A,No
C06840,A,No
C06841,B,No
C06842,B,Yes
C06843,A,No
C06844,A,No
C06845,B,No
C06846,B,No
C06847,A,No
C06848,A,No
C06849,B,No
C06850,A,No
C06851,A,No
C06852,B,No
C06853,B,No
C06854,B,No
C06855,B,No
C06856,A,No
C06857,A,No
C06858,A,No
C06859,A,No
C06860,B,No
C06861,B,No
C06862,A,No
C06863,A,No
C06864,B,No
C06865,A,No
C06866,B,No
C06867,A,No
C06868,A,No
C06869,B,No
C06870,B,No
C06871,B,No
C06872,B,No
C06873,A,No
C06874,A,No
C06875,B,No
C06876,A,No
C06877,A,No
C06878,B,Yes
C06879,B,No
C06880,B,No
C06881,A,No
C06882,B,No
C06883,A,No
C06884,B,No
C06885,A,No
C06886,A,No
C06887,A,No
C06888,A,No
C06889,A,No
C06890,A,No
C06891,B,No
C06892,A,No
C06893,B,No
C06894,A,No
C06895,A,No
C06896,B,No
C06897,A,No
C06898,A,No
C06899,B,No
C06900,A,No
C06901,A,No
C06902,A,No
C06903,B,Yes
C06904,B,Yes
C06905,A,No
C06906,B,No
C06907,B,No
C06908,B,No
C06909,B,No
C06910,A,No
C06911,A,No
C06912,A,No
C06913,A,No
C06914,B,No
C06915,B,No
C06916,A,No
C06917,A,No
C06918,A,No
C06919,B,No
C06920,B,No
C06921,B,No
C06922,A,No
C06923,A,No
C06924,A,No
C06925,B,No
C06926,B,No
C06927,A,No
C06928,B,No
C06929,B,No
C06930,B,No
C06931,A,No
C06932,B,No
C06933,A,No
C06934,A,No
C06935,A,No
C06936,B,Yes
C06937,A,No
C06938,A,No
C06939,B,No
C06940,B,No
C06941,B,No
C06942,A,No
C06943,A,No
C06944,B,No
C06945,B,No
C06946,A,No
C06947,A,No
C06948,A,No
C06949,A,No
C06950,B,No
C06951,B,No
C06952,A,No
C06953,A,No
C06954,B,No
C06955,A,No
C06956,B,No
C06957,A,No
C06958,A,No
C06959,A,No
C06960,B,No
C06961,B,No
C06962,A,No
C06963,B,No
C06964,A,No
C06965,A,No
C06966,A,No
C06967,B,No
C06968,B,No
C06969,A,No
C06970,B,No
C06971,B,No
C06972,A,No
C06973,B,No
C06974,A,No
C06975,B,No
C06976,A,No
C06977,A,No
C06978,B,No
C06979,B,No
C06980,B,No
C06981,A,No
C06982,B,No
C06983,A,No
C06984,A,No
C06985,B,No
C06986,A,No
C06987,B,No
C06988,A,No
C06989,A,No
C06990,A,No
C06991,B,No
C06992,B,No
C06993,A,No
C06994,B,No
C06995,A,No
C06996,B,No
C06997,A,No
C06998,B,Yes
C06999,B,No
C07000,B,No
C07001,B,No
C07002,A,No
C07003,A,No
C07004,A,No
C07005,B,No
C07006,B,No
C07007,A,No
C07008,B,No
C07009,A,No
C07010,B,No
C07011,A,No
C07012,A,No
C07013,B,No
C07014,B,No
C07015,B,No
C07016,A,No
C07017,A,No
C07018,B,No
C07019,B,No
C07020,B,No
C07021,A,No
C07022,A,No
C07023,B,No
C07024,A,No
C07025,B,No
C07026,A,No
C07027,B,No
C07028,A,No
C07029,B,No
C07030,A,No
C07031,A,No
C07032,A,No
C07033,A,No
C07034,B,No
C07035,B,No
C07036,A,No
C07037,A,No
C07038,A,Yes
C07039,A,No
C07040,B,No
C07041,B,No
C07042,B,No
C07043,B,No
C07044,A,No
C07045,B,No
C07046,A,No
C07047,B,No
C07048,B,No
C07049,B,No
C07050,B,No
C07051,B,No
C07052,B,No
C07053,B,Yes
C07054,A,No
C07055,A,No
C07056,B,No
C07057,A,No
C07058,B,No
C07059,A,No
C07060,A,No
C07061,B,No
C07062,A,No
C07063,A,No
C07064,B,No
C07065,B,No
C07066,A,No
C07067,A,No
C07068,B,No
C07069,B,No
C07070,A,No
C07071,A,No
C07072,A,No
C07073,A,No
C07074,B,No
C07075,A,No
C07076,B,No
C07077,A,No
C07078,B,No
C07079,A,No
C07080,B,No
C07081,B,No
C07082,A,No
C07083,B,No
C07084,B,Yes
C07085,B,No
C07086,B,No
C07087,B,No
C07088,B,No
C07089,A,No
C07090,B,No
C07091,A,No
C07092,A,Yes
C07093,B,No
C07094,A,No
C07095,A,No
C07096,B,No
C07097,A,No
C07098,A,No
C07099,A,No
C07100,A,No
C07101,B,No
C07102,B,No
C07103,A,No
C07104,A,No
C07105,A,No
C07106,B,No
C07107,A,Yes
C07108,A,No
C07109,A,No
C07110,B,No
C07111,B,No
C07112,B,No
C07113,A,No
C07114,A,No
C07115,A,No
C07116,B,No
C07117,A,No
C07118,B,No
C07119,A,No
C07120,B,No
C07121,B,No
C07122,A,No
C07123,B,No
C07124,B,No
C07125,B,No
C07126,B,No
C07127,A,No
C07128,A,No
C07129,A,No
C07130,A,No
C07131,A,No
C07132,A,No
C07133,A,No
C07134,A,No
C07135,A,No
C07136,B,No
C07137,B,No
C07138,B,No
C07139,A,No
C07140,B,No
C07141,B,No
C07142,A,No
C07143,B,No
C07144,A,No
C07145,B,No
C07146,B,No
C07147,A,No
C07148,B,No
C07149,B,No
C07150,B,No
C07151,B,No
C07152,B,No
C07153,B,No
C07154,A,No
C07155,B,No
C07156,B,No
C07157,B,No
C07158,B,No
C07159,B,No
C07160,A,No
C07161,A,No
C07162,A,No
C07163,B,No
C07164,B,No
C07165,A,No
C07166,A,No
C07167,A,No
C07168,B,No
C07169,A,No
C07170,A,No
C07171,A,No
C07172,A,No
C07173,A,No
C07174,A,No
C07175,B,No
C07176,A,No
C07177,A,No
C07178,A,No
C07179,B,No
C07180,A,No
C07181,A,No
C07182,B,No
C07183,A,No
C07184,B,No
C07185,A,No
C07186,A,No
C07187,B,No
C07188,A,No
C07189,B,No
C07190,B,No
C07191,A,No
C07192,A,No
C07193,B,No
C07194,B,Yes
C07195,A,No
C07196,A,No
C07197,B,No
C07198,A,No
C07199,A,Yes
C07200,A,Yes
C07201,A,No
C07202,B,No
C07203,A,No
C07204,A,No
C07205,B,No
C07206,A,No
C07207,A,No
C07208,B,No
C07209,A,No
C07210,A,No
C07211,B,No
C07212,B,No
C07213,A,Yes
C07214,B,No
C07215,A,No
C07216,A,No
C07217,B,No
C07218,A,No
C07219,A,No
C07220,B,No
C07221,A,No
C07222,A,No
C07223,A,No
C07224,A,No
C07225,A,No
C07226,A,No
C07227,A,Yes
C07228,A,No
C07229,A,No
C07230,B,Yes
C07231,B,No
C07232,B,No
C07233,A,No
C07234,A,No
C07235,B,No
C07236,A,No
C07237,B,No
C07238,B,No
C07239,A,No
C07240,A,No
C07241,A,No
C07242,A,No
C07243,A,No
C07244,A,No
C07245,A,No
C07246,B,No
C07247,A,No
C07248,B,No
C07249,B,No
C07250,A,Yes
C07251,A,No
C07252,A,No
C07253,B,No
C07254,A,No
C07255,A,No
C07256,B,No
C07257,A,No
C07258,B,No
C07259,A,No
C07260,A,No
C07261,B,No
C07262,B,No
C07263,A,No
C07264,A,No
C07265,A,No
C07266,B,No
C07267,B,No
C07268,A,No
C07269,B,No
C07270,A,No
C07271,A,No
C07272,A,No
C07273,B,No
C07274,A,No
C07275,B,No
C07276,B,No
C07277,B,No
C07278,A,No
C07279,A,No
C07280,B,No
C07281,B,No
C07282,B,No
C07283,B,No
C07284,B,Yes
C07285,A,No
C07286,A,No
C07287,B,No
C07288,A,No
C07289,A,No
C07290,B,No
C07291,A,No
C07292,A,No
C07293,B,No
C07294,A,No
C07295,B,No
C07296,B,No
C07297,A,No
C07298,B,No
C07299,B,No
C07300,B,No
C07301,A,No
C07302,B,No
C07303,B,No
C07304,B,No
C07305,A,No
C07306,B,No
C07307,B,No
C07308,B,No
C07309,A,No
C07310,A,No
C07311,B,No
C07312,B,No
C07313,B,No
C07314,A,No
C07315,A,No
C07316,A,No
C07317,A,Yes
C07318,B,No
C07319,B,No
C07320,A,No
C07321,B,No
C07322,A,No
C07323,A,No
C07324,B,No
C07325,B,No
C07326,B,No
C07327,A,No
C07328,B,No
C07329,B,No
C07330,B,No
C07331,B,No
C07332,A,No
C07333,A,No
C07334,B,No
C07335,B,No
C07336,A,No
C07337,B,No
C07338,B,No
C07339,A,No
C07340,A,No
C07341,B,No
C07342,B,No
C07343,A,No
C07344,B,No
C07345,A,No
C07346,B,No
C07347,A,Yes
C07348,A,No
C07349,A,No
C07350,B,No
C07351,B,No
C07352,B,No
C07353,A,No
C07354,A,No
C07355,B,No
C07356,B,No
C07357,A,No
C07358,B,No
C07359,B,No
C07360,A,No
C07361,A,No
C07362,A,No
C07363,B,No
C07364,B,No
C07365,A,No
C07366,B,No
C07367,A,No
C07368,B,Yes
C07369,A,No
C07370,B,No
C07371,A,No
C07372,A,No
C07373,A,No
C07374,A,No
C07375,B,No
C07376,B,No
C07377,A,No
C07378,B,No
C07379,B,No
C07380,A,No
C07381,A,No
C07382,A,No
C07383,A,No
C07384,B,No
C07385,B,No
C07386,B,No
C07387,B,No
C07388,A,No
C07389,B,No
C07390,A,No
C07391,A,No
C07392,A,No
C07393,B,Yes
C07394,B,No
C07395,A,No
C07396,B,No
C07397,B,No
C07398,B,No
C07399,A,No
C07400,B,No
C07401,A,No
C07402,A,No
C07403,B,No
C07404,A,No
C07405,A,No
C07406,A,No
C07407,B,No
C07408,B,No
C07409,B,No
C07410,A,No
C07411,B,No
C07412,B,No
C07413,B,No
C07414,B,No
C07415,A,No
C07416,B,No
C07417,B,No
C07418,A,No
C07419,A,No
C07420,B,No
C07421,B,No
C07422,B,No
C07423,B,No
C07424,B,No
C07425,B,No
C07426,B,No
C07427,B,No
C07428,A,No
C07429,B,No
C07430,A,No
C07431,B,No
C07432,B,No
C07433,A,No
C07434,A,No
C07435,A,No
C07436,B,No
C07437,A,No
C07438,B,No
C07439,B,No
C07440,A,No
C07441,A,No
C07442,B,No
C07443,A,No
C07444,B,No
C07445,B,No
C07446,A,No
C07447,A,No
C07448,B,No
C07449,A,No
C07450,B,No
C07451,A,No
C07452,B,No
C07453,A,No
C07454,B,No
C07455,B,No
C07456,A,No
C07457,B,No
C07458,B,No
C07459,A,No
C07460,A,No
C07461,A,No
C07462,B,No
C07463,A,No
C07464,A,No
C07465,B,No
C07466,B,No
C07467,B,No
C07468,B,No
C07469,A,No
C07470,B,No
C07471,A,No
C07472,B,No
C07473,B,No
C07474,B,No
C07475,A,No
C07476,A,No
C07477,A,No
C07478,A,No
C07479,B,No
C07480,B,No
C07481,A,No
C07482,A,No
C07483,B,No
C07484,B,No
C07485,B,No
C07486,B,No
C07487,A,No
C07488,B,No
C07489,A,No
C07490,B,No
C07491,B,No
C07492,B,No
C07493,B,No
C07494,A,No
C07495,A,No
C07496,A,No
C07497,A,No
C07498,A,No
C07499,B,No
C07500,B,No
C07501,B,No
C07502,B,No
C07503,B,No
C07504,B,No
C07505,A,No
C07506,B,No
C07507,B,Yes
C07508,B,No
C07509,B,No
C07510,B,No
C07511,B,No
C07512,A,No
C07513,A,No
C07514,A,No
C07515,B,No
C07516,A,No
C07517,A,No
C07518,B,No
C07519,B,No
C07520,A,No
C07521,A,No
C07522,A,No
C07523,B,No
C07524,B,No
C07525,A,No
C07526,B,No
C07527,B,No
C07528,B,No
C07529,B,No
C07530,B,No
C07531,A,No
C07532,A,No
C07533,B,No
C07534,B,No
C07535,B,No
C07536,B,No
C07537,A,No
C07538,B,No
C07539,B,No
C07540,B,No
C07541,A,No
C07542,B,No
C07543,A,No
C07544,B,No
C07545,B,No
C07546,A,No
C07547,A,No
C07548,B,No
C07549,A,No
C07550,B,No
C07551,A,No
C07552,B,No
C07553,A,No
C07554,A,No
C07555,A,No
C07556,B,No
C07557,B,No
C07558,B,No
C07559,B,No
C07560,B,No
C07561,A,No
C07562,B,No
C07563,B,No
C07564,A,No
C07565,A,No
C07566,A,No
C07567,B,No
C07568,B,No
C07569,A,No
C07570,B,No
C07571,B,No
C07572,A,No
C07573,B,No
C07574,B,No
C07575,B,No
C07576,B,No
C07577,B,No
C07578,B,No
C07579,B,No
C07580,B,No
C07581,A,No
C07582,A,No
C07583,B,No
C07584,A,No
C07585,A,No
C07586,A,Yes
C07587,B,No
C07588,A,No
C07589,A,No
C07590,A,No
C07591,B,No
C07592,A,No
C07593,A,No
C07594,A,No
C07595,A,No
C07596,B,No
C07597,B,No
C07598,A,No
C07599,A,No
C07600,B,No
C07601,B,No
C07602,A,No
C07603,B,No
C07604,B,No
C07605,B,No
C07606,B,No
C07607,B,No
C07608,B,No
C07609,B,Yes
C07610,B,No
C07611,B,No
C07612,A,No
C07613,B,No
C07614,A,No
C07615,A,No
C07616,B,No
C07617,A,Yes
C07618,A,No
C07619,A,No
C07620,A,No
C07621,B,No
C07622,A,No
C07623,A,No
C07624,B,No
C07625,A,No
C07626,B,No
C07627,A,No
C07628,A,No
C07629,A,No
C07630,A,No
C07631,A,No
C07632,B,No
C07633,B,No
C07634,B,Yes
C07635,B,No
C07636,A,No
C07637,B,Yes
C07638,A,No
C07639,B,No
C07640,A,No
C07641,A,No
C07642,B,No
C07643,A,No
C07644,A,No
C07645,A,No
C07646,A,No
C07647,A,No
C07648,B,No
C07649,A,No
C07650,B,No
C07651,B,No
C07652,A,No
C07653,A,No
C07654,B,No
C07655,B,Yes
C07656,B,No
C07657,B,No
C07658,B,No
C07659,B,No
C07660,B,No
C07661,B,No
C07662,B,No
C07663,A,No
C07664,B,No
C07665,B,No
C07666,A,No
C07667,A,No
C07668,A,No
C07669,B,No
C07670,A,No
C07671,A,No
C07672,A,No
C07673,B,No
C07674,B,No
C07675,B,No
C07676,B,Yes
C07677,A,No
C07678,A,No
C07679,A,No
C07680,B,No
C07681,A,No
C07682,B,No
C07683,B,No
C07684,B,No
C07685,A,No
C07686,B,No
C07687,A,No
C07688,B,No
C07689,A,No
C07690,A,No
C07691,A,No
C07692,A,No
C07693,A,No
C07694,A,No
C07695,B,No
C07696,A,No
C07697,B,No
C07698,A,No
C07699,A,No
C07700,A,No
C07701,A,No
C07702,A,No
C07703,B,No
C07704,A,No
C07705,A,No
C07706,B,No
C07707,A,No
C07708,A,No
C07709,B,No
C07710,B,No
C07711,B,No
C07712,A,No
C07713,A,Yes
C07714,A,No
C07715,B,No
C07716,A,No
C07717,A,No
C07718,B,No
C07719,A,No
C07720,B,No
C07721,A,No
C07722,A,No
C07723,A,No
C07724,A,No
C07725,B,No
C07726,A,No
C07727,B,No
C07728,B,No
C07729,B,No
C07730,A,Yes
C07731,A,No
C07732,A,No
C07733,A,No
C07734,A,No
C07735,A,No
C07736,A,No
C07737,B,No
C07738,A,No
C07739,B,No
C07740,B,No
C07741,B,No
C07742,A,No
C07743,A,No
C07744,B,No
C07745,B,No
C07746,A,No
C07747,B,No
C07748,A,No
C07749,B,No
C07750,B,No
C07751,B,No
C07752,A,No
C07753,A,No
C07754,B,No
C07755,A,No
C07756,A,No
C07757,A,No
C07758,A,No
C07759,B,No
C07760,B,No
C07761,B,No
C07762,A,No
C07763,A,No
C07764,A,No
C07765,A,No
C07766,B,No
C07767,B,No
C07768,B,No
C07769,B,No
C07770,B,No
C07771,B,No
C07772,A,No
C07773,A,No
C07774,A,No
C07775,A,Yes
C07776,B,No
C07777,B,No
C07778,A,No
C07779,A,No
C07780,B,No
C07781,A,No
C07782,A,No
C07783,A,No
C07784,B,No
C07785,A,No
C07786,B,No
C07787,A,No
C07788,B,No
C07789,B,No
C07790,B,No
C07791,A,No
C07792,A,No
C07793,B,No
C07794,B,No
C07795,B,No
C07796,B,No
C07797,A,No
C07798,B,No
C07799,A,Yes
C07800,A,No
C07801,B,No
C07802,A,No
C07803,B,No
C07804,A,No
C07805,A,No
C07806,A,No
C07807,A,No
C07808,A,No
C07809,A,No
C07810,A,No
C07811,A,No
C07812,B,No
C07813,B,No
C07814,B,No
C07815,B,No
C07816,A,No
C07817,A,No
C07818,A,No
C07819,A,No
C07820,A,Yes
C07821,B,No
C07822,B,No
C07823,A,Yes
C07824,A,No
C07825,A,No
C07826,B,No
C07827,B,No
C07828,A,No
C07829,B,No
C07830,A,No
C07831,A,No
C07832,A,No
C07833,A,No
C07834,A,No
C07835,B,No
C07836,A,No
C07837,A,No
C07838,A,No
C07839,B,No
C07840,B,No
C07841,B,No
C07842,B,No
C07843,B,Yes
C07844,B,No
C07845,B,No
C07846,A,No
C07847,A,No
C07848,B,No
C07849,A,No
C07850,B,No
C07851,B,No
C07852,B,No
C07853,A,No
C07854,A,No
C07855,B,No
C07856,B,No
C07857,B,No
C07858,A,No
C07859,A,No
C07860,B,No
C07861,B,No
C07862,B,No
C07863,B,Yes
C07864,A,No
C07865,A,No
C07866,B,No
C07867,A,No
C07868,B,No
C07869,A,No
C07870,A,Yes
C07871,A,No
C07872,B,No
C07873,B,No
C07874,B,No
C07875,B,No
C07876,A,No
C07877,B,No
C07878,A,No
C07879,A,No
C07880,B,No
C07881,A,No
C07882,A,No
C07883,B,No
C07884,A,No
C07885,A,No
C07886,B,No
C07887,A,No
C07888,A,Yes
C07889,B,No
C07890,B,Yes
C07891,B,No
C07892,B,No
C07893,B,No
C07894,B,No
C07895,A,No
C07896,B,No
C07897,B,No
C07898,A,No
C07899,B,No
C07900,A,No
C07901,A,No
C07902,B,No
C07903,A,No
C07904,A,No
C07905,B,No
C07906,A,No
C07907,B,No
C07908,A,No
C07909,A,No
C07910,A,No
C07911,A,No
C07912,B,No
C07913,B,No
C07914,A,No
C07915,A,No
C07916,A,No
C07917,A,No
C07918,A,No
C07919,B,No
C07920,A,No
C07921,B,No
C07922,B,Yes
C07923,B,No
C07924,A,No
C07925,B,No
C07926,A,No
C07927,A,No
C07928,A,No
C07929,B,No
C07930,B,No
C07931,B,No
C07932,B,No
C07933,A,No
C07934,A,No
C07935,B,No
C07936,B,No
C07937,A,No
C07938,B,No
C07939,A,No
C07940,B,No
C07941,B,No
C07942,B,Yes
C07943,B,No
C07944,A,No
C07945,A,No
C07946,A,No
C07947,B,No
C07948,B,Yes
C07949,B,No
C07950,A,No
C07951,A,No
C07952,A,No
C07953,A,No
C07954,A,No
C07955,B,No
C07956,B,No
C07957,A,No
C07958,A,No
C07959,A,No
C07960,B,No
C07961,A,No
C07962,A,No
C07963,A,No
C07964,B,No
C07965,B,No
C07966,B,No
C07967,A,No
C07968,A,No
C07969,B,No
C07970,A,Yes
C07971,A,No
C07972,B,No
C07973,A,No
C07974,A,No
C07975,B,No
C07976,A,No
C07977,A,No
C07978,B,No
C07979,B,No
C07980,A,No
C07981,A,No
C07982,B,No
C07983,B,No
C07984,B,No
C07985,A,Yes
C07986,B,No
C07987,B,No
C07988,B,No
C07989,B,No
C07990,A,No
C07991,A,No
C07992,B,No
C07993,B,No
C07994,B,No
C07995,B,No
C07996,A,No
C07997,A,No
C07998,A,No
C07999,A,No
C08000,A,No
C08001,B,No
C08002,A,No
C08003,B,No
C08004,B,Yes
C08005,B,No
C08006,A,No
C08007,B,No
C08008,A,No
C08009,B,No
C08010,B,No
C08011,B,No
C08012,B,No
C08013,A,No
C08014,A,No
C08015,B,No
C08016,A,No
C08017,B,No
C08018,A,No
C08019,A,No
C08020,A,No
C08021,A,No
C08022,A,No
C08023,A,No
C08024,B,No
C08025,B,No
C08026,B,No
C08027,A,No
C08028,B,No
C08029,A,No
C08030,B,No
C08031,B,No
C08032,A,No
C08033,B,Yes
C08034,A,No
C08035,B,No
C08036,B,No
C08037,A,No
C08038,A,No
C08039,A,No
C08040,A,No
C08041,B,Yes
C08042,A,No
C08043,A,No
C08044,B,No
C08045,A,No
C08046,A,No
C08047,B,No
C08048,A,No
C08049,B,No
C08050,A,No
C08051,A,No
C08052,A,No
C08053,A,No
C08054,B,No
C08055,A,No
C08056,B,No
C08057,B,No
C08058,B,No
C08059,B,No
C08060,A,No
C08061,A,No
C08062,A,No
C08063,B,No
C08064,B,No
C08065,A,No
C08066,A,No
C08067,B,No
C08068,A,No
C08069,A,Yes
C08070,A,No
C08071,B,No
C08072,A,No
C08073,A,No
C08074,B,No
C08075,A,No
C08076,B,No
C08077,B,No
C08078,A,No
C08079,A,No
C08080,A,No
C08081,B,No
C08082,B,No
C08083,B,No
C08084,B,No
C08085,A,No
C08086,B,No
C08087,B,No
C08088,A,No
C08089,A,No
C08090,A,No
C08091,B,Yes
C08092,A,No
C08093,B,No
C08094,B,No
C08095,B,No
C08096,B,No
C08097,A,No
C08098,B,No
C08099,B,No
C08100,B,No
C08101,A,No
C08102,A,No
C08103,A,No
C08104,B,No
C08105,A,No
C08106,A,No
C08107,B,No
C08108,B,No
C08109,A,No
C08110,A,No
C08111,A,No
C08112,B,No
C08113,B,No
C08114,B,No
C08115,A,No
C08116,B,No
C08117,A,No
C08118,B,No
C08119,A,No
C08120,A,No
C08121,B,No
C08122,A,Yes
C08123,A,No
C08124,A,No
C08125,A,No
C08126,B,No
C08127,B,No
C08128,B,No
C08129,B,No
C08130,A,No
C08131,A,No
C08132,A,No
C08133,B,No
C08134,B,No
C08135,A,No
C08136,A,No
C08137,B,No
C08138,B,No
C08139,A,No
C08140,A,No
C08141,A,Yes
C08142,A,No
C08143,B,No
C08144,A,No
C08145,A,No
C08146,A,No
C08147,A,No
C08148,B,No
C08149,A,No
C08150,B,No
C08151,A,No
C08152,B,No
C08153,B,No
C08154,B,No
C08155,B,No
C08156,B,No
C08157,A,No
C08158,B,No
C08159,B,No
C08160,A,No
C08161,B,No
C08162,A,No
C08163,A,No
C08164,A,No
C08165,A,No
C08166,B,No
C08167,A,No
C08168,A,No
C08169,B,No
C08170,B,No
C08171,A,No
C08172,B,No
C08173,A,No
C08174,B,No
C08175,B,No
C08176,A,No
C08177,B,No
C08178,B,No
C08179,B,No
C08180,A,No
C08181,B,No
C08182,A,No
C08183,A,No
C08184,B,No
C08185,A,No
C08186,A,No
C08187,A,No
C08188,B,No
C08189,B,No
C08190,B,No
C08191,B,No
C08192,B,No
C08193,B,No
C08194,A,No
C08195,A,No
C08196,A,No
C08197,B,No
C08198,A,No
C08199,B,No
C08200,B,No
C08201,A,No
C08202,A,No
C08203,B,No
C08204,A,No
C08205,B,No
C08206,A,Yes
C08207,A,No
C08208,B,No
C08209,B,No
C08210,A,No
C08211,A,No
C08212,B,No
C08213,B,No
C08214,B,No
C08215,B,No
C08216,A,No
C08217,B,No
C08218,A,No
C08219,A,No
C08220,B,No
C08221,B,No
C08222,A,No
C08223,A,No
C08224,A,No
C08225,B,No
C08226,A,Yes
C08227,B,No
C08228,A,No
C08229,B,No
C08230,B,No
C08231,A,No
C08232,A,No
C08233,A,No
C08234,A,No
C08235,A,No
C08236,B,No
C08237,A,No
C08238,B,Yes
C08239,B,No
C08240,B,No
C08241,A,No
C08242,B,No
C08243,B,No
C08244,B,No
C08245,B,No
C08246,A,No
C08247,A,No
C08248,B,No
C08249,A,No
C08250,A,No
C08251,A,No
C08252,B,No
C08253,A,No
C08254,B,No
C08255,A,No
C08256,B,No
C08257,B,No
C08258,A,No
C08259,A,No
C08260,B,No
C08261,B,No
C08262,A,No
C08263,A,No
C08264,B,No
C08265,A,No
C08266,A,No
C08267,A,No
C08268,B,No
C08269,A,No
C08270,B,No
C08271,B,No
C08272,A,No
C08273,B,No
C08274,A,No
C08275,A,No
C08276,A,No
C08277,B,No
C08278,B,No
C08279,B,No
C08280,A,No
C08281,A,No
C08282,B,No
C08283,A,No
C08284,A,Yes
C08285,A,No
C08286,A,No
C08287,A,No
C08288,A,No
C08289,A,No
C08290,A,No
C08291,A,No
C08292,B,No
C08293,A,No
C08294,A,No
C08295,A,No
C08296,A,No
C08297,B,No
C08298,B,No
C08299,A,No
C08300,A,No
C08301,A,No
C08302,B,No
C08303,B,No
C08304,B,No
C08305,A,No
C08306,B,No
C08307,A,No
C08308,A,No
C08309,A,No
C08310,A,No
C08311,B,No
C08312,B,No
C08313,A,No
C08314,B,No
C08315,B,No
C08316,B,No
C08317,B,No
C08318,B,No
C08319,B,No
C08320,B,No
C08321,B,No
C08322,A,No
C08323,A,No
C08324,B,No
C08325,B,No
C08326,A,No
C08327,B,No
C08328,B,No
C08329,B,No
C08330,B,No
C08331,A,No
C08332,B,No
C08333,B,No
C08334,A,No
C08335,B,No
C08336,B,No
C08337,B,No
C08338,A,No
C08339,A,No
C08340,A,No
C08341,B,No
C08342,B,No
C08343,A,No
C08344,B,No
C08345,B,No
C08346,A,No
C08347,A,No
C08348,A,No
C08349,A,No
C08350,B,No
C08351,B,No
C08352,B,No
C08353,A,No
C08354,B,No
C08355,B,No
C08356,B,Yes
C08357,A,No
C08358,B,No
C08359,B,No
C08360,B,No
C08361,B,No
C08362,B,No
C08363,B,No
C08364,B,No
C08365,B,No
C08366,B,No
C08367,A,No
C08368,A,No
C08369,A,No
C08370,B,No
C08371,A,No
C08372,B,No
C08373,A,No
C08374,B,No
C08375,B,No
C08376,B,No
C08377,A,No
C08378,A,Yes
C08379,B,No
C08380,B,No
C08381,A,No
C08382,B,No
C08383,B,No
C08384,A,No
C08385,A,No
C08386,B,No
C08387,B,No
C08388,A,No
C08389,B,Yes
C08390,A,No
C08391,B,No
C08392,B,No
C08393,A,No
C08394,A,No
C08395,B,No
C08396,A,No
C08397,B,No
C08398,A,No
C08399,B,No
C08400,B,Yes
C08401,A,No
C08402,B,No
C08403,B,No
C08404,A,No
C08405,A,No
C08406,B,No
C08407,B,No
C08408,A,No
C08409,B,No
C08410,A,No
C08411,B,No
C08412,B,No
C08413,A,No
C08414,A,No
C08415,B,No
C08416,A,No
C08417,A,No
C08418,A,No
C08419,A,No
C08420,B,No
C08421,B,No
C08422,B,No
C08423,A,No
C08424,A,No
C08425,A,No
C08426,B,No
C08427,B,No
C08428,A,No
C08429,B,Yes
C08430,A,Yes
C08431,B,No
C08432,B,No
C08433,B,No
C08434,A,No
C08435,A,No
C08436,B,No
C08437,A,No
C08438,A,No
C08439,B,No
C08440,A,No
C08441,B,No
C08442,B,No
C08443,B,No
C08444,B,No
C08445,B,No
C08446,A,No
C08447,A,No
C08448,B,No
C08449,B,No
C08450,B,No
C08451,B,No
C08452,A,No
C08453,A,No
C08454,B,No
C08455,B,No
C08456,B,No
C08457,A,No
C08458,B,No
C08459,B,No
C08460,A,No
C08461,B,No
C08462,A,No
C08463,A,No
C08464,A,No
C08465,B,No
C08466,B,No
C08467,B,No
C08468,A,No
C08469,B,No
C08470,B,No
C08471,B,No
C08472,B,Yes
C08473,A,No
C08474,A,No
C08475,A,No
C08476,B,No
C08477,B,No
C08478,B,No
C08479,B,No
C08480,B,No
C08481,A,No
C08482,B,No
C08483,A,No
C08484,A,Yes
C08485,A,No
C08486,A,No
C08487,B,No
C08488,A,No
C08489,B,No
C08490,B,No
C08491,A,No
C08492,B,No
C08493,A,No
C08494,A,No
C08495,B,No
C08496,B,No
C08497,B,No
C08498,A,No
C08499,B,No
C08500,B,No
C08501,A,No
C08502,A,No
C08503,A,Yes
C08504,B,No
C08505,A,No
C08506,B,No
C08507,B,No
C08508,A,No
C08509,B,No
C08510,B,No
C08511,B,No
C08512,A,No
C08513,B,No
C08514,A,No
C08515,A,No
C08516,A,No
C08517,B,No
C08518,B,No
C08519,B,No
C08520,A,No
C08521,B,No
C08522,A,No
C08523,B,No
C08524,A,No
C08525,B,No
C08526,A,No
C08527,B,No
C08528,B,No
C08529,B,No
C08530,A,No
C08531,A,No
C08532,B,No
C08533,B,No
C08534,B,No
C08535,B,No
C08536,B,No
C08537,A,No
C08538,B,No
C08539,B,No
C08540,A,No
C08541,A,No
C08542,A,Yes
C08543,A,No
C08544,B,No
C08545,B,No
C08546,B,No
C08547,A,No
C08548,B,No
C08549,B,No
C08550,B,No
C08551,B,No
C08552,A,No
C08553,B,No
C08554,A,No
C08555,B,No
C08556,A,No
C08557,A,No
C08558,A,No
C08559,A,Yes
C08560,B,No
C08561,A,No
C08562,B,No
C08563,B,No
C08564,B,No
C08565,B,No
C08566,A,No
C08567,A,No
C08568,B,No
C08569,A,No
C08570,B,No
C08571,A,Yes
C08572,B,No
C08573,A,No
C08574,B,No
C08575,A,No
C08576,B,No
C08577,A,No
C08578,A,Yes
C08579,B,No
C08580,A,No
C08581,B,No
C08582,B,No
C08583,B,No
C08584,B,No
C08585,B,No
C08586,A,No
C08587,A,No
C08588,A,No
C08589,B,No
C08590,B,No
C08591,A,No
C08592,B,No
C08593,B,No
C08594,B,No
C08595,B,No
C08596,A,No
C08597,A,No
C08598,B,No
C08599,A,No
C08600,B,No
C08601,A,No
C08602,B,No
C08603,B,No
C08604,B,No
C08605,B,No
C08606,B,No
C08607,B,No
C08608,B,No
C08609,A,No
C08610,B,No
C08611,B,No
C08612,B,No
C08613,A,No
C08614,A,No
C08615,B,No
C08616,B,No
C08617,B,No
C08618,B,No
C08619,A,No
C08620,A,No
C08621,A,No
C08622,B,No
C08623,B,No
C08624,B,No
C08625,A,No
C08626,A,No
C08627,B,No
C08628,A,No
C08629,A,No
C08630,A,No
C08631,A,No
C08632,A,No
C08633,B,Yes
C08634,A,No
C08635,A,No
C08636,A,No
C08637,A,No
C08638,B,Yes
C08639,B,No
C08640,A,No
C08641,B,No
C08642,A,No
C08643,B,No
C08644,A,No
C08645,B,No
C08646,B,No
C08647,B,No
C08648,B,No
C08649,A,No
C08650,B,No
C08651,B,No
C08652,A,No
C08653,B,No
C08654,A,No
C08655,B,No
C08656,B,No
C08657,B,No
C08658,B,No
C08659,A,No
C08660,A,No
C08661,B,No
C08662,A,No
C08663,A,No
C08664,A,No
C08665,B,No
C08666,A,No
C08667,B,No
C08668,A,No
C08669,A,No
C08670,B,Yes
C08671,B,No
C08672,B,No
C08673,A,No
C08674,A,No
C08675,B,No
C08676,A,No
C08677,A,Yes
C08678,B,No
C08679,B,No
C08680,B,No
C08681,B,No
C08682,B,No
C08683,A,No
C08684,B,No
C08685,A,No
C08686,A,No
C08687,A,No
C08688,B,No
C08689,A,No
C08690,A,No
C08691,A,No
C08692,B,No
C08693,B,No
C08694,B,No
C08695,B,No
C08696,A,No
C08697,A,No
C08698,B,No
C08699,B,No
C08700,B,No
C08701,A,No
C08702,B,No
C08703,A,No
C08704,A,No
C08705,A,No
C08706,B,No
C08707,A,No
C08708,A,No
C08709,A,Yes
C08710,B,No
C08711,B,No
C08712,A,No
C08713,A,No
C08714,A,No
C08715,A,No
C08716,A,No
C08717,B,No
C08718,B,No
C08719,A,No
C08720,A,No
C08721,B,No
C08722,B,No
C08723,A,No
C08724,A,No
C08725,B,No
C08726,A,No
C08727,B,No
C08728,A,No
C08729,A,No
C08730,A,No
C08731,A,No
C08732,A,No
C08733,A,No
C08734,A,No
C08735,A,No
C08736,B,No
C08737,A,No
C08738,B,No
C08739,A,No
C08740,B,No
C08741,B,No
C08742,A,No
C08743,B,No
C08744,A,No
C08745,A,No
C08746,B,No
C08747,A,No
C08748,B,No
C08749,B,No
C08750,A,No
C08751,A,No
C08752,A,No
C08753,B,No
C08754,A,No
C08755,B,No
C08756,A,No
C08757,A,No
C08758,A,No
C08759,A,No
C08760,A,No
C08761,B,No
C08762,A,No
C08763,A,No
C08764,A,No
C08765,B,No
C08766,B,No
C08767,B,No
C08768,A,No
C08769,B,No
C08770,B,No
C08771,B,No
C08772,A,No
C08773,A,No
C08774,A,No
C08775,B,No
C08776,A,Yes
C08777,A,No
C08778,B,No
C08779,B,No
C08780,B,No
C08781,B,Yes
C08782,A,No
C08783,B,No
C08784,B,No
C08785,B,No
C08786,B,No
C08787,A,No
C08788,B,No
C08789,B,No
C08790,B,No
C08791,A,No
C08792,A,No
C08793,A,No
C08794,A,No
C08795,B,No
C08796,A,No
C08797,A,No
C08798,A,No
C08799,A,No
C08800,B,No
C08801,A,No
C08802,A,Yes
C08803,A,No
C08804,A,No
C08805,A,No
C08806,B,No
C08807,A,No
C08808,A,No
C08809,B,No
C08810,A,No
C08811,B,Yes
C08812,B,No
C08813,B,No
C08814,A,No
C08815,A,Yes
C08816,A,No
C08817,B,No
C08818,A,No
C08819,B,No
C08820,A,No
C08821,A,No
C08822,A,No
C08823,B,No
C08824,A,No
C08825,A,No
C08826,A,No
C08827,A,No
C08828,B,No
C08829,A,No
C08830,B,No
C08831,B,No
C08832,B,No
C08833,B,No
C08834,B,No
C08835,B,No
C08836,A,No
C08837,A,No
C08838,B,No
C08839,B,Yes
C08840,A,No
C08841,A,No
C08842,B,No
C08843,A,No
C08844,A,No
C08845,B,No
C08846,A,No
C08847,B,No
C08848,A,Yes
C08849,B,No
C08850,A,Yes
C08851,B,No
C08852,B,No
C08853,A,No
C08854,B,No
C08855,A,No
C08856,A,No
C08857,A,No
C08858,A,No
C08859,A,No
C08860,B,No
C08861,A,No
C08862,B,No
C08863,A,No
C08864,A,No
C08865,B,No
C08866,A,No
C08867,B,No
C08868,B,No
C08869,B,No
C08870,A,No
C08871,B,No
C08872,A,No
C08873,B,No
C08874,A,No
C08875,A,No
C08876,A,No
C08877,B,No
C08878,B,No
C08879,B,No
C08880,B,No
C08881,A,No
C08882,A,No
C08883,A,No
C08884,A,No
C08885,A,Yes
C08886,B,No
C08887,A,No
C08888,B,No
C08889,B,No
C08890,A,No
C08891,A,No
C08892,A,No
C08893,A,No
C08894,B,No
C08895,B,No
C08896,A,No
C08897,A,No
C08898,A,No
C08899,A,No
C08900,A,No
C08901,B,No
C08902,A,No
C08903,A,No
C08904,A,No
C08905,A,No
C08906,A,No
C08907,A,No
C08908,B,No
C08909,A,No
C08910,B,No
C08911,B,No
C08912,B,Yes
C08913,A,No
C08914,A,No
C08915,A,No
C08916,B,No
C08917,A,No
C08918,A,No
C08919,A,No
C08920,B,No
C08921,B,No
C08922,B,No
C08923,A,No
C08924,B,No
C08925,A,No
C08926,B,No
C08927,B,No
C08928,B,No
C08929,A,No
C08930,B,No
C08931,B,No
C08932,A,Yes
C08933,B,No
C08934,A,No
C08935,B,Yes
C08936,B,Yes
C08937,A,No
C08938,B,No
C08939,B,No
C08940,A,Yes
C08941,A,No
C08942,B,No
C08943,A,No
C08944,B,No
C08945,A,No
C08946,B,No
C08947,B,No
C08948,A,No
C08949,A,No
C08950,A,No
C08951,B,Yes
C08952,A,No
C08953,B,No
C08954,B,No
C08955,B,No
C08956,B,No
C08957,A,No
C08958,B,No
C08959,B,No
C08960,A,No
C08961,B,No
C08962,B,No
C08963,B,No
C08964,A,No
C08965,A,No
C08966,B,No
C08967,A,No
C08968,A,Yes
C08969,B,No
C08970,B,No
C08971,A,No
C08972,A,No
C08973,B,No
C08974,B,No
C08975,B,No
C08976,A,No
C08977,A,No
C08978,A,No
C08979,B,No
C08980,A,No
C08981,B,No
C08982,B,No
C08983,A,No
C08984,A,No
C08985,A,No
C08986,B,No
C08987,A,No
C08988,B,No
C08989,B,No
C08990,B,No
C08991,A,No
C08992,A,No
C08993,A,No
C08994,A,No
C08995,A,No
C08996,A,No
C08997,B,No
C08998,A,No
C08999,A,No
C09000,B,No
C09001,B,No
C09002,B,No
C09003,B,No
C09004,A,No
C09005,A,No
C09006,A,No
C09007,B,No
C09008,B,No
C09009,B,No
C09010,B,No
C09011,A,No
C09012,B,No
C09013,B,No
C09014,A,No
C09015,A,No
C09016,A,No
C09017,B,No
C09018,B,No
C09019,A,No
C09020,A,No
C09021,A,No
C09022,A,No
C09023,B,No
C09024,A,No
C09025,B,No
C09026,B,No
C09027,A,No
C09028,B,No
C09029,A,Yes
C09030,A,No
C09031,B,No
C09032,B,No
C09033,A,No
C09034,A,No
C09035,A,No
C09036,A,No
C09037,A,No
C09038,B,No
C09039,B,No
C09040,B,No
C09041,A,No
C09042,B,No
C09043,B,No
C09044,A,No
C09045,A,No
C09046,B,No
C09047,A,No
C09048,A,No
C09049,B,No
C09050,B,No
C09051,A,No
C09052,A,No
C09053,B,No
C09054,B,No
C09055,A,No
C09056,B,No
C09057,B,No
C09058,B,No
C09059,B,No
C09060,A,No
C09061,B,Yes
C09062,A,No
C09063,A,No
C09064,B,No
C09065,B,No
C09066,B,Yes
C09067,A,No
C09068,B,No
C09069,A,No
C09070,B,No
C09071,B,No
C09072,B,No
C09073,B,Yes
C09074,B,No
C09075,A,No
C09076,B,No
C09077,A,No
C09078,A,No
C09079,A,Yes
C09080,B,No
C09081,B,No
C09082,B,No
C09083,B,No
C09084,B,No
C09085,B,No
C09086,B,No
C09087,A,No
C09088,B,Yes
C09089,A,No
C09090,A,No
C09091,A,No
C09092,A,No
C09093,A,No
C09094,A,No
C09095,B,No
C09096,B,No
C09097,A,No
C09098,A,No
C09099,A,No
C09100,A,No
C09101,B,No
C09102,B,No
C09103,B,No
C09104,B,No
C09105,B,No
C09106,A,No
C09107,A,No
C09108,A,No
C09109,B,No
C09110,A,No
C09111,B,No
C09112,B,No
C09113,B,No
C09114,A,No
C09115,A,No
C09116,B,No
C09117,B,No
C09118,A,No
C09119,B,No
C09120,B,No
C09121,B,No
C09122,A,No
C09123,B,No
C09124,B,No
C09125,A,No
C09126,A,No
C09127,B,No
C09128,A,No
C09129,B,No
C09130,A,No
C09131,B,No
C09132,B,No
C09133,B,Yes
C09134,A,No
C09135,B,No
C09136,B,No
C09137,B,No
C09138,A,No
C09139,B,No
C09140,B,No
C09141,A,No
C09142,A,No
C09143,B,No
C09144,A,No
C09145,B,No
C09146,A,No
C09147,A,No
C09148,B,No
C09149,A,No
C09150,B,No
C09151,B,No
C09152,A,No
C09153,B,No
C09154,A,No
C09155,A,No
C09156,A,No
C09157,B,No
C09158,B,No
C09159,A,No
C09160,A,No
C09161,B,No
C09162,B,No
C09163,B,No
C09164,A,No
C09165,B,No
C09166,A,No
C09167,B,No
C09168,A,No
C09169,A,No
C09170,A,No
C09171,A,No
C09172,B,No
C09173,A,No
C09174,A,No
C09175,A,No
C09176,A,No
C09177,A,Yes
C09178,B,No
C09179,B,No
C09180,B,No
C09181,B,No
C09182,A,No
C09183,A,No
C09184,B,No
C09185,B,Yes
C09186,B,No
C09187,B,No
C09188,A,No
C09189,A,No
C09190,A,No
C09191,A,No
C09192,A,No
C09193,A,Yes
C09194,A,No
C09195,B,No
C09196,A,No
C09197,B,No
C09198,A,No
C09199,A,No
C09200,A,No
C09201,B,No
C09202,A,No
C09203,A,No
C09204,B,No
C09205,B,No
C09206,A,No
C09207,B,No
C09208,A,No
C09209,B,No
C09210,B,No
C09211,A,Yes
C09212,A,No
C09213,A,No
C09214,A,No
C09215,A,No
C09216,B,No
C09217,A,No
C09218,B,Yes
C09219,A,No
C09220,A,No
C09221,B,No
C09222,A,No
C09223,A,No
C09224,B,No
C09225,A,No
C09226,B,No
C09227,B,No
C09228,B,No
C09229,B,No
C09230,A,Yes
C09231,A,No
C09232,A,No
C09233,A,No
C09234,B,No
C09235,A,No
C09236,A,No
C09237,A,No
C09238,A,No
C09239,B,No
C09240,A,No
C09241,A,Yes
C09242,B,No
C09243,A,No
C09244,B,No
C09245,B,No
C09246,B,No
C09247,B,No
C09248,B,No
C09249,B,No
C09250,A,No
C09251,B,No
C09252,A,No
C09253,B,No
C09254,B,No
C09255,A,No
C09256,A,No
C09257,A,No
C09258,B,No
C09259,A,No
C09260,B,No
C09261,B,No
C09262,A,No
C09263,A,No
C09264,B,No
C09265,A,No
C09266,A,No
C09267,B,No
C09268,B,No
C09269,B,No
C09270,A,No
C09271,A,No
C09272,B,No
C09273,A,No
C09274,B,No
C09275,B,No
C09276,A,No
C09277,B,No
C09278,A,No
C09279,B,No
C09280,A,No
C09281,B,No
C09282,A,No
C09283,B,No
C09284,A,No
C09285,A,No
C09286,B,No
C09287,B,No
C09288,A,No
C09289,B,No
C09290,B,No
C09291,A,No
C09292,A,No
C09293,A,No
C09294,A,Yes
C09295,A,No
C09296,B,No
C09297,A,No
C09298,B,No
C09299,A,No
C09300,B,No
C09301,B,No
C09302,B,No
C09303,B,No
C09304,B,No
C09305,B,No
C09306,B,No
C09307,A,No
C09308,A,No
C09309,A,No
C09310,B,No
C09311,B,No
C09312,A,No
C09313,B,No
C09314,A,No
C09315,B,No
C09316,B,No
C09317,B,No
C09318,A,No
C09319,A,No
C09320,B,No
C09321,B,No
C09322,B,No
C09323,A,No
C09324,B,No
C09325,A,No
C09326,B,No
C09327,B,No
C09328,A,No
C09329,B,No
C09330,A,No
C09331,A,No
C09332,A,No
C09333,B,No
C09334,A,No
C09335,A,No
C09336,B,No
C09337,B,No
C09338,A,No
C09339,B,No
C09340,B,No
C09341,A,No
C09342,A,No
C09343,A,No
C09344,B,No
C09345,A,No
C09346,A,No
C09347,A,No
C09348,B,No
C09349,B,No
C09350,B,No
C09351,A,No
C09352,B,No
C09353,A,No
C09354,A,No
C09355,B,No
C09356,B,No
C09357,B,No
C09358,A,No
C09359,A,No
C09360,A,No
C09361,A,No
C09362,A,No
C09363,A,No
C09364,A,No
C09365,B,No
C09366,B,No
C09367,B,No
C09368,B,No
C09369,A,No
C09370,B,No
C09371,B,No
C09372,A,No
C09373,A,No
C09374,B,No
C09375,B,No
C09376,A,No
C09377,A,No
C09378,A,No
C09379,B,No
C09380,A,No
C09381,A,No
C09382,A,No
C09383,A,No
C09384,A,No
C09385,A,No
C09386,A,No
C09387,B,No
C09388,A,No
C09389,A,No
C09390,B,No
C09391,A,No
C09392,B,No
C09393,A,No
C09394,B,No
C09395,A,No
C09396,B,No
C09397,A,No
C09398,A,No
C09399,B,No
C09400,A,No
C09401,B,No
C09402,A,No
C09403,B,No
C09404,B,No
C09405,B,No
C09406,A,No
C09407,A,No
C09408,A,No
C09409,B,No
C09410,A,No
C09411,B,No
C09412,B,No
C09413,A,No
C09414,B,No
C09415,A,No
C09416,A,No
C09417,B,No
C09418,B,No
C09419,A,No
C09420,B,No
C09421,B,No
C09422,A,No
C09423,A,No
C09424,A,No
C09425,B,No
C09426,A,No
C09427,A,No
C09428,B,No
C09429,A,No
C09430,B,No
C09431,B,No
C09432,B,No
C09433,B,No
C09434,B,No
C09435,B,No
C09436,B,No
C09437,A,No
C09438,B,No
C09439,B,No
C09440,A,No
C09441,B,Yes
C09442,B,No
C09443,A,No
C09444,A,No
C09445,A,No
C09446,A,No
C09447,A,Yes
C09448,B,No
C09449,A,No
C09450,B,No
C09451,B,No
C09452,B,No
C09453,A,No
C09454,A,No
C09455,A,No
C09456,B,No
C09457,B,No
C09458,A,No
C09459,B,No
C09460,B,No
C09461,A,No
C09462,A,No
C09463,A,No
C09464,B,No
C09465,B,No
C09466,B,No
C09467,B,No
C09468,B,No
C09469,A,No
C09470,B,No
C09471,A,No
C09472,B,No
C09473,A,No
C09474,A,No
C09475,B,No
C09476,A,No
C09477,A,No
C09478,A,No
C09479,A,No
C09480,A,No
C09481,B,No
C09482,A,No
C09483,A,No
C09484,A,No
C09485,A,No
C09486,A,No
C09487,B,No
C09488,A,No
C09489,A,No
C09490,B,No
C09491,B,No
C09492,B,No
C09493,B,No
C09494,B,No
C09495,B,No
C09496,B,No
C09497,B,No
C09498,A,No
C09499,B,No
C09500,B,No
C09501,B,No
C09502,A,No
C09503,B,No
C09504,A,No
C09505,A,No
C09506,A,No
C09507,A,No
C09508,B,No
C09509,A,No
C09510,A,No
C09511,B,No
C09512,A,No
C09513,B,No
C09514,B,No
C09515,A,No
C09516,A,No
C09517,A,No
C09518,B,No
C09519,B,No
C09520,A,No
C09521,B,No
C09522,A,No
C09523,B,No
C09524,B,No
C09525,A,No
C09526,A,No
C09527,B,No
C09528,A,Yes
C09529,A,No
C09530,A,No
C09531,B,No
C09532,B,No
C09533,B,No
C09534,A,No
C09535,B,No
C09536,B,No
C09537,B,No
C09538,B,No
C09539,A,No
C09540,A,No
C09541,A,Yes
C09542,B,No
C09543,B,No
C09544,A,No
C09545,A,Yes
C09546,B,No
C09547,A,No
C09548,B,No
C09549,A,No
C09550,B,No
C09551,B,No
C09552,B,No
C09553,A,No
C09554,B,No
C09555,B,No
C09556,B,No
C09557,B,No
C09558,B,No
C09559,A,No
C09560,B,No
C09561,B,No
C09562,A,No
C09563,A,No
C09564,A,No
C09565,B,No
C09566,A,No
C09567,B,No
C09568,B,No
C09569,A,No
C09570,B,No
C09571,A,No
C09572,A,No
C09573,B,No
C09574,A,No
C09575,A,No
C09576,A,No
C09577,B,No
C09578,B,No
C09579,A,No
C09580,B,No
C09581,B,No
C09582,A,No
C09583,B,No
C09584,B,No
C09585,A,No
C09586,B,No
C09587,A,No
C09588,B,No
C09589,A,No
C09590,A,No
C09591,A,No
C09592,B,No
C09593,B,No
C09594,A,No
C09595,A,No
C09596,A,No
C09597,A,No
C09598,A,No
C09599,A,No
C09600,A,No
C09601,A,No
C09602,A,No
C09603,A,No
C09604,B,No
C09605,B,No
C09606,A,No
C09607,B,No
C09608,B,No
C09609,B,No
C09610,A,No
C09611,B,No
C09612,B,No
C09613,A,No
C09614,B,No
C09615,B,No
C09616,A,No
C09617,A,No
C09618,B,No
C09619,B,No
C09620,A,No
C09621,A,No
C09622,A,No
C09623,B,No
C09624,B,No
C09625,B,No
C09626,A,No
C09627,B,No
C09628,B,No
C09629,B,No
C09630,B,No
C09631,B,No
C09632,A,Yes
C09633,A,No
C09634,B,No
C09635,B,No
C09636,A,No
C09637,A,No
C09638,B,Yes
C09639,A,No
C09640,B,No
C09641,A,No
C09642,A,No
C09643,B,No
C09644,A,No
C09645,B,Yes
C09646,B,No
C09647,A,No
C09648,B,No
C09649,B,No
C09650,A,No
C09651,A,No
C09652,B,No
C09653,A,No
C09654,A,No
C09655,B,No
C09656,B,No
C09657,A,No
C09658,B,No
C09659,B,Yes
C09660,B,No
C09661,B,No
C09662,A,No
C09663,B,No
C09664,B,No
C09665,A,Yes
C09666,B,No
C09667,A,No
C09668,A,No
C09669,B,No
C09670,B,No
C09671,B,No
C09672,B,No
C09673,A,No
C09674,A,No
C09675,B,No
C09676,A,No
C09677,A,No
C09678,B,No
C09679,A,No
C09680,B,No
C09681,B,No
C09682,B,No
C09683,A,No
C09684,B,No
C09685,A,No
C09686,A,No
C09687,A,No
C09688,B,No
C09689,A,No
C09690,A,No
C09691,B,No
C09692,B,No
C09693,A,No
C09694,B,No
C09695,B,No
C09696,B,Yes
C09697,B,No
C09698,B,No
C09699,B,No
C09700,A,No
C09701,A,No
C09702,A,No
C09703,A,No
C09704,B,No
C09705,B,No
C09706,B,No
C09707,A,No
C09708,A,No
C09709,A,No
C09710,B,No
C09711,A,No
C09712,A,Yes
C09713,B,Yes
C09714,A,No
C09715,B,No
C09716,A,No
C09717,A,Yes
C09718,B,No
C09719,B,No
C09720,A,Yes
C09721,A,No
C09722,B,No
C09723,B,No
C09724,A,No
C09725,A,No
C09726,B,No
C09727,A,No
C09728,B,Yes
C09729,B,No
C09730,A,No
C09731,B,No
C09732,B,No
C09733,B,No
C09734,A,No
C09735,B,No
C09736,B,No
C09737,B,No
C09738,B,No
C09739,B,No
C09740,A,No
C09741,A,No
C09742,B,No
C09743,A,No
C09744,B,No
C09745,A,No
C09746,A,No
C09747,B,No
C09748,B,No
C09749,B,No
C09750,B,No
C09751,A,No
C09752,A,No
C09753,B,No
C09754,A,No
C09755,B,No
C09756,A,No
C09757,A,No
C09758,A,No
C09759,B,No
C09760,A,No
C09761,B,No
C09762,B,No
C09763,B,No
C09764,B,No
C09765,A,No
C09766,B,No
C09767,B,No
C09768,A,No
C09769,B,No
C09770,A,No
C09771,A,No
C09772,B,No
C09773,A,No
C09774,B,No
C09775,B,No
C09776,B,No
C09777,A,No
C09778,B,No
C09779,A,No
C09780,B,No
C09781,B,No
C09782,A,No
C09783,A,No
C09784,A,No
C09785,B,No
C09786,B,No
C09787,A,No
C09788,B,No
C09789,B,No
C09790,B,No
C09791,A,No
C09792,B,No
C09793,B,No
C09794,A,No
C09795,A,No
C09796,A,No
C09797,A,No
C09798,A,No
C09799,B,No
C09800,B,No
C09801,A,No
C09802,A,No
C09803,A,No
C09804,A,No
C09805,B,No
C09806,B,No
C09807,B,No
C09808,A,No
C09809,A,No
C09810,A,No
C09811,A,No
C09812,A,No
C09813,A,No
C09814,A,No
C09815,A,No
C09816,B,No
C09817,B,No
C09818,B,No
C09819,A,Yes
C09820,B,No
C09821,B,No
C09822,B,No
C09823,B,No
C09824,B,No
C09825,B,No
C09826,B,No
C09827,A,No
C09828,B,No
C09829,A,No
C09830,B,No
C09831,A,No
C09832,B,No
C09833,B,No
C09834,A,No
C09835,B,No
C09836,A,No
C09837,A,No
C09838,A,Yes
C09839,A,No
C09840,A,No
C09841,A,No
C09842,A,No
C09843,A,No
C09844,B,No
C09845,B,No
C09846,A,No
C09847,A,No
C09848,B,No
C09849,B,No
C09850,B,No
C09851,B,No
C09852,A,No
C09853,B,Yes
C09854,B,No
C09855,A,Yes
C09856,A,No
C09857,A,No
C09858,A,No
C09859,A,No
C09860,A,No
C09861,A,No
C09862,A,No
C09863,B,No
C09864,A,No
C09865,B,No
C09866,B,No
C09867,A,No
C09868,A,No
C09869,B,No
C09870,B,No
C09871,B,No
C09872,B,No
C09873,A,No
C09874,A,No
C09875,A,No
C09876,A,No
C09877,A,No
C09878,B,No
C09879,B,No
C09880,A,No
C09881,A,No
C09882,B,No
C09883,B,Yes
C09884,B,No
C09885,A,No
C09886,A,No
C09887,B,No
C09888,A,No
C09889,A,No
C09890,B,No
C09891,B,No
C09892,B,No
C09893,B,Yes
C09894,B,No
C09895,A,Yes
C09896,B,No
C09897,B,No
C09898,B,No
C09899,B,No
C09900,A,No
C09901,A,No
C09902,B,No
C09903,B,No
C09904,A,No
C09905,A,No
C09906,B,No
C09907,B,No
C09908,B,No
C09909,A,No
C09910,A,No
C09911,B,No
C09912,A,No
C09913,B,No
C09914,A,No
C09915,A,No
C09916,A,No
C09917,B,Yes
C09918,A,No
C09919,B,No
C09920,A,No
C09921,A,No
C09922,A,No
C09923,A,No
C09924,A,No
C09925,B,No
C09926,A,No
C09927,A,No
C09928,B,No
C09929,A,Yes
C09930,A,No
C09931,B,No
C09932,B,No
C09933,A,No
C09934,A,No
C09935,B,No
C09936,B,No
C09937,B,No
C09938,A,No
C09939,B,No
C09940,B,No
C09941,B,No
C09942,A,No
C09943,A,No
C09944,B,No
C09945,B,No
C09946,A,No
C09947,A,No
C09948,B,No
C09949,A,No
C09950,A,No
C09951,B,No
C09952,A,No
C09953,A,No
C09954,B,No
C09955,A,No
C09956,A,No
C09957,B,No
C09958,B,No
C09959,B,No
C09960,A,Yes
C09961,B,No
C09962,A,No
C09963,B,No
C09964,A,No
C09965,B,No
C09966,A,No
C09967,B,No
C09968,A,No
C09969,A,No
C09970,B,No
C09971,A,No
C09972,A,No
C09973,B,No
C09974,A,No
C09975,A,No
C09976,A,No
C09977,B,No
C09978,A,Yes
C09979,B,No
C09980,B,No
C09981,A,No
C09982,B,No
C09983,A,No
C09984,A,No
C09985,B,Yes
C09986,A,No
C09987,A,No
C09988,A,No
C09989,A,No
C09990,B,No
C09991,B,No
C09992,B,No
C09993,B,No
C09994,A,No
C09995,B,No
C09996,B,No
C09997,B,No
C09998,A,No
C09999,A,No
C10000,B,No
C10001,B,No
C10002,A,No
C10003,B,No
C10004,A,No
C10005,B,No
C10006,B,No
C10007,A,No
C10008,A,No
C10009,A,No
C10010,B,No
C10011,B,No
C10012,B,No
C10013,A,No
C10014,B,No
C10015,A,No
C10016,B,No
C10017,B,No
C10018,B,No
C10019,A,No
C10020,B,No
C10021,B,No
C10022,A,No
C10023,A,No
C10024,B,No
C10025,B,No
C10026,A,No
C10027,B,No
C10028,A,No
C10029,A,No
C10030,A,No
C10031,B,No
C10032,A,No
C10033,B,No
C10034,B,No
C10035,B,No
C10036,A,No
C10037,A,No
C10038,A,No
C10039,A,No
C10040,A,No
C10041,B,No
C10042,B,No
C10043,B,No
C10044,B,No
C10045,A,No
C10046,A,No
C10047,A,No
C10048,A,No
C10049,A,No
C10050,B,No
C10051,B,No
C10052,A,No
C10053,A,No
C10054,A,No
C10055,B,No
C10056,A,No
C10057,B,No
C10058,A,No
C10059,A,No
C10060,B,No
C10061,B,No
C10062,A,No
C10063,A,No
C10064,A,No
C10065,B,No
C10066,A,No
C10067,B,No
C10068,A,No
C10069,A,No
C10070,B,No
C10071,B,No
C10072,A,No
C10073,B,No
C10074,B,No
C10075,A,No
C10076,B,No
C10077,B,No
C10078,B,No
C10079,B,No
C10080,B,No
C10081,B,No
C10082,B,No
C10083,A,No
C10084,A,No
C10085,A,No
C10086,A,No
C10087,A,No
C10088,A,Yes
C10089,B,No
C10090,B,No
C10091,A,No
C10092,A,No
C10093,B,No
C10094,B,No
C10095,A,No
C10096,A,No
C10097,A,No
C10098,A,No
C10099,A,No
C10100,A,No
C10101,A,No
C10102,A,No
C10103,B,No
C10104,A,No
C10105,A,No
C10106,B,No
C10107,B,No
C10108,A,No
C10109,A,No
C10110,B,No
C10111,A,No
C10112,A,No
C10113,B,No
C10114,B,No
C10115,B,No
C10116,A,No
C10117,B,No
C10118,A,No
C10119,B,No
C10120,A,No
C10121,A,No
C10122,B,No
C10123,B,No
C10124,A,No
C10125,B,No
C10126,B,No
C10127,A,No
C10128,B,Yes
C10129,A,No
C10130,B,No
C10131,A,No
C10132,A,Yes
C10133,B,No
C10134,A,No
C10135,A,No
C10136,A,No
C10137,A,No
C10138,B,No
C10139,B,No
C10140,B,No
C10141,A,No
C10142,A,No
C10143,B,No
C10144,B,No
C10145,B,No
C10146,A,No
C10147,B,No
C10148,A,No
C10149,A,No
C10150,A,No
C10151,B,No
C10152,A,No
C10153,A,No
C10154,B,No
C10155,A,No
C10156,A,No
C10157,A,No
C10158,B,No
C10159,B,No
C10160,A,No
C10161,A,No
C10162,B,No
C10163,A,No
C10164,A,No
C10165,B,No
C10166,B,No
C10167,B,No
C10168,B,No
C10169,A,No
C10170,A,No
C10171,A,No
C10172,B,No
C10173,A,No
C10174,A,No
C10175,A,Yes
C10176,B,No
C10177,A,No
C10178,B,No
C10179,B,Yes
C10180,B,No
C10181,A,No
C10182,B,No
C10183,A,No
C10184,A,No
C10185,B,No
C10186,A,No
C10187,A,No
C10188,B,No
C10189,B,No
C10190,B,No
C10191,A,No
C10192,A,No
C10193,A,No
C10194,A,No
C10195,B,No
C10196,A,No
C10197,A,No
C10198,A,No
C10199,A,No
C10200,A,No
C10201,A,No
C10202,B,Yes
C10203,A,No
C10204,B,No
C10205,A,No
C10206,A,No
C10207,B,No
C10208,A,No
C10209,A,No
C10210,B,No
C10211,B,No
C10212,A,No
C10213,A,No
C10214,B,No
C10215,A,No
C10216,B,No
C10217,A,No
C10218,B,Yes
C10219,B,No
C10220,A,No
C10221,B,No
C10222,B,No
C10223,A,No
C10224,A,No
C10225,B,No
C10226,B,No
C10227,B,No
C10228,B,No
C10229,B,No
C10230,A,No
C10231,B,No
C10232,A,No
C10233,A,No
C10234,A,No
C10235,A,No
C10236,A,No
C10237,B,No
C10238,B,No
C10239,B,No
C10240,A,No
C10241,B,No
C10242,A,No
C10243,B,No
C10244,A,Yes
C10245,A,No
C10246,B,No
C10247,A,No
C10248,B,No
C10249,B,No
C10250,A,No
C10251,B,No
C10252,A,No
C10253,B,No
C10254,B,No
C10255,A,No
C10256,B,No
C10257,B,No
C10258,A,No
C10259,A,No
C10260,A,No
C10261,B,No
C10262,A,No
C10263,A,No
C10264,B,No
C10265,B,No
C10266,A,No
C10267,B,No
C10268,B,No
C10269,B,No
C10270,A,No
C10271,A,No
C10272,A,No
C10273,B,No
C10274,B,No
C10275,A,No
C10276,A,No
C10277,B,No
C10278,A,No
C10279,B,Yes
C10280,A,Yes
C10281,A,No
C10282,A,No
C10283,B,No
C10284,A,No
C10285,B,No
C10286,B,No
C10287,A,No
C10288,B,No
C10289,A,No
C10290,A,No
C10291,A,No
C10292,B,Yes
C10293,B,Yes
C10294,B,No
C10295,A,No
C10296,A,No
C10297,B,No
C10298,B,No
C10299,B,No
C10300,A,No
C10301,A,No
C10302,B,No
C10303,B,No
C10304,A,No
C10305,A,No
C10306,A,No
C10307,A,No
C10308,B,No
C10309,A,No
C10310,A,No
C10311,B,No
C10312,B,No
C10313,B,No
C10314,B,No
C10315,A,No
C10316,B,No
C10317,A,No
C10318,A,No
C10319,A,No
C10320,A,No
C10321,A,No
C10322,A,No
C10323,B,No
C10324,B,No
C10325,A,No
C10326,B,No
C10327,A,No
C10328,A,No
C10329,A,No
C10330,B,No
C10331,B,No
C10332,A,No
C10333,B,No
C10334,B,No
C10335,B,No
C10336,B,No
C10337,B,No
C10338,A,No
C10339,A,No
C10340,A,No
C10341,B,No
C10342,B,Yes
C10343,A,No
C10344,A,No
C10345,B,No
C10346,B,No
C10347,B,No
C10348,A,No
C10349,B,No
C10350,A,No
C10351,B,No
C10352,A,No
C10353,B,No
C10354,B,No
C10355,B,No
C10356,B,No
C10357,A,No
C10358,A,No
C10359,B,No
C10360,A,No
C10361,A,No
C10362,B,No
C10363,B,No
C10364,A,No
C10365,B,No
C10366,A,No
C10367,A,No
C10368,A,No
C10369,B,No
C10370,B,No
C10371,B,No
C10372,B,No
C10373,B,No
C10374,A,No
C10375,B,No
C10376,B,No
C10377,A,No
C10378,B,No
C10379,B,No
C10380,B,No
C10381,A,No
C10382,B,No
C10383,A,No
C10384,A,No
C10385,A,No
C10386,B,No
C10387,B,No
C10388,B,No
C10389,B,No
C10390,A,No
C10391,A,No
C10392,B,No
C10393,A,No
C10394,A,No
C10395,B,No
C10396,B,No
C10397,B,No
C10398,A,No
C10399,B,No
C10400,A,No
C10401,B,No
C10402,B,No
C10403,B,No
C10404,B,No
C10405,A,No
C10406,B,No
C10407,A,No
C10408,B,No
C10409,B,No
C10410,B,No
C10411,B,No
C10412,B,No
C10413,A,No
C10414,B,No
C10415,B,No
C10416,A,No
C10417,A,No
C10418,A,No
C10419,A,No
C10420,B,No
C10421,B,No
C10422,A,No
C10423,A,No
C10424,B,No
C10425,B,No
C10426,A,No
C10427,A,No
C10428,B,No
C10429,A,No
C10430,A,No
C10431,A,No
C10432,A,No
C10433,B,No
C10434,A,No
C10435,B,No
C10436,B,No
C10437,B,No
C10438,A,No
C10439,B,No
C10440,A,No
C10441,B,No
C10442,A,No
C10443,A,No
C10444,A,No
C10445,B,No
C10446,B,No
C10447,B,No
C10448,B,No
C10449,B,No
C10450,A,No
C10451,B,No
C10452,B,No
C10453,A,No
C10454,B,No
C10455,A,No
C10456,A,No
C10457,A,No
C10458,A,No
C10459,A,No
C10460,A,No
C10461,A,No
C10462,A,No
C10463,A,No
C10464,B,No
C10465,A,No
C10466,A,No
C10467,A,Yes
C10468,A,No
C10469,B,No
C10470,B,No
C10471,A,No
C10472,A,No
C10473,A,No
C10474,A,No
C10475,A,No
C10476,B,No
C10477,A,Yes
C10478,B,No
C10479,B,No
C10480,B,No
C10481,A,No
C10482,A,Yes
C10483,B,No
C10484,B,No
C10485,B,No
C10486,B,No
C10487,A,No
C10488,A,No
C10489,B,No
C10490,A,No
C10491,A,No
C10492,A,No
C10493,A,No
C10494,A,No
C10495,B,No
C10496,A,No
C10497,B,No
C10498,B,No
C10499,B,No
C10500,B,No
C10501,B,No
C10502,B,No
C10503,B,No
C10504,A,No
C10505,B,No
C10506,B,No
C10507,B,No
C10508,A,Yes
C10509,B,No
C10510,B,No
C10511,A,No
C10512,B,No
C10513,B,No
C10514,B,No
C10515,B,No
C10516,B,No
C10517,A,No
C10518,A,No
C10519,B,No
C10520,B,No
C10521,A,No
C10522,A,No
C10523,A,No
C10524,B,No
C10525,A,No
C10526,B,No
C10527,A,No
C10528,B,No
C10529,B,No
C10530,B,No
C10531,A,No
C10532,B,No
C10533,B,No
C10534,B,No
C10535,B,No
C10536,A,No
C10537,A,No
C10538,B,No
C10539,A,No
C10540,B,No
C10541,B,No
C10542,A,No
C10543,A,No
C10544,B,No
C10545,B,No
C10546,A,No
C10547,B,No
C10548,A,No
C10549,B,No
C10550,B,No
C10551,A,No
C10552,B,No
C10553,B,No
C10554,A,No
C10555,A,No
C10556,A,No
C10557,A,No
C10558,A,No
C10559,B,Yes
C10560,B,No
C10561,B,No
C10562,A,No
C10563,A,No
C10564,A,No
C10565,A,No
C10566,B,No
C10567,B,No
C10568,A,No
C10569,B,No
C10570,B,No
C10571,A,No
C10572,B,No
C10573,A,No
C10574,A,No
C10575,A,No
C10576,A,No
C10577,B,No
C10578,B,No
C10579,A,Yes
C10580,B,No
C10581,A,No
C10582,A,No
C10583,A,No
C10584,A,No
C10585,A,Yes
C10586,B,No
C10587,B,No
C10588,A,No
C10589,B,No
C10590,B,No
C10591,A,No
C10592,A,No
C10593,A,No
C10594,A,No
C10595,A,No
C10596,A,No
C10597,B,No
C10598,B,No
C10599,A,No
C10600,B,No
C10601,B,Yes
C10602,B,No
C10603,B,No
C10604,A,No
C10605,A,No
C10606,A,No
C10607,B,No
C10608,A,No
C10609,B,No
C10610,B,No
C10611,B,No
C10612,B,No
C10613,B,No
C10614,B,No
C10615,A,No
C10616,A,No
C10617,B,No
C10618,B,No
C10619,A,No
C10620,B,No
C10621,B,No
C10622,B,No
C10623,B,No
C10624,B,No
C10625,B,No
C10626,A,No
C10627,B,No
C10628,B,No
C10629,A,No
C10630,A,No
C10631,A,No
C10632,B,No
C10633,A,No
C10634,A,No
C10635,A,No
C10636,A,No
C10637,B,Yes
C10638,B,No
C10639,B,No
C10640,B,No
C10641,A,No
C10642,B,No
C10643,B,No
C10644,A,No
C10645,B,No
C10646,A,No
C10647,A,No
C10648,A,No
C10649,B,No
C10650,B,No
C10651,B,No
C10652,A,No
C10653,A,No
C10654,B,No
C10655,B,No
C10656,B,No
C10657,B,No
C10658,A,No
C10659,B,No
C10660,B,No
C10661,B,No
C10662,B,No
C10663,B,No
C10664,B,No
C10665,B,No
C10666,B,No
C10667,A,No
C10668,A,No
C10669,B,No
C10670,B,Yes
C10671,A,No
C10672,A,No
C10673,A,No
C10674,A,No
C10675,A,No
C10676,B,No
C10677,A,No
C10678,A,No
C10679,B,No
C10680,B,No
C10681,A,No
C10682,B,No
C10683,B,No
C10684,A,No
C10685,B,No
C10686,A,No
C10687,B,No
C10688,B,No
C10689,B,No
C10690,B,No
C10691,B,No
C10692,B,No
C10693,A,No
C10694,A,No
C10695,B,No
C10696,A,No
C10697,A,No
C10698,B,No
C10699,B,No
C10700,A,No
C10701,A,No
C10702,A,No
C10703,A,No
C10704,A,No
C10705,B,No
C10706,A,No
C10707,B,No
C10708,B,No
C10709,B,No
C10710,A,No
C10711,A,No
C10712,A,No
C10713,A,No
C10714,B,No
C10715,A,No
C10716,B,No
C10717,A,No
C10718,B,No
C10719,B,No
C10720,B,Yes
C10721,A,No
C10722,A,No
C10723,A,No
C10724,B,No
C10725,B,No
C10726,A,No
C10727,B,No
C10728,B,No
C10729,A,No
C10730,B,No
C10731,B,No
C10732,B,No
C10733,B,No
C10734,A,No
C10735,B,No
C10736,B,No
C10737,A,No
C10738,A,No
C10739,A,No
C10740,A,No
C10741,A,No
C10742,B,No
C10743,A,No
C10744,A,No
C10745,B,No
C10746,B,No
C10747,B,No
C10748,A,No
C10749,B,No
C10750,A,No
C10751,A,No
C10752,A,No
C10753,A,No
C10754,A,No
C10755,B,No
C10756,A,No
C10757,A,No
C10758,A,No
C10759,A,No
C10760,B,No
C10761,A,No
C10762,A,No
C10763,B,No
C10764,A,No
C10765,B,No
C10766,B,No
C10767,A,No
C10768,B,No
C10769,B,No
C10770,B,No
C10771,A,No
C10772,A,No
C10773,B,No
C10774,B,No
C10775,B,No
C10776,A,No
C10777,B,No
C10778,B,No
C10779,A,No
C10780,B,No
C10781,A,No
C10782,A,No
C10783,A,No
C10784,A,No
C10785,A,No
C10786,A,No
C10787,A,No
C10788,A,No
C10789,A,No
C10790,B,No
C10791,B,No
C10792,B,No
C10793,B,No
C10794,A,No
C10795,B,No
C10796,B,No
C10797,A,No
C10798,B,No
C10799,A,No
C10800,A,No
C10801,A,No
C10802,B,No
C10803,B,No
C10804,B,No
C10805,B,No
C10806,B,No
C10807,B,No
C10808,A,No
C10809,A,No
C10810,B,No
C10811,A,No
C10812,B,No
C10813,B,No
C10814,B,No
C10815,B,No
C10816,B,Yes
C10817,A,No
C10818,A,No
C10819,A,Yes
C10820,B,No
C10821,B,No
C10822,A,No
C10823,A,No
C10824,A,No
C10825,B,No
C10826,B,No
C10827,A,No
C10828,B,No
C10829,A,No
C10830,A,No
C10831,A,No
C10832,B,No
C10833,B,No
C10834,B,No
C10835,B,No
C10836,A,No
C10837,B,No
C10838,B,No
C10839,B,No
C10840,B,No
C10841,A,No
C10842,B,No
C10843,B,No
C10844,B,Yes
C10845,B,No
C10846,A,No
C10847,B,No
C10848,A,No
C10849,A,No
C10850,B,No
C10851,A,No
C10852,B,No
C10853,A,No
C10854,B,No
C10855,B,No
C10856,B,No
C10857,A,No
C10858,A,No
C10859,B,No
C10860,A,No
C10861,A,No
C10862,B,No
C10863,B,No
C10864,A,No
C10865,A,No
C10866,B,No
C10867,A,No
C10868,A,No
C10869,A,No
C10870,A,No
C10871,B,No
C10872,A,No
C10873,B,No
C10874,A,No
C10875,B,No
C10876,B,No
C10877,B,No
C10878,B,No
C10879,B,No
C10880,B,No
C10881,B,No
C10882,B,No
C10883,A,No
C10884,B,No
C10885,A,No
C10886,A,No
C10887,A,No
C10888,A,No
C10889,B,No
C10890,A,No
C10891,B,No
C10892,A,No
C10893,B,No
C10894,B,No
C10895,B,No
C10896,A,No
C10897,A,No
C10898,A,No
C10899,A,No
C10900,A,No
C10901,A,No
C10902,B,No
C10903,A,No
C10904,B,No
C10905,A,No
C10906,A,No
C10907,A,No
C10908,B,No
C10909,B,No
C10910,A,No
C10911,A,No
C10912,B,No
C10913,B,No
C10914,B,No
C10915,B,No
C10916,A,No
C10917,A,No
C10918,B,No
C10919,B,No
C10920,B,No
C10921,B,Yes
C10922,B,No
C10923,B,No
C10924,B,No
C10925,B,No
C10926,B,No
C10927,A,No
C10928,A,No
C10929,B,No
C10930,A,No
C10931,B,No
C10932,B,No
C10933,B,No
C10934,A,No
C10935,B,No
C10936,B,No
C10937,B,No
C10938,B,No
C10939,A,No
C10940,B,No
C10941,A,No
C10942,B,No
C10943,A,Yes
C10944,A,No
C10945,A,No
C10946,A,Yes
C10947,A,No
C10948,B,No
C10949,A,No
C10950,A,No
C10951,A,No
C10952,A,No
C10953,B,No
C10954,A,No
C10955,A,No
C10956,B,No
C10957,B,No
C10958,B,No
C10959,B,No
C10960,B,No
C10961,A,No
C10962,A,No
C10963,B,No
C10964,A,No
C10965,B,No
C10966,B,No
C10967,B,No
C10968,B,No
C10969,B,No
C10970,B,No
C10971,A,No
C10972,A,No
C10973,B,No
C10974,B,No
C10975,B,No
C10976,B,No
C10977,B,No
C10978,B,No
C10979,B,No
C10980,A,Yes
C10981,B,No
C10982,A,No
C10983,A,No
C10984,A,No
C10985,A,No
C10986,A,No
C10987,A,No
C10988,A,No
C10989,A,No
C10990,A,No
C10991,B,No
C10992,B,No
C10993,A,No
C10994,B,No
C10995,A,No
C10996,A,No
C10997,A,No
C10998,A,No
C10999,B,No
C11000,B,No
C11001,A,No
C11002,A,No
C11003,A,No
C11004,B,No
C11005,A,No
C11006,B,No
C11007,A,No
C11008,A,No
C11009,B,No
C11010,A,No
C11011,B,No
C11012,B,No
C11013,B,No
C11014,A,No
C11015,A,No
C11016,A,No
C11017,B,No
C11018,A,No
C11019,B,Yes
C11020,A,Yes
C11021,A,Yes
C11022,A,No
C11023,A,No
C11024,B,No
C11025,A,No
C11026,A,No
C11027,B,No
C11028,A,No
C11029,A,Yes
C11030,A,No
C11031,B,No
C11032,B,No
C11033,A,No
C11034,A,No
C11035,A,No
C11036,B,No
C11037,B,No
C11038,B,No
C11039,B,Yes
C11040,B,No
C11041,B,No
C11042,B,No
C11043,A,No
C11044,A,No
C11045,B,No
C11046,B,No
C11047,A,No
C11048,B,No
C11049,B,No
C11050,A,No
C11051,A,No
C11052,A,No
C11053,B,No
C11054,B,No
C11055,A,No
C11056,A,No
C11057,A,No
C11058,B,Yes
C11059,B,No
C11060,B,No
C11061,B,No
C11062,A,No
C11063,B,No
C11064,A,No
C11065,A,No
C11066,B,No
C11067,B,No
C11068,B,No
C11069,A,No
C11070,A,No
C11071,A,No
C11072,A,No
C11073,A,No
C11074,A,No
C11075,B,No
C11076,A,No
C11077,A,No
C11078,A,No
C11079,B,No
C11080,A,No
C11081,B,No
C11082,B,No
C11083,B,No
C11084,B,No
C11085,B,No
C11086,A,No
C11087,B,No
C11088,B,No
C11089,A,No
C11090,A,No
C11091,B,No
C11092,A,No
C11093,B,No
C11094,B,No
C11095,B,No
C11096,A,No
C11097,B,No
C11098,B,No
C11099,B,No
C11100,A,No
C11101,B,No
C11102,B,No
C11103,B,No
C11104,B,No
C11105,B,No
C11106,A,No
C11107,B,No
C11108,B,No
C11109,A,No
C11110,A,No
C11111,A,No
C11112,A,No
C11113,A,Yes
C11114,A,No
C11115,B,No
C11116,A,No
C11117,A,No
C11118,B,No
C11119,A,No
C11120,B,No
C11121,B,No
C11122,A,No
C11123,A,No
C11124,A,No
C11125,B,No
C11126,A,No
C11127,B,No
C11128,B,No
C11129,A,No
C11130,B,No
C11131,A,No
C11132,B,No
C11133,B,No
C11134,A,No
C11135,A,No
C11136,A,No
C11137,B,No
C11138,B,No
C11139,B,No
C11140,A,No
C11141,B,No
C11142,B,No
C11143,B,No
C11144,A,No
C11145,B,No
C11146,A,No
C11147,B,No
C11148,B,No
C11149,B,No
C11150,B,No
C11151,A,No
C11152,B,No
C11153,B,No
C11154,B,No
C11155,B,No
C11156,A,No
C11157,B,No
C11158,A,No
C11159,B,No
C11160,A,No
C11161,B,No
C11162,B,No
C11163,B,Yes
C11164,A,No
C11165,B,No
C11166,A,No
C11167,A,No
C11168,A,No
C11169,B,No
C11170,B,No
C11171,A,No
C11172,A,No
C11173,A,No
C11174,B,No
C11175,B,No
C11176,A,No
C11177,B,No
C11178,B,No
C11179,A,No
C11180,B,No
C11181,B,No
C11182,B,No
C11183,A,No
C11184,B,No
C11185,A,No
C11186,B,No
C11187,A,No
C11188,B,No
C11189,A,No
C11190,A,No
C11191,B,No
C11192,A,No
C11193,B,No
C11194,B,No
C11195,A,No
C11196,B,No
C11197,A,No
C11198,B,No
C11199,A,No
C11200,B,No
C11201,A,No
C11202,A,No
C11203,A,No
C11204,A,No
C11205,B,No
C11206,B,No
C11207,A,No
C11208,A,No
C11209,B,No
C11210,B,No
C11211,A,No
C11212,B,No
C11213,B,No
C11214,B,No
C11215,A,No
C11216,B,No
C11217,B,Yes
C11218,A,No
C11219,A,No
C11220,A,No
C11221,B,No
C11222,B,No
C11223,B,No
C11224,A,No
C11225,B,No
C11226,B,No
C11227,A,No
C11228,B,No
C11229,B,No
C11230,A,No
C11231,A,No
C11232,A,No
C11233,B,No
C11234,B,No
C11235,B,No
C11236,B,No
C11237,A,No
C11238,A,No
C11239,A,No
C11240,A,No
C11241,A,No
C11242,B,No
C11243,A,No
C11244,B,No
C11245,A,No
C11246,A,No
C11247,B,No
C11248,B,No
C11249,B,Yes
C11250,A,No
C11251,A,No
C11252,B,No
C11253,B,No
C11254,B,No
C11255,A,No
C11256,B,No
C11257,B,No
C11258,B,No
C11259,A,No
C11260,B,No
C11261,A,No
C11262,B,No
C11263,B,No
C11264,B,Yes
C11265,B,No
C11266,B,No
C11267,A,No
C11268,A,No
C11269,B,No
C11270,A,No
C11271,A,No
C11272,B,No
C11273,B,No
C11274,B,No
C11275,A,No
C11276,B,No
C11277,B,No
C11278,B,No
C11279,A,No
C11280,A,No
C11281,A,No
C11282,A,No
C11283,B,No
C11284,B,No
C11285,A,No
C11286,A,No
C11287,A,No
C11288,A,No
C11289,A,No
C11290,B,No
C11291,A,No
C11292,B,No
C11293,A,No
C11294,A,No
C11295,A,No
C11296,A,No
C11297,B,No
C11298,B,No
C11299,A,No
C11300,A,No
C11301,A,No
C11302,B,No
C11303,B,No
C11304,B,No
C11305,A,No
C11306,B,No
C11307,A,No
C11308,B,No
C11309,B,No
C11310,B,No
C11311,A,No
C11312,B,No
C11313,A,No
C11314,A,No
C11315,B,No
C11316,B,No
C11317,A,No
C11318,A,No
C11319,A,No
C11320,B,No
C11321,A,No
C11322,B,No
C11323,B,No
C11324,A,No
C11325,B,No
C11326,A,No
C11327,B,No
C11328,A,No
C11329,B,No
C11330,A,No
C11331,B,No
C11332,A,No
C11333,A,Yes
C11334,B,No
C11335,B,No
C11336,B,No
C11337,A,No
C11338,B,No
C11339,A,No
C11340,B,No
C11341,B,Yes
C11342,A,No
C11343,B,Yes
C11344,A,No
C11345,A,No
C11346,A,No
C11347,A,No
C11348,A,No
C11349,A,No
C11350,A,No
C11351,A,No
C11352,A,No
C11353,B,No
C11354,B,No
C11355,A,No
C11356,B,No
C11357,A,No
C11358,B,No
C11359,B,No
C11360,A,No
C11361,B,Yes
C11362,B,No
C11363,B,No
C11364,A,No
C11365,A,No
C11366,A,No
C11367,B,No
C11368,A,No
C11369,B,No
C11370,A,No
C11371,B,No
C11372,B,No
C11373,A,No
C11374,A,No
C11375,A,No
C11376,A,No
C11377,A,No
C11378,B,No
C11379,A,No
C11380,A,No
C11381,B,No
C11382,A,No
C11383,A,No
C11384,B,No
C11385,A,No
C11386,A,Yes
C11387,B,No
C11388,A,No
C11389,B,No
C11390,B,No
C11391,A,No
C11392,A,No
C11393,A,No
C11394,B,No
C11395,B,No
C11396,A,No
C11397,B,No
C11398,A,No
C11399,A,No
C11400,A,No
C11401,B,No
C11402,A,No
C11403,B,No
C11404,B,No
C11405,B,No
C11406,B,No
C11407,A,Yes
C11408,B,No
C11409,B,No
C11410,B,No
C11411,B,No
C11412,A,No
C11413,B,No
C11414,A,No
C11415,B,No
C11416,B,No
C11417,B,No
C11418,B,No
C11419,B,No
C11420,B,No
C11421,A,No
C11422,B,No
C11423,B,No
C11424,B,No
C11425,A,No
C11426,A,No
C11427,B,No
C11428,B,No
C11429,B,No
C11430,B,No
C11431,A,No
C11432,B,No
C11433,B,No
C11434,A,No
C11435,B,No
C11436,B,No
C11437,B,No
C11438,B,No
C11439,A,No
C11440,B,Yes
C11441,A,No
C11442,A,No
C11443,A,No
C11444,B,No
C11445,A,No
C11446,A,No
C11447,A,No
C11448,B,No
C11449,A,No
C11450,A,No
C11451,B,Yes
C11452,A,No
C11453,A,No
C11454,A,No
C11455,B,No
C11456,B,No
C11457,A,No
C11458,B,No
C11459,A,No
C11460,A,No
C11461,A,No
C11462,A,No
C11463,A,No
C11464,B,No
C11465,A,No
C11466,A,No
C11467,B,No
C11468,B,No
C11469,B,No
C11470,B,No
C11471,B,No
C11472,B,No
C11473,B,No
C11474,A,No
C11475,A,No
C11476,B,No
C11477,B,No
C11478,B,No
C11479,A,No
C11480,B,No
C11481,B,No
C11482,A,No
C11483,A,No
C11484,B,No
C11485,B,No
C11486,A,No
C11487,B,No
C11488,B,No
C11489,B,No
C11490,B,No
C11491,A,No
C11492,B,No
C11493,A,No
C11494,B,No
C11495,B,Yes
C11496,A,No
C11497,B,No
C11498,B,No
C11499,A,No
C11500,A,No
C11501,B,No
C11502,A,No
C11503,B,No
C11504,B,No
C11505,A,No
C11506,B,No
C11507,B,No
C11508,A,No
C11509,B,No
C11510,A,No
C11511,B,Yes
C11512,B,No
C11513,B,No
C11514,A,No
C11515,B,No
C11516,B,No
C11517,B,No
C11518,A,No
C11519,A,No
C11520,B,No
C11521,A,No
C11522,B,No
C11523,B,No
C11524,A,No
C11525,B,No
C11526,B,No
C11527,A,No
C11528,B,No
C11529,A,No
C11530,A,No
C11531,B,No
C11532,A,No
C11533,A,No
C11534,A,No
C11535,A,No
C11536,B,No
C11537,B,No
C11538,B,No
C11539,A,No
C11540,A,No
C11541,A,No
C11542,A,No
C11543,A,No
C11544,B,No
C11545,B,No
C11546,A,No
C11547,B,Yes
C11548,A,No
C11549,A,No
C11550,A,No
C11551,B,No
C11552,A,No
C11553,B,No
C11554,B,No
C11555,B,No
C11556,A,No
C11557,B,No
C11558,A,No
C11559,A,Yes
C11560,A,No
C11561,A,No
C11562,B,Yes
C11563,A,No
C11564,B,No
C11565,B,No
C11566,B,No
C11567,A,No
C11568,B,No
C11569,B,No
C11570,B,No
C11571,B,No
C11572,B,No
C11573,B,No
C11574,B,No
C11575,A,No
C11576,B,No
C11577,A,No
C11578,A,No
C11579,B,No
C11580,B,No
C11581,A,No
C11582,A,No
C11583,B,No
C11584,A,No
C11585,A,No
C11586,A,No
C11587,B,No
C11588,A,No
C11589,A,No
C11590,A,No
C11591,B,No
C11592,B,No
C11593,A,No
C11594,B,No
C11595,A,No
C11596,A,No
C11597,A,No
C11598,A,Yes
C11599,B,No
C11600,A,No
C11601,A,No
C11602,A,No
C11603,B,No
C11604,A,No
C11605,B,Yes
C11606,A,No
C11607,B,No
C11608,B,No
C11609,A,No
C11610,A,No
C11611,B,No
C11612,A,No
C11613,B,No
C11614,A,No
C11615,A,No
C11616,B,No
C11617,A,No
C11618,A,No
C11619,A,No
C11620,A,No
C11621,A,Yes
C11622,B,No
C11623,B,No
C11624,A,No
C11625,B,No
C11626,A,No
C11627,A,No
C11628,A,No
C11629,B,No
C11630,A,No
C11631,B,No
C11632,A,No
C11633,A,No
C11634,A,No
C11635,B,No
C11636,A,No
C11637,B,No
C11638,A,No
C11639,A,No
C11640,A,No
C11641,B,No
C11642,A,No
C11643,A,No
C11644,A,No
C11645,B,No
C11646,B,No
C11647,A,No
C11648,B,No
C11649,A,No
C11650,A,No
C11651,B,No
C11652,A,No
C11653,B,No
C11654,B,No
C11655,B,No
C11656,B,Yes
C11657,B,No
C11658,A,No
C11659,B,No
C11660,A,No
C11661,A,No
C11662,A,No
C11663,A,No
C11664,B,No
C11665,A,No
C11666,B,No
C11667,A,Yes
C11668,B,No
C11669,A,No
C11670,B,No
C11671,A,No
C11672,B,No
C11673,B,No
C11674,A,No
C11675,B,No
C11676,B,No
C11677,A,No
C11678,A,No
C11679,B,No
C11680,A,No
C11681,B,No
C11682,B,No
C11683,A,No
C11684,B,No
C11685,B,No
C11686,A,No
C11687,A,No
C11688,A,Yes
C11689,B,No
C11690,A,No
C11691,B,No
C11692,B,No
C11693,B,No
C11694,B,No
C11695,A,No
C11696,B,No
C11697,A,No
C11698,A,No
C11699,B,No
C11700,B,No
C11701,A,No
C11702,A,No
C11703,B,No
C11704,B,No
C11705,A,No
C11706,A,No
C11707,B,No
C11708,B,No
C11709,A,No
C11710,A,Yes
C11711,B,No
C11712,A,No
C11713,B,No
C11714,A,No
C11715,A,No
C11716,A,Yes
C11717,A,No
C11718,A,No
C11719,A,No
C11720,A,No
C11721,B,No
C11722,B,No
C11723,A,No
C11724,A,No
C11725,B,No
C11726,B,No
C11727,B,No
C11728,A,No
C11729,B,No
C11730,A,No
C11731,B,No
C11732,A,No
C11733,B,No
C11734,B,No
C11735,A,No
C11736,B,No
C11737,A,No
C11738,A,No
C11739,B,No
C11740,A,No
C11741,B,No
C11742,A,No
C11743,A,No
C11744,A,No
C11745,B,Yes
C11746,B,No
C11747,A,No
C11748,A,No
C11749,A,No
C11750,A,No
C11751,A,No
C11752,A,Yes
C11753,B,No
C11754,B,No
C11755,A,No
C11756,B,No
C11757,B,No
C11758,A,No
C11759,B,No
C11760,A,No
C11761,A,No
C11762,B,No
C11763,B,No
C11764,B,No
C11765,B,No
C11766,B,No
C11767,A,No
C11768,B,No
C11769,A,No
C11770,B,No
C11771,B,No
C11772,B,No
C11773,A,No
C11774,A,No
C11775,A,No
C11776,B,No
C11777,A,No
C11778,B,No
C11779,B,No
C11780,B,No
C11781,B,No
C11782,B,No
C11783,A,No
C11784,A,No
C11785,B,No
C11786,B,No
C11787,B,No
C11788,A,No
C11789,B,No
C11790,B,No
C11791,B,No
C11792,B,Yes
C11793,B,No
C11794,B,No
C11795,B,No
C11796,A,No
C11797,A,No
C11798,A,No
C11799,B,No
C11800,B,No
C11801,A,No
C11802,B,No
C11803,B,No
C11804,B,No
C11805,B,No
C11806,B,No
C11807,A,No
C11808,A,No
C11809,A,No
C11810,B,No
C11811,B,No
C11812,A,No
C11813,A,No
C11814,B,No
C11815,A,No
C11816,B,No
C11817,B,No
C11818,A,No
C11819,B,No
C11820,B,No
C11821,B,No
C11822,A,No
C11823,A,No
C11824,A,No
C11825,A,No
C11826,A,No
C11827,A,No
C11828,A,No
C11829,A,No
C11830,B,No
C11831,B,No
C11832,B,No
C11833,A,No
C11834,A,No
C11835,A,No
C11836,A,No
C11837,A,No
C11838,A,No
C11839,B,Yes
C11840,B,No
C11841,A,No
C11842,A,No
C11843,B,No
C11844,A,No
C11845,B,No
C11846,B,No
C11847,A,No
C11848,B,No
C11849,B,No
C11850,B,No
C11851,B,No
C11852,B,No
C11853,B,No
C11854,B,No
C11855,A,No
C11856,A,No
C11857,A,No
C11858,B,No
C11859,A,No
C11860,A,No
C11861,B,No
C11862,A,No
C11863,A,No
C11864,B,No
C11865,B,No
C11866,A,No
C11867,A,No
C11868,A,No
C11869,A,No
C11870,A,No
C11871,A,No
C11872,B,No
C11873,A,No
C11874,B,No
C11875,A,No
C11876,B,No
C11877,B,No
C11878,B,No
C11879,A,No
C11880,A,No
C11881,A,No
C11882,A,No
C11883,B,No
C11884,A,No
C11885,A,No
C11886,A,No
C11887,A,No
C11888,A,No
C11889,B,No
C11890,B,No
C11891,A,No
C11892,A,No
C11893,A,No
C11894,B,No
C11895,A,No
C11896,B,No
C11897,A,No
C11898,A,No
C11899,A,No
C11900,A,No
C11901,A,No
C11902,A,No
C11903,B,No
C11904,A,No
C11905,A,No
C11906,B,No
C11907,A,No
C11908,B,No
C11909,A,No
C11910,A,No
C11911,A,No
C11912,A,No
C11913,B,No
C11914,B,No
C11915,B,No
C11916,B,No
C11917,A,No
C11918,B,No
C11919,A,No
C11920,A,Yes
C11921,A,No
C11922,A,No
C11923,A,No
C11924,B,No
C11925,A,No
C11926,B,No
C11927,B,No
C11928,B,No
C11929,B,No
C11930,A,No
C11931,B,No
C11932,B,No
C11933,B,No
C11934,A,No
C11935,A,No
C11936,A,No
C11937,B,No
C11938,B,No
C11939,B,No
C11940,B,No
C11941,B,No
C11942,B,No
C11943,B,No
C11944,A,No
C11945,A,No
C11946,B,No
C11947,B,No
C11948,B,No
C11949,B,No
C11950,B,No
C11951,A,No
C11952,A,No
C11953,B,No
C11954,B,No
C11955,B,No
C11956,A,No
C11957,B,No
C11958,B,No
C11959,B,Yes
C11960,B,No
C11961,A,No
C11962,A,No
C11963,A,No
C11964,B,Yes
C11965,A,No
C11966,A,No
C11967,B,No
C11968,A,No
C11969,B,No
C11970,B,No
C11971,A,No
C11972,B,No
C11973,A,No
C11974,A,No
C11975,A,No
C11976,B,No
C11977,B,No
C11978,B,No
C11979,A,No
C11980,B,No
C11981,A,No
C11982,B,No
C11983,B,No
C11984,A,Yes
C11985,A,Yes
C11986,A,No
C11987,B,No
C11988,A,No
C11989,A,No
C11990,A,No
C11991,B,No
C11992,A,No
C11993,B,No
C11994,A,Yes
C11995,A,No
C11996,A,No
C11997,B,No
C11998,B,No
C11999,A,No
C12000,B,No
C12001,A,No
C12002,A,No
C12003,B,Yes
C12004,B,No
C12005,B,No
C12006,A,No
C12007,A,No
C12008,A,No
C12009,B,No
C12010,A,No
C12011,B,No
C12012,B,No
C12013,B,No
C12014,B,No
C12015,B,No
C12016,A,No
C12017,A,No
C12018,B,No
C12019,B,No
C12020,A,No
C12021,B,No
C12022,B,No
C12023,A,No
C12024,A,No
C12025,B,No
C12026,B,No
C12027,B,No
C12028,B,No
C12029,A,No
C12030,A,No
C12031,B,No
C12032,A,No
C12033,A,No
C12034,B,No
C12035,A,No
C12036,B,No
C12037,A,No
C12038,A,No
C12039,B,No
C12040,A,No
C12041,B,No
C12042,B,No
C12043,B,No
C12044,A,No
C12045,B,No
C12046,A,No
C12047,B,No
C12048,B,No
C12049,A,No
C12050,B,No
C12051,B,No
C12052,A,Yes
C12053,A,No
C12054,A,No
C12055,B,No
C12056,B,No
C12057,A,No
C12058,A,No
C12059,A,No
C12060,B,No
C12061,B,No
C12062,B,No
C12063,A,No
C12064,B,No
C12065,A,No
C12066,A,No
C12067,B,No
C12068,B,No
C12069,B,No
C12070,B,No
C12071,A,No
C12072,A,No
C12073,A,No
C12074,A,No
C12075,A,No
C12076,A,No
C12077,A,No
C12078,A,No
C12079,B,No
C12080,A,No
C12081,B,No
C12082,B,No
C12083,A,No
C12084,A,No
C12085,A,No
C12086,A,No
C12087,B,No
C12088,B,No
C12089,B,No
C12090,B,No
C12091,B,Yes
C12092,A,Yes
C12093,A,No
C12094,A,No
C12095,B,No
C12096,A,No
C12097,B,No
C12098,B,No
C12099,B,No
C12100,B,No
C12101,A,No
C12102,B,No
C12103,B,No
C12104,A,No
C12105,B,No
C12106,B,Yes
C12107,A,No
C12108,A,No
C12109,A,No
C12110,A,No
C12111,B,No
C12112,A,No
C12113,B,No
C12114,A,No
C12115,B,No
C12116,B,No
C12117,A,No
C12118,A,No
C12119,A,No
C12120,B,Yes
C12121,B,No
C12122,B,No
C12123,A,No
C12124,B,No
C12125,A,No
C12126,B,No
C12127,A,No
C12128,B,No
C12129,A,No
C12130,B,No
C12131,B,No
C12132,A,No
C12133,B,No
C12134,B,No
C12135,B,No
C12136,A,No
C12137,A,No
C12138,B,No
C12139,A,No
C12140,B,No
C12141,A,No
C12142,B,No
C12143,A,Yes
C12144,B,No
C12145,B,No
C12146,A,No
C12147,B,No
C12148,A,No
C12149,B,No
C12150,A,No
C12151,A,No
C12152,B,No
C12153,B,No
C12154,B,No
C12155,A,No
C12156,A,No
C12157,A,No
C12158,A,No
C12159,A,No
C12160,B,No
C12161,B,No
C12162,B,No
C12163,A,No
C12164,A,No
C12165,B,No
C12166,A,No
C12167,A,No
C12168,A,No
C12169,B,No
C12170,B,No
C12171,A,No
C12172,B,No
C12173,A,No
C12174,A,No
C12175,A,No
C12176,B,No
C12177,A,No
C12178,A,No
C12179,B,No
C12180,B,No
C12181,B,No
C12182,A,No
C12183,A,No
C12184,B,No
C12185,B,No
C12186,B,No
C12187,A,No
C12188,A,No
C12189,B,No
C12190,B,No
C12191,A,No
C12192,A,No
C12193,B,No
C12194,A,No
C12195,B,No
C12196,A,No
C12197,B,No
C12198,B,No
C12199,B,No
C12200,A,No
C12201,B,No
C12202,B,No
C12203,B,No
C12204,A,No
C12205,A,No
C12206,B,No
C12207,B,No
C12208,B,No
C12209,B,No
C12210,B,No
C12211,A,No
C12212,A,No
C12213,A,No
C12214,A,No
C12215,A,Yes
C12216,A,No
C12217,A,No
C12218,B,No
C12219,A,No
C12220,A,No
C12221,A,No
C12222,B,No
C12223,B,No
C12224,B,No
C12225,B,No
C12226,B,No
C12227,B,No
C12228,B,No
C12229,B,No
C12230,A,No
C12231,A,No
C12232,A,No
C12233,A,No
C12234,A,No
C12235,B,No
C12236,B,No
C12237,B,No
C12238,B,No
C12239,B,No
C12240,B,No
C12241,A,No
C12242,A,No
C12243,B,No
C12244,B,No
C12245,B,No
C12246,B,No
C12247,B,No
C12248,B,No
C12249,B,No
C12250,B,No
C12251,B,No
C12252,A,No
C12253,A,No
C12254,A,No
C12255,B,No
C12256,B,No
C12257,B,No
C12258,A,No
C12259,A,Yes
C12260,A,No
C12261,A,No
C12262,A,No
C12263,B,No
C12264,B,No
C12265,A,Yes
C12266,A,No
C12267,B,No
C12268,B,No
C12269,B,No
C12270,A,No
C12271,B,No
C12272,A,No
C12273,B,No
C12274,A,No
C12275,B,No
C12276,B,No
C12277,B,No
C12278,A,No
C12279,A,No
C12280,B,No
C12281,B,No
C12282,B,No
C12283,A,No
C12284,A,No
C12285,A,No
C12286,A,No
C12287,A,No
C12288,A,Yes
C12289,A,Yes
C12290,B,No
C12291,B,No
C12292,B,No
C12293,B,Yes
C12294,A,No
C12295,B,No
C12296,A,No
C12297,B,No
C12298,A,Yes
C12299,A,No
C12300,A,Yes
C12301,B,No
C12302,B,No
C12303,A,No
C12304,B,No
C12305,A,No
C12306,A,No
C12307,B,No
C12308,A,No
C12309,A,No
C12310,B,No
C12311,B,No
C12312,A,No
C12313,A,No
C12314,A,No
C12315,B,No
C12316,A,No
C12317,B,No
C12318,A,Yes
C12319,B,No
C12320,B,No
C12321,B,No
C12322,A,No
C12323,B,No
C12324,B,No
C12325,A,No
C12326,A,No
C12327,A,No
C12328,A,No
C12329,B,Yes
C12330,A,No
C12331,A,No
C12332,B,No
C12333,A,No
C12334,B,No
C12335,A,No
C12336,B,No
C12337,A,No
C12338,A,No
C12339,A,No
C12340,B,No
C12341,B,No
C12342,A,No
C12343,A,No
C12344,B,No
C12345,B,No
C12346,B,No
C12347,B,No
C12348,A,No
C12349,A,No
C12350,B,No
C12351,A,No
C12352,A,No
C12353,B,No
C12354,A,No
C12355,A,No
C12356,A,No
C12357,B,No
C12358,B,No
C12359,B,No
C12360,B,No
C12361,B,No
C12362,B,No
C12363,A,No
C12364,B,Yes
C12365,B,No
C12366,A,No
C12367,B,No
C12368,A,No
C12369,B,No
C12370,B,No
C12371,B,No
C12372,A,No
C12373,B,No
C12374,B,No
C12375,B,No
C12376,B,No
C12377,B,No
C12378,A,No
C12379,B,No
C12380,B,No
C12381,A,No
C12382,B,No
C12383,A,No
C12384,A,No
C12385,A,No
C12386,B,No
C12387,A,No
C12388,A,No
C12389,A,No
C12390,B,No
C12391,B,No
C12392,B,No
C12393,A,No
C12394,B,No
C12395,B,No
C12396,B,No
C12397,B,No
C12398,B,No
C12399,B,No
C12400,B,No
C12401,B,No
C12402,B,No
C12403,A,No
C12404,B,No
C12405,A,No
C12406,A,No
C12407,A,No
C12408,A,No
C12409,A,No
C12410,B,No
C12411,B,No
C12412,A,No
C12413,A,No
C12414,A,No
C12415,A,No
C12416,B,No
C12417,A,No
C12418,A,No
C12419,A,Yes
C12420,A,No
C12421,B,No
C12422,A,No
C12423,A,No
C12424,A,No
C12425,A,No
C12426,A,Yes
C12427,B,No
C12428,A,No
C12429,A,No
C12430,A,No
C12431,B,No
C12432,A,No
C12433,A,No
C12434,B,No
C12435,B,No
C12436,B,No
C12437,B,No
C12438,B,No
C12439,A,No
C12440,B,No
C12441,A,No
C12442,A,No
C12443,B,No
C12444,B,No
C12445,B,No
C12446,A,No
C12447,B,No
C12448,A,No
C12449,B,No
C12450,B,No
C12451,A,No
C12452,B,No
C12453,B,No
C12454,A,No
C12455,A,No
C12456,B,No
C12457,B,No
C12458,B,No
C12459,B,No
C12460,B,No
C12461,B,No
C12462,B,No
C12463,A,No
C12464,B,No
C12465,A,No
C12466,A,No
C12467,A,No
C12468,A,No
C12469,B,No
C12470,B,No
C12471,A,No
C12472,B,No
C12473,B,No
C12474,B,No
C12475,B,No
C12476,A,No
C12477,A,No
C12478,B,No
C12479,B,No
C12480,B,No
C12481,B,No
C12482,B,No
C12483,A,No
C12484,A,No
C12485,B,No
C12486,B,No
C12487,B,No
C12488,B,No
C12489,B,No
C12490,B,No
C12491,B,No
C12492,A,No
C12493,A,No
C12494,B,No
C12495,B,No
C12496,A,No
C12497,A,No
C12498,B,No
C12499,A,No
C12500,A,No
C12501,A,No
C12502,A,No
C12503,A,No
C12504,B,No
C12505,B,No
C12506,B,No
C12507,B,No
C12508,B,No
C12509,B,No
C12510,B,No
C12511,B,No
C12512,B,No
C12513,B,No
C12514,A,No
C12515,B,No
C12516,B,No
C12517,A,No
C12518,A,No
C12519,A,No
C12520,B,No
C12521,A,No
C12522,A,No
C12523,A,No
C12524,B,No
C12525,A,No
C12526,A,No
C12527,B,No
C12528,A,No
C12529,A,No
C12530,B,No
C12531,B,No
C12532,B,No
C12533,B,No
C12534,B,No
C12535,A,No
C12536,B,No
C12537,A,No
C12538,B,No
C12539,B,No
C12540,B,No
C12541,A,No
C12542,A,No
C12543,B,No
C12544,B,No
C12545,B,No
C12546,B,No
C12547,A,No
C12548,A,No
C12549,A,No
C12550,A,No
C12551,A,No
C12552,B,No
C12553,B,No
C12554,A,No
C12555,B,No
C12556,A,No
C12557,B,No
C12558,A,No
C12559,A,No
C12560,A,No
C12561,B,No
C12562,B,No
C12563,B,No
C12564,B,No
C12565,A,No
C12566,B,No
C12567,B,No
C12568,A,No
C12569,B,No
C12570,A,No
C12571,A,No
C12572,B,No
C12573,A,No
C12574,B,No
C12575,B,No
C12576,A,No
C12577,A,No
C12578,A,No
C12579,A,No
C12580,B,No
C12581,A,No
C12582,B,No
C12583,B,Yes
C12584,B,No
C12585,B,No
C12586,B,Yes
C12587,A,No
C12588,B,No
C12589,A,No
C12590,B,No
C12591,A,No
C12592,B,No
C12593,A,No
C12594,B,No
C12595,A,No
C12596,A,No
C12597,A,No
C12598,B,No
C12599,B,No
C12600,A,No
C12601,B,No
C12602,B,No
C12603,A,No
C12604,A,No
C12605,A,No
C12606,B,No
C12607,A,No
C12608,A,No
C12609,A,No
C12610,B,No
C12611,B,No
C12612,B,No
C12613,B,No
C12614,B,No
C12615,B,No
C12616,A,No
C12617,B,No
C12618,B,No
C12619,B,No
C12620,B,No
C12621,B,No
C12622,B,No
C12623,B,No
C12624,B,No
C12625,B,No
C12626,B,No
C12627,B,No
C12628,A,No
C12629,B,No
C12630,B,No
C12631,B,No
C12632,B,Yes
C12633,A,No
C12634,A,No
C12635,A,No
C12636,B,No
C12637,B,No
C12638,B,No
C12639,A,No
C12640,A,No
C12641,A,No
C12642,B,No
C12643,B,No
C12644,A,No
C12645,A,No
C12646,A,No
C12647,A,No
C12648,B,No
C12649,B,No
C12650,B,No
C12651,A,No
C12652,B,No
C12653,A,No
C12654,B,No
C12655,B,No
C12656,A,No
C12657,A,No
C12658,A,No
C12659,B,No
C12660,B,No
C12661,A,No
C12662,B,No
C12663,A,No
C12664,B,No
C12665,A,No
C12666,B,No
C12667,B,Yes
C12668,A,No
C12669,B,No
C12670,B,No
C12671,B,No
C12672,A,No
C12673,A,No
C12674,A,No
C12675,B,No
C12676,A,No
C12677,A,No
C12678,A,No
C12679,A,No
C12680,A,No
C12681,A,No
C12682,A,No
C12683,B,No
C12684,B,No
C12685,B,No
C12686,A,No
C12687,A,No
C12688,B,No
C12689,A,No
C12690,B,No
C12691,B,No
C12692,A,Yes
C12693,B,No
C12694,A,No
C12695,A,No
C12696,A,No
C12697,A,No
C12698,A,No
C12699,B,No
C12700,A,No
C12701,B,No
C12702,B,No
C12703,B,No
C12704,A,No
C12705,B,No
C12706,B,No
C12707,A,No
C12708,B,No
C12709,B,No
C12710,B,No
C12711,A,No
C12712,B,No
C12713,B,No
C12714,B,No
C12715,A,No
C12716,A,No
C12717,B,No
C12718,A,No
C12719,A,No
C12720,A,No
C12721,B,No
C12722,A,No
C12723,A,Yes
C12724,A,No
C12725,B,No
C12726,B,No
C12727,B,No
C12728,B,No
C12729,A,No
C12730,B,No
C12731,A,No
C12732,B,No
C12733,A,No
C12734,B,Yes
C12735,B,No
C12736,B,Yes
C12737,B,No
C12738,B,No
C12739,A,No
C12740,A,No
C12741,B,No
C12742,B,No
C12743,A,No
C12744,A,No
C12745,B,No
C12746,B,No
C12747,B,No
C12748,A,No
C12749,B,No
C12750,B,No
C12751,B,No
C12752,B,No
C12753,A,No
C12754,A,No
C12755,A,No
C12756,B,No
C12757,B,No
C12758,A,No
C12759,B,No
C12760,B,No
C12761,B,No
C12762,A,No
C12763,A,No
C12764,A,No
C12765,A,No
C12766,A,No
C12767,B,No
C12768,B,No
C12769,A,No
C12770,B,No
C12771,A,No
C12772,B,Yes
C12773,A,No
C12774,A,Yes
C12775,A,No
C12776,A,No
C12777,B,No
C12778,B,No
C12779,A,No
C12780,B,No
C12781,B,No
C12782,B,No
C12783,B,No
C12784,A,No
C12785,A,No
C12786,A,No
C12787,B,No
C12788,B,No
C12789,A,No
C12790,B,No
C12791,A,No
C12792,A,No
C12793,A,No
C12794,B,No
C12795,A,No
C12796,A,No
C12797,A,No
C12798,B,No
C12799,A,No
C12800,A,No
C12801,A,No
C12802,A,No
C12803,A,No
C12804,B,No
C12805,B,No
C12806,A,No
C12807,B,No
C12808,B,No
C12809,A,No
C12810,B,No
C12811,A,No
C12812,A,No
C12813,A,No
C12814,A,No
C12815,B,No
C12816,B,No
C12817,A,No
C12818,B,No
C12819,A,No
C12820,B,No
C12821,A,No
C12822,B,No
C12823,B,No
C12824,B,Yes
C12825,B,No
C12826,B,No
C12827,B,No
C12828,A,No
C12829,A,No
C12830,B,No
C12831,A,No
C12832,A,No
C12833,B,No
C12834,B,No
C12835,B,No
C12836,A,No
C12837,A,No
C12838,B,No
C12839,A,No
C12840,B,No
C12841,B,No
C12842,A,No
C12843,A,No
C12844,A,No
C12845,B,No
C12846,A,No
C12847,A,No
C12848,B,No
C12849,B,No
C12850,A,No
C12851,B,No
C12852,A,No
C12853,B,No
C12854,A,No
C12855,B,No
C12856,A,No
C12857,A,No
C12858,B,No
C12859,B,No
C12860,A,No
C12861,A,No
C12862,A,No
C12863,A,No
C12864,A,No
C12865,B,No
C12866,B,No
C12867,A,No
C12868,A,No
C12869,B,No
C12870,B,No
C12871,A,No
C12872,A,No
C12873,A,No
C12874,A,No
C12875,A,No
C12876,A,No
C12877,A,No
C12878,A,No
C12879,B,No
C12880,B,Yes
C12881,A,No
C12882,B,No
C12883,A,No
C12884,B,No
C12885,B,No
C12886,B,No
C12887,A,No
C12888,A,No
C12889,B,No
C12890,A,No
C12891,B,No
C12892,B,No
C12893,A,No
C12894,B,No
C12895,B,No
C12896,A,No
C12897,A,No
C12898,B,No
C12899,B,No
C12900,B,No
C12901,A,No
C12902,B,No
C12903,B,No
C12904,B,No
C12905,B,No
C12906,A,No
C12907,A,No
C12908,A,No
C12909,B,No
C12910,B,No
C12911,A,No
C12912,B,No
C12913,A,No
C12914,A,No
C12915,B,No
C12916,B,No
C12917,A,No
C12918,A,No
C12919,B,No
C12920,B,No
C12921,B,No
C12922,B,No
C12923,B,No
C12924,B,No
C12925,A,No
C12926,B,No
C12927,B,No
C12928,A,No
C12929,A,No
C12930,B,No
C12931,A,No
C12932,B,No
C12933,B,No
C12934,A,No
C12935,A,No
C12936,A,No
C12937,B,No
C12938,B,No
C12939,A,No
C12940,B,No
C12941,A,Yes
C12942,A,No
C12943,A,No
C12944,B,Yes
C12945,A,No
C12946,B,No
C12947,B,No
C12948,A,No
C12949,A,No
C12950,B,No
C12951,B,No
C12952,A,No
C12953,B,No
C12954,A,No
C12955,A,No
C12956,B,No
C12957,B,No
C12958,B,No
C12959,B,No
C12960,B,No
C12961,A,No
C12962,B,No
C12963,B,No
C12964,A,No
C12965,B,No
C12966,B,No
C12967,A,No
C12968,B,No
C12969,A,No
C12970,B,No
C12971,A,No
C12972,A,No
C12973,B,No
C12974,A,No
C12975,B,Yes
C12976,B,No
C12977,B,No
C12978,B,No
C12979,A,No
C12980,B,No
C12981,A,No
C12982,B,No
C12983,A,No
C12984,A,No
C12985,A,No
C12986,A,No
C12987,A,No
C12988,B,No
C12989,A,No
C12990,B,No
C12991,B,No
C12992,A,No
C12993,B,No
C12994,B,No
C12995,B,No
C12996,B,No
C12997,B,No
C12998,B,No
C12999,A,No
C13000,B,No
C13001,B,No
C13002,A,No
C13003,B,Yes
C13004,B,No
C13005,B,No
C13006,A,No
C13007,B,Yes
C13008,B,No
C13009,B,No
C13010,A,No
C13011,A,No
C13012,B,No
C13013,B,No
C13014,B,No
C13015,B,No
C13016,B,No
C13017,A,No
C13018,A,No
C13019,B,No
C13020,A,No
C13021,B,No
C13022,B,No
C13023,A,No
C13024,A,No
C13025,A,No
C13026,B,No
C13027,A,No
C13028,B,No
C13029,A,No
C13030,B,No
C13031,B,No
C13032,B,No
C13033,A,No
C13034,B,No
C13035,A,No
C13036,B,No
C13037,B,No
C13038,B,No
C13039,B,No
C13040,A,No
C13041,A,No
C13042,B,Yes
C13043,B,No
C13044,B,No
C13045,A,No
C13046,A,No
C13047,A,No
C13048,A,No
C13049,A,No
C13050,B,No
C13051,B,No
C13052,B,No
C13053,B,No
C13054,B,No
C13055,A,No
C13056,A,No
C13057,B,No
C13058,B,Yes
C13059,B,No
C13060,B,No
C13061,A,No
C13062,A,No
C13063,B,No
C13064,A,Yes
C13065,B,No
C13066,B,No
C13067,A,No
C13068,B,No
C13069,A,No
C13070,B,No
C13071,A,No
C13072,A,No
C13073,B,No
C13074,A,No
C13075,B,No
C13076,A,No
C13077,A,No
C13078,A,No
C13079,B,No
C13080,A,No
C13081,A,No
C13082,A,No
C13083,B,No
C13084,A,No
C13085,B,No
C13086,B,No
C13087,B,No
C13088,B,No
C13089,A,No
C13090,B,No
C13091,A,No
C13092,B,No
C13093,A,No
C13094,B,No
C13095,A,No
C13096,A,No
C13097,A,No
C13098,B,No
C13099,B,No
C13100,B,No
C13101,A,Yes
C13102,B,No
C13103,B,No
C13104,B,No
C13105,A,No
C13106,A,No
C13107,B,No
C13108,B,Yes
C13109,A,No
C13110,B,No
C13111,A,No
C13112,B,No
C13113,B,No
C13114,A,No
C13115,B,No
C13116,B,No
C13117,A,Yes
C13118,B,No
C13119,B,No
C13120,A,No
C13121,B,No
C13122,B,No
C13123,B,No
C13124,B,No
C13125,A,No
C13126,A,No
C13127,A,No
C13128,B,No
C13129,A,No
C13130,A,No
C13131,B,No
C13132,B,No
C13133,A,No
C13134,A,No
C13135,A,No
C13136,B,No
C13137,A,No
C13138,A,No
C13139,B,No
C13140,B,No
C13141,A,No
C13142,B,No
C13143,A,No
C13144,A,No
C13145,A,No
C13146,A,No
C13147,B,No
C13148,B,No
C13149,B,No
C13150,A,No
C13151,B,No
C13152,A,No
C13153,A,No
C13154,A,No
C13155,B,No
C13156,A,No
C13157,A,No
C13158,B,No
C13159,B,No
C13160,A,No
C13161,B,No
C13162,B,Yes
C13163,A,No
C13164,A,No
C13165,B,No
C13166,A,No
C13167,A,No
C13168,B,No
C13169,A,No
C13170,A,No
C13171,A,No
C13172,A,No
C13173,A,No
C13174,A,Yes
C13175,B,No
C13176,A,No
C13177,B,Yes
C13178,B,No
C13179,B,No
C13180,A,No
C13181,B,No
C13182,A,No
C13183,A,No
C13184,B,No
C13185,A,No
C13186,B,No
C13187,B,Yes
C13188,A,No
C13189,B,No
C13190,B,No
C13191,A,No
C13192,A,No
C13193,A,No
C13194,A,No
C13195,B,No
C13196,B,No
C13197,B,No
C13198,A,No
C13199,B,No
C13200,B,No
C13201,B,No
C13202,A,No
C13203,A,Yes
C13204,B,No
C13205,A,No
C13206,A,No
C13207,A,No
C13208,B,No
C13209,B,No
C13210,A,No
C13211,B,No
C13212,A,No
C13213,A,No
C13214,A,No
C13215,A,No
C13216,B,No
C13217,A,No
C13218,A,No
C13219,A,No
C13220,A,Yes
C13221,A,No
C13222,A,Yes
C13223,B,No
C13224,A,No
C13225,A,No
C13226,B,No
C13227,B,No
C13228,A,No
C13229,A,No
C13230,A,No
C13231,B,No
C13232,A,No
C13233,A,No
C13234,A,No
C13235,A,No
C13236,B,Yes
C13237,A,No
C13238,A,No
C13239,A,No
C13240,B,No
C13241,B,No
C13242,A,No
C13243,B,No
C13244,B,No
C13245,A,No
C13246,A,No
C13247,B,No
C13248,A,No
C13249,A,No
C13250,A,No
C13251,A,No
C13252,A,No
C13253,A,No
C13254,B,No
C13255,A,No
C13256,B,No
C13257,A,No
C13258,A,No
C13259,B,No
C13260,A,No
C13261,B,No
C13262,A,No
C13263,B,No
C13264,B,No
C13265,B,No
C13266,A,No
C13267,A,No
C13268,A,No
C13269,B,No
C13270,B,No
C13271,B,No
C13272,B,No
C13273,B,No
C13274,B,No
C13275,B,No
C13276,B,No
C13277,A,No
C13278,B,No
C13279,B,No
C13280,B,No
C13281,B,No
C13282,A,No
C13283,A,No
C13284,B,No
C13285,A,No
C13286,A,No
C13287,A,No
C13288,B,No
C13289,B,No
C13290,A,No
C13291,A,No
C13292,B,No
C13293,A,No
C13294,A,No
C13295,B,No
C13296,B,No
C13297,B,No
C13298,B,No
C13299,B,No
C13300,B,No
C13301,B,No
C13302,B,No
C13303,A,No
C13304,B,No
C13305,A,No
C13306,B,No
C13307,A,No
C13308,A,No
C13309,B,No
C13310,B,No
C13311,A,No
C13312,B,No
C13313,B,No
C13314,A,No
C13315,A,No
C13316,A,No
C13317,B,No
C13318,B,No
C13319,A,No
C13320,B,No
C13321,B,No
C13322,B,No
C13323,B,No
C13324,B,No
C13325,A,No
C13326,B,No
C13327,A,No
C13328,A,No
C13329,A,No
C13330,A,No
C13331,B,No
C13332,B,No
C13333,A,No
C13334,B,No
C13335,B,No
C13336,A,No
C13337,B,No
C13338,A,No
C13339,B,No
C13340,B,No
C13341,A,No
C13342,A,No
C13343,B,No
C13344,A,No
C13345,A,No
C13346,B,No
C13347,A,No
C13348,A,No
C13349,B,No
C13350,B,No
C13351,B,No
C13352,B,No
C13353,A,No
C13354,A,No
C13355,A,No
C13356,B,No
C13357,A,No
C13358,B,No
C13359,A,No
C13360,A,No
C13361,A,No
C13362,B,No
C13363,B,No
C13364,B,No
C13365,A,No
C13366,A,Yes
C13367,B,No
C13368,B,No
C13369,B,No
C13370,A,No
C13371,A,No
C13372,A,No
C13373,B,No
C13374,B,No
C13375,A,No
C13376,A,No
C13377,B,No
C13378,B,No
C13379,A,No
C13380,A,No
C13381,A,Yes
C13382,A,No
C13383,A,No
C13384,B,No
C13385,B,No
C13386,A,No
C13387,B,No
C13388,B,No
C13389,B,No
C13390,B,No
C13391,A,No
C13392,A,No
C13393,A,No
C13394,B,Yes
C13395,A,No
C13396,A,No
C13397,A,No
C13398,B,Yes
C13399,A,No
C13400,A,No
C13401,B,No
C13402,B,No
C13403,A,No
C13404,B,No
C13405,B,No
C13406,B,No
C13407,B,No
C13408,B,No
C13409,A,No
C13410,B,No
C13411,B,No
C13412,A,No
C13413,B,No
C13414,B,No
C13415,B,No
C13416,B,No
C13417,B,No
C13418,B,No
C13419,B,No
C13420,B,No
C13421,A,No
C13422,B,No
C13423,B,Yes
C13424,A,No
C13425,A,No
C13426,B,No
C13427,B,No
C13428,B,No
C13429,A,No
C13430,B,No
C13431,A,No
C13432,A,No
C13433,B,No
C13434,A,No
C13435,B,No
C13436,A,No
C13437,B,No
C13438,B,No
C13439,A,No
C13440,B,No
C13441,B,No
C13442,A,No
C13443,A,Yes
C13444,A,No
C13445,A,No
C13446,B,No
C13447,A,No
C13448,B,No
C13449,A,No
C13450,B,No
C13451,B,No
C13452,A,No
C13453,A,No
C13454,B,No
C13455,B,No
C13456,B,No
C13457,A,No
C13458,A,No
C13459,B,No
C13460,A,No
C13461,B,No
C13462,B,No
C13463,A,No
C13464,A,No
C13465,A,Yes
C13466,B,No
C13467,A,No
C13468,B,No
C13469,A,No
C13470,B,No
C13471,B,No
C13472,B,No
C13473,A,No
C13474,A,Yes
C13475,B,No
C13476,A,No
C13477,B,No
C13478,A,No
C13479,A,No
C13480,A,No
C13481,A,No
C13482,A,No
C13483,A,No
C13484,A,No
C13485,A,No
C13486,B,No
C13487,B,No
C13488,A,No
C13489,A,No
C13490,B,No
C13491,A,No
C13492,B,No
C13493,B,No
C13494,B,No
C13495,B,No
C13496,A,No
C13497,B,No
C13498,A,No
C13499,B,No
C13500,B,No
C13501,B,No
C13502,A,No
C13503,A,No
C13504,A,No
C13505,B,No
C13506,B,Yes
C13507,A,No
C13508,A,No
C13509,B,No
C13510,B,No
C13511,B,No
C13512,A,No
C13513,B,No
C13514,B,No
C13515,B,No
C13516,B,No
C13517,B,No
C13518,A,No
C13519,B,No
C13520,B,No
C13521,B,No
C13522,A,No
C13523,B,No
C13524,A,No
C13525,B,No
C13526,B,No
C13527,A,No
C13528,A,No
C13529,B,No
C13530,B,No
C13531,B,No
C13532,A,No
C13533,B,No
C13534,A,No
C13535,B,No
C13536,A,No
C13537,A,No
C13538,B,No
C13539,B,No
C13540,B,No
C13541,A,No
C13542,B,No
C13543,A,No
C13544,A,No
C13545,A,No
C13546,A,Yes
C13547,B,No
C13548,A,No
C13549,B,No
C13550,A,No
C13551,B,No
C13552,B,No
C13553,A,No
C13554,B,No
C13555,B,No
C13556,A,No
C13557,A,No
C13558,B,No
C13559,A,No
C13560,A,No
C13561,A,Yes
C13562,A,No
C13563,A,No
C13564,A,Yes
C13565,B,No
C13566,B,No
C13567,B,No
C13568,B,No
C13569,A,No
C13570,B,No
C13571,B,No
C13572,B,No
C13573,A,No
C13574,B,No
C13575,A,No
C13576,B,No
C13577,A,No
C13578,B,No
C13579,A,No
C13580,B,No
C13581,A,No
C13582,A,No
C13583,B,No
C13584,B,No
C13585,B,No
C13586,B,No
C13587,B,No
C13588,A,No
C13589,B,No
C13590,B,No
C13591,B,No
C13592,A,No
C13593,B,No
C13594,B,No
C13595,A,No
C13596,A,No
C13597,A,No
C13598,A,No
C13599,B,No
C13600,B,No
C13601,A,No
C13602,A,No
C13603,A,No
C13604,B,No
C13605,B,No
C13606,B,No
C13607,B,No
C13608,B,No
C13609,B,No
C13610,B,No
C13611,B,No
C13612,B,No
C13613,A,No
C13614,B,Yes
C13615,A,No
C13616,A,Yes
C13617,A,No
C13618,A,No
C13619,B,No
C13620,B,Yes
C13621,B,No
C13622,B,No
C13623,B,No
C13624,A,No
C13625,A,No
C13626,B,No
C13627,B,No
C13628,B,No
C13629,A,No
C13630,A,No
C13631,B,No
C13632,A,No
C13633,A,No
C13634,A,No
C13635,A,No
C13636,A,No
C13637,A,No
C13638,B,No
C13639,A,No
C13640,A,No
C13641,B,No
C13642,A,No
C13643,A,No
C13644,A,No
C13645,B,No
C13646,B,No
C13647,A,Yes
C13648,B,Yes
C13649,B,No
C13650,A,No
C13651,A,No
C13652,A,No
C13653,B,No
C13654,A,No
C13655,A,No
C13656,A,No
C13657,A,No
C13658,A,No
C13659,B,No
C13660,A,No
C13661,B,No
C13662,B,No
C13663,B,No
C13664,A,No
C13665,A,No
C13666,A,No
C13667,A,No
C13668,A,No
C13669,B,No
C13670,A,No
C13671,B,No
C13672,A,No
C13673,A,No
C13674,A,No
C13675,A,No
C13676,B,No
C13677,B,No
C13678,A,No
C13679,B,No
C13680,A,No
C13681,B,No
C13682,B,No
C13683,A,No
C13684,A,No
C13685,B,No
C13686,A,No
C13687,B,No
C13688,A,No
C13689,B,No
C13690,B,No
C13691,B,No
C13692,A,No
C13693,B,No
C13694,B,No
C13695,B,No
C13696,A,No
C13697,B,No
C13698,B,No
C13699,B,No
C13700,B,No
C13701,A,No
C13702,B,No
C13703,A,No
C13704,B,No
C13705,B,No
C13706,B,No
C13707,A,No
C13708,B,No
C13709,B,No
C13710,B,No
C13711,B,No
C13712,B,No
C13713,B,No
C13714,A,No
C13715,A,No
C13716,B,No
C13717,B,No
C13718,A,No
C13719,B,No
C13720,B,Yes
C13721,A,No
C13722,A,No
C13723,B,No
C13724,B,No
C13725,A,No
C13726,A,Yes
C13727,B,No
C13728,A,No
C13729,B,No
C13730,B,Yes
C13731,A,No
C13732,B,No
C13733,A,No
C13734,A,No
C13735,B,No
C13736,B,No
C13737,B,No
C13738,B,No
C13739,A,No
C13740,B,No
C13741,A,No
C13742,B,No
C13743,B,No
C13744,B,No
C13745,A,No
C13746,A,No
C13747,B,No
C13748,B,No
C13749,A,No
C13750,B,No
C13751,A,No
C13752,A,No
C13753,A,No
C13754,B,No
C13755,A,No
C13756,A,No
C13757,A,No
C13758,B,No
C13759,B,No
C13760,B,No
C13761,B,No
C13762,A,No
C13763,B,No
C13764,A,No
C13765,B,No
C13766,B,No
C13767,A,No
C13768,A,No
C13769,A,No
C13770,B,No
C13771,A,No
C13772,B,No
C13773,B,No
C13774,A,No
C13775,B,No
C13776,B,No
C13777,B,No
C13778,A,Yes
C13779,B,No
C13780,A,No
C13781,B,No
C13782,B,No
C13783,A,No
C13784,B,No
C13785,B,No
C13786,B,No
C13787,A,No
C13788,A,No
C13789,B,No
C13790,A,No
C13791,B,No
C13792,B,No
C13793,A,No
C13794,B,No
C13795,B,No
C13796,A,No
C13797,A,No
C13798,B,No
C13799,B,No
C13800,B,No
C13801,B,No
C13802,B,No
C13803,B,No
C13804,A,No
C13805,A,No
C13806,B,No
C13807,A,No
C13808,A,No
C13809,B,No
C13810,B,No
C13811,A,No
C13812,A,No
C13813,B,No
C13814,B,No
C13815,A,No
C13816,A,No
C13817,B,No
C13818,A,No
C13819,B,No
C13820,A,No
C13821,A,No
C13822,A,No
C13823,A,No
C13824,A,No
C13825,B,No
C13826,B,No
C13827,B,No
C13828,B,No
C13829,B,No
C13830,A,No
C13831,B,No
C13832,A,No
C13833,A,No
C13834,B,No
C13835,A,No
C13836,B,No
C13837,B,No
C13838,B,No
C13839,A,No
C13840,A,No
C13841,A,No
C13842,A,No
C13843,B,No
C13844,A,No
C13845,A,No
C13846,A,No
C13847,A,No
C13848,B,No
C13849,A,No
C13850,A,No
C13851,A,No
C13852,B,No
C13853,B,No
C13854,B,No
C13855,B,No
C13856,A,No
C13857,A,No
C13858,B,No
C13859,B,No
C13860,B,No
C13861,B,No
C13862,B,No
C13863,A,No
C13864,B,No
C13865,A,No
C13866,A,No
C13867,B,No
C13868,A,No
C13869,B,No
C13870,B,No
C13871,B,No
C13872,B,No
C13873,A,No
C13874,A,No
C13875,A,Yes
C13876,A,No
C13877,B,No
C13878,B,No
C13879,A,No
C13880,B,No
C13881,B,Yes
C13882,A,No
C13883,A,No
C13884,A,No
C13885,B,No
C13886,B,No
C13887,A,No
C13888,B,No
C13889,A,No
C13890,A,No
C13891,B,No
C13892,A,Yes
C13893,B,No
C13894,B,No
C13895,A,No
C13896,A,No
C13897,B,No
C13898,A,No
C13899,A,No
C13900,A,No
C13901,B,No
C13902,B,No
C13903,B,No
C13904,B,No
C13905,A,No
C13906,A,No
C13907,B,No
C13908,A,No
C13909,A,No
C13910,B,No
C13911,B,No
C13912,B,No
C13913,A,No
C13914,B,No
C13915,B,No
C13916,B,No
C13917,A,No
C13918,A,No
C13919,B,No
C13920,B,No
C13921,B,No
C13922,B,No
C13923,B,No
C13924,A,No
C13925,A,No
C13926,A,No
C13927,A,No
C13928,B,Yes
C13929,B,No
C13930,A,No
C13931,A,No
C13932,A,No
C13933,A,No
C13934,A,No
C13935,B,No
C13936,A,No
C13937,B,Yes
C13938,B,No
C13939,A,No
C13940,B,No
C13941,B,No
C13942,B,No
C13943,A,No
C13944,A,No
C13945,B,No
C13946,A,No
C13947,A,No
C13948,B,No
C13949,B,No
C13950,B,No
C13951,A,No
C13952,B,No
C13953,B,No
C13954,A,No
C13955,A,No
C13956,B,No
C13957,A,No
C13958,B,No
C13959,A,No
C13960,B,No
C13961,A,No
C13962,A,No
C13963,B,No
C13964,B,No
C13965,B,No
C13966,B,No
C13967,A,No
C13968,A,No
C13969,A,No
C13970,B,No
C13971,B,No
C13972,B,No
C13973,A,No
C13974,B,No
C13975,A,No
C13976,A,No
C13977,B,No
C13978,A,No
C13979,B,No
C13980,B,No
C13981,B,No
C13982,A,No
C13983,A,Yes
C13984,B,No
C13985,A,No
C13986,B,No
C13987,A,No
C13988,B,No
C13989,B,No
C13990,B,No
C13991,B,No
C13992,B,No
C13993,A,No
C13994,A,No
C13995,A,No
C13996,A,No
C13997,A,No
C13998,A,No
C13999,B,No
C14000,B,No
C14001,A,No
C14002,B,No
C14003,B,No
C14004,A,No
C14005,A,No
C14006,B,No
C14007,B,No
C14008,B,No
C14009,B,No
C14010,A,No
C14011,B,No
C14012,B,No
C14013,A,No
C14014,B,Yes
C14015,B,No
C14016,A,No
C14017,B,No
C14018,B,No
C14019,B,No
C14020,B,No
C14021,A,No
C14022,B,No
C14023,A,No
C14024,B,No
C14025,B,No
C14026,A,No
C14027,B,No
C14028,B,No
C14029,A,No
C14030,B,No
C14031,B,No
C14032,A,No
C14033,A,No
C14034,A,No
C14035,B,No
C14036,A,No
C14037,B,No
C14038,A,No
C14039,B,Yes
C14040,B,No
C14041,A,No
C14042,B,No
C14043,A,No
C14044,B,No
C14045,A,No
C14046,B,No
C14047,A,No
C14048,B,No
C14049,B,No
C14050,A,No
C14051,B,No
C14052,A,No
C14053,A,No
C14054,A,No
C14055,B,No
C14056,B,No
C14057,A,No
C14058,A,No
C14059,B,No
C14060,B,No
C14061,A,No
C14062,B,No
C14063,B,No
C14064,A,No
C14065,A,No
C14066,B,No
C14067,A,No
C14068,B,No
C14069,B,No
C14070,B,No
C14071,B,No
C14072,A,No
C14073,B,No
C14074,A,No
C14075,A,No
C14076,A,No
C14077,B,No
C14078,A,No
C14079,B,Yes
C14080,A,No
C14081,B,No
C14082,A,No
C14083,B,No
C14084,A,No
C14085,A,No
C14086,B,No
C14087,B,No
C14088,B,No
C14089,B,No
C14090,B,No
C14091,A,No
C14092,A,No
C14093,B,No
C14094,A,No
C14095,B,No
C14096,A,No
C14097,B,No
C14098,A,No
C14099,A,No
C14100,B,No
C14101,A,No
C14102,B,No
C14103,B,No
C14104,B,No
C14105,B,Yes
C14106,B,No
C14107,A,No
C14108,A,No
C14109,A,No
C14110,A,No
C14111,A,No
C14112,A,No
C14113,B,No
C14114,B,No
C14115,B,No
C14116,B,No
C14117,B,No
C14118,A,No
C14119,A,No
C14120,A,No
C14121,A,No
C14122,B,No
C14123,B,No
C14124,A,No
C14125,B,No
C14126,A,No
C14127,A,No
C14128,A,No
C14129,A,No
C14130,A,No
C14131,A,No
C14132,A,No
C14133,A,No
C14134,A,No
C14135,B,No
C14136,B,No
C14137,A,No
C14138,B,No
C14139,A,No
C14140,B,No
C14141,A,No
C14142,B,No
C14143,A,No
C14144,A,No
C14145,B,No
C14146,B,No
C14147,A,No
C14148,A,No
C14149,B,No
C14150,A,No
C14151,B,No
C14152,B,No
C14153,B,No
C14154,A,No
C14155,A,No
C14156,A,Yes
C14157,B,No
C14158,B,No
C14159,B,No
C14160,A,No
C14161,A,No
C14162,A,No
C14163,B,No
C14164,A,No
C14165,B,No
C14166,B,No
C14167,A,No
C14168,A,No
C14169,A,No
C14170,B,No
C14171,A,No
C14172,A,No
C14173,B,No
C14174,B,No
C14175,B,No
C14176,A,No
C14177,A,No
C14178,A,No
C14179,A,No
C14180,B,No
C14181,B,No
C14182,B,No
C14183,B,No
C14184,B,No
C14185,B,No
C14186,A,No
C14187,B,No
C14188,B,No
C14189,B,No
C14190,A,No
C14191,B,No
C14192,B,No
C14193,B,No
C14194,B,No
C14195,B,No
C14196,B,No
C14197,A,No
C14198,A,No
C14199,A,No
C14200,A,No
C14201,A,Yes
C14202,A,No
C14203,A,No
C14204,A,No
C14205,B,No
C14206,A,Yes
C14207,A,No
C14208,A,No
C14209,B,No
C14210,B,No
C14211,A,No
C14212,B,No
C14213,B,No
C14214,A,No
C14215,A,No
C14216,A,No
C14217,B,Yes
C14218,A,No
C14219,B,No
C14220,B,No
C14221,B,No
C14222,A,No
C14223,A,No
C14224,A,No
C14225,A,No
C14226,A,No
C14227,A,No
C14228,B,No
C14229,B,No
C14230,A,No
C14231,A,No
C14232,B,No
C14233,A,No
C14234,A,No
C14235,B,No
C14236,B,No
C14237,B,No
C14238,B,No
C14239,B,No
C14240,B,No
C14241,B,Yes
C14242,B,No
C14243,B,No
C14244,A,No
C14245,A,No
C14246,B,No
C14247,A,No
C14248,A,No
C14249,B,No
C14250,B,No
C14251,A,No
C14252,B,No
C14253,A,No
C14254,B,No
C14255,B,No
C14256,A,No
C14257,B,No
C14258,B,Yes
C14259,A,No
C14260,A,No
C14261,A,No
C14262,B,No
C14263,B,No
C14264,A,No
C14265,A,No
C14266,A,No
C14267,A,No
C14268,A,No
C14269,A,No
C14270,A,No
C14271,B,No
C14272,B,No
C14273,A,No
C14274,B,No
C14275,B,No
C14276,A,No
C14277,B,No
C14278,A,No
C14279,A,No
C14280,A,No
C14281,B,No
C14282,A,No
C14283,A,No
C14284,B,No
C14285,B,No
C14286,B,No
C14287,B,No
C14288,B,No
C14289,B,No
C14290,A,No
C14291,B,No
C14292,A,No
C14293,A,No
C14294,A,No
C14295,A,No
C14296,A,No
C14297,B,No
C14298,B,No
C14299,B,No
C14300,B,No
C14301,B,No
C14302,B,No
C14303,B,No
C14304,A,No
C14305,A,No
C14306,B,No
C14307,A,No
C14308,B,No
C14309,A,No
C14310,B,No
C14311,A,No
C14312,A,No
C14313,B,No
C14314,B,No
C14315,A,No
C14316,A,No
C14317,B,Yes
C14318,A,No
C14319,B,No
C14320,A,No
C14321,A,No
C14322,A,No
C14323,B,No
C14324,A,No
C14325,A,No
C14326,A,No
C14327,A,No
C14328,A,No
C14329,A,No
C14330,A,No
C14331,A,No
C14332,A,No
C14333,A,No
C14334,A,No
C14335,B,No
C14336,B,No
C14337,B,No
C14338,B,No
C14339,A,No
C14340,B,No
C14341,B,No
C14342,A,No
C14343,A,No
C14344,B,No
C14345,A,No
C14346,B,No
C14347,A,No
C14348,A,No
C14349,A,No
C14350,B,Yes
C14351,B,No
C14352,A,No
C14353,A,No
C14354,B,No
C14355,A,No
C14356,A,No
C14357,B,No
C14358,A,No
C14359,B,Yes
C14360,A,No
C14361,A,No
C14362,A,Yes
C14363,A,No
C14364,A,No
C14365,A,No
C14366,A,No
C14367,A,No
C14368,A,No
C14369,A,Yes
C14370,B,No
C14371,B,No
C14372,B,No
C14373,A,No
C14374,A,No
C14375,A,No
C14376,B,No
C14377,B,No
C14378,A,No
C14379,A,No
C14380,A,No
C14381,A,Yes
C14382,A,No
C14383,B,No
C14384,B,No
C14385,B,No
C14386,B,No
C14387,B,No
C14388,A,No
C14389,B,No
C14390,A,No
C14391,B,No
C14392,A,No
C14393,A,Yes
C14394,B,Yes
C14395,B,No
C14396,A,No
C14397,A,No
C14398,B,No
C14399,A,No
C14400,B,No
C14401,A,No
C14402,B,No
C14403,A,No
C14404,B,No
C14405,A,No
C14406,A,No
C14407,A,No
C14408,A,No
C14409,B,No
C14410,A,No
C14411,A,No
C14412,B,Yes
C14413,B,No
C14414,A,No
C14415,A,No
C14416,A,No
C14417,B,Yes
C14418,A,Yes
C14419,A,Yes
C14420,B,No
C14421,B,No
C14422,B,No
C14423,A,No
C14424,A,No
C14425,B,No
C14426,B,No
C14427,A,No
C14428,B,No
C14429,A,No
C14430,A,No
C14431,A,No
C14432,A,No
C14433,B,No
C14434,B,No
C14435,A,No
C14436,A,No
C14437,A,No
C14438,B,No
C14439,A,No
C14440,A,No
C14441,A,No
C14442,B,No
C14443,B,No
C14444,B,Yes
C14445,B,No
C14446,A,No
C14447,A,Yes
C14448,A,No
C14449,B,No
C14450,A,No
C14451,A,No
C14452,A,No
C14453,A,No
C14454,A,No
C14455,B,No
C14456,A,No
C14457,B,No
C14458,A,No
C14459,B,No
C14460,B,No
C14461,B,No
C14462,B,No
C14463,B,No
C14464,A,No
C14465,B,No
C14466,B,No
C14467,B,No
C14468,A,No
C14469,B,No
C14470,A,No
C14471,A,No
C14472,A,No
C14473,A,No
C14474,A,No
C14475,B,No
C14476,A,No
C14477,A,No
C14478,A,No
C14479,B,No
C14480,A,No
C14481,A,No
C14482,A,No
C14483,B,No
C14484,A,No
C14485,B,No
C14486,A,No
C14487,A,No
C14488,B,No
C14489,B,No
C14490,B,No
C14491,B,No
C14492,A,No
C14493,A,No
C14494,A,No
C14495,B,No
C14496,B,No
C14497,B,No
C14498,A,No
C14499,B,No
C14500,A,No
C14501,A,No
C14502,B,No
C14503,A,No
C14504,B,No
C14505,A,No
C14506,A,No
C14507,A,No
C14508,A,No
C14509,A,No
C14510,B,No
C14511,B,No
C14512,B,No
C14513,B,No
C14514,B,No
C14515,A,No
C14516,A,No
C14517,A,No
C14518,A,No
C14519,B,No
C14520,B,No
C14521,A,No
C14522,B,No
C14523,A,No
C14524,A,No
C14525,A,No
C14526,B,No
C14527,B,No
C14528,A,No
C14529,A,Yes
C14530,B,No
C14531,A,No
C14532,B,No
C14533,A,No
C14534,B,No
C14535,B,No
C14536,A,No
C14537,A,No
C14538,A,No
C14539,B,No
C14540,A,No
C14541,A,No
C14542,B,No
C14543,A,No
C14544,B,No
C14545,B,No
C14546,B,No
C14547,B,No
C14548,A,No
C14549,A,No
C14550,B,No
C14551,B,No
C14552,A,No
C14553,A,No
C14554,B,No
C14555,A,No
C14556,B,Yes
C14557,B,No
C14558,A,No
C14559,A,No
C14560,A,No
C14561,A,No
C14562,A,No
C14563,A,No
C14564,A,No
C14565,B,No
C14566,A,No
C14567,A,No
C14568,A,No
C14569,B,No
C14570,B,Yes
C14571,B,No
C14572,B,No
C14573,A,No
C14574,A,No
C14575,B,No
C14576,B,No
C14577,B,No
C14578,A,No
C14579,B,No
C14580,B,No
C14581,A,No
C14582,A,No
C14583,B,Yes
C14584,A,No
C14585,B,No
C14586,A,No
C14587,B,Yes
C14588,B,No
C14589,B,No
C14590,A,No
C14591,A,No
C14592,A,No
C14593,A,No
C14594,B,No
C14595,B,No
C14596,A,Yes
C14597,B,No
C14598,B,No
C14599,B,No
C14600,B,No
C14601,B,No
C14602,A,No
C14603,A,No
C14604,A,No
C14605,A,No
C14606,A,No
C14607,B,No
C14608,B,No
C14609,A,No
C14610,A,No
C14611,A,No
C14612,B,No
C14613,B,Yes
C14614,A,No
C14615,B,No
C14616,A,No
C14617,B,No
C14618,A,No
C14619,B,No
C14620,B,No
C14621,B,No
C14622,A,No
C14623,B,No
C14624,B,Yes
C14625,B,No
C14626,B,No
C14627,B,No
C14628,A,No
C14629,B,No
C14630,A,No
C14631,A,No
C14632,A,No
C14633,A,No
C14634,A,No
C14635,A,No
C14636,A,No
C14637,A,No
C14638,B,No
C14639,B,No
C14640,A,No
C14641,A,No
C14642,B,No
C14643,A,No
C14644,B,No
C14645,A,No
C14646,B,No
C14647,B,No
C14648,B,No
C14649,B,No
C14650,B,No
C14651,A,No
C14652,B,No
C14653,A,No
C14654,A,Yes
C14655,A,No
C14656,A,No
C14657,A,No
C14658,A,No
C14659,B,No
C14660,A,No
C14661,B,No
C14662,A,No
C14663,B,No
C14664,A,No
C14665,A,No
C14666,A,No
C14667,B,No
C14668,B,Yes
C14669,A,No
C14670,B,No
C14671,B,No
C14672,B,No
C14673,A,No
C14674,B,No
C14675,B,No
C14676,A,No
C14677,A,No
C14678,B,No
C14679,B,No
C14680,A,No
C14681,B,No
C14682,A,No
C14683,B,No
C14684,A,No
C14685,A,No
C14686,A,No
C14687,A,No
C14688,A,No
C14689,B,No
C14690,B,No
C14691,B,No
C14692,B,No
C14693,A,No
C14694,A,No
C14695,A,No
C14696,A,No
C14697,A,No
C14698,A,No
C14699,B,No
C14700,A,No
C14701,B,No
C14702,A,No
C14703,B,No
C14704,A,No
C14705,A,No
C14706,A,No
C14707,A,No
C14708,B,No
C14709,B,No
C14710,A,No
C14711,A,No
C14712,A,No
C14713,B,No
C14714,B,No
C14715,B,No
C14716,A,No
C14717,A,No
C14718,B,No
C14719,B,No
C14720,B,No
C14721,B,No
C14722,B,No
C14723,A,No
C14724,B,No
C14725,B,No
C14726,B,No
C14727,B,No
C14728,A,No
C14729,A,No
C14730,B,No
C14731,A,No
C14732,B,No
C14733,B,No
C14734,B,No
C14735,B,No
C14736,B,No
C14737,B,No
C14738,B,No
C14739,B,No
C14740,B,Yes
C14741,A,No
C14742,B,No
C14743,B,No
C14744,B,No
C14745,B,No
C14746,A,Yes
C14747,A,No
C14748,A,No
C14749,B,Yes
C14750,A,No
C14751,A,No
C14752,A,No
C14753,B,No
C14754,B,No
C14755,B,No
C14756,A,No
C14757,A,No
C14758,B,No
C14759,A,No
C14760,B,No
C14761,A,No
C14762,A,No
C14763,B,No
C14764,B,No
C14765,A,No
C14766,B,No
C14767,A,No
C14768,A,No
C14769,A,No
C14770,A,No
C14771,A,No
C14772,A,No
C14773,B,No
C14774,B,No
C14775,A,No
C14776,B,No
C14777,A,No
C14778,A,No
C14779,A,No
C14780,B,No
C14781,B,No
C14782,B,No
C14783,B,No
C14784,A,No
C14785,B,No
C14786,B,No
C14787,B,No
C14788,B,No
C14789,A,No
C14790,B,No
C14791,B,No
C14792,A,No
C14793,A,No
C14794,A,No
C14795,A,No
C14796,B,No
C14797,A,No
C14798,A,No
C14799,B,No
C14800,B,No
C14801,A,No
C14802,A,Yes
C14803,A,No
C14804,A,No
C14805,B,No
C14806,B,No
C14807,A,Yes
C14808,B,No
C14809,A,No
C14810,B,No
C14811,A,Yes
C14812,B,No
C14813,A,No
C14814,A,No
C14815,A,No
C14816,A,No
C14817,A,No
C14818,A,No
C14819,A,No
C14820,A,No
C14821,A,No
C14822,B,No
C14823,A,No
C14824,A,No
C14825,A,No
C14826,B,No
C14827,B,No
C14828,B,No
C14829,B,No
C14830,B,No
C14831,B,No
C14832,B,No
C14833,B,No
C14834,B,No
C14835,A,No
C14836,B,No
C14837,A,No
C14838,A,No
C14839,A,No
C14840,A,No
C14841,B,No
C14842,B,No
C14843,B,No
C14844,B,No
C14845,A,No
C14846,B,No
C14847,A,No
C14848,B,No
C14849,A,No
C14850,A,No
C14851,A,No
C14852,A,No
C14853,B,Yes
C14854,A,No
C14855,B,No
C14856,B,No
C14857,A,No
C14858,B,No
C14859,A,No
C14860,B,No
C14861,A,No
C14862,A,No
C14863,A,No
C14864,A,No
C14865,A,No
C14866,B,No
C14867,B,No
C14868,A,No
C14869,A,No
C14870,A,No
C14871,A,No
C14872,A,No
C14873,B,No
C14874,B,No
C14875,B,No
C14876,A,Yes
C14877,A,No
C14878,B,No
C14879,A,No
C14880,A,No
C14881,B,No
C14882,B,No
C14883,B,No
C14884,B,No
C14885,A,No
C14886,A,No
C14887,A,No
C14888,B,No
C14889,B,No
C14890,B,No
C14891,A,Yes
C14892,B,No
C14893,B,No
C14894,B,No
C14895,B,No
C14896,B,No
C14897,A,No
C14898,A,No
C14899,B,No
C14900,A,No
C14901,A,No
C14902,A,No
C14903,B,No
C14904,B,No
C14905,A,No
C14906,B,No
C14907,A,No
C14908,A,No
C14909,A,No
C14910,A,No
C14911,A,No
C14912,A,No
C14913,A,No
C14914,B,No
C14915,A,No
C14916,B,Yes
C14917,B,No
C14918,A,No
C14919,B,No
C14920,B,No
C14921,B,No
C14922,A,No
C14923,A,No
C14924,A,No
C14925,A,No
C14926,B,No
C14927,B,No
C14928,B,No
C14929,B,No
C14930,A,No
C14931,B,No
C14932,A,No
C14933,B,No
C14934,B,No
C14935,A,No
C14936,B,No
C14937,B,No
C14938,B,No
C14939,A,No
C14940,A,No
C14941,B,No
C14942,B,No
C14943,B,No
C14944,A,Yes
C14945,B,No
C14946,A,No
C14947,A,No
C14948,A,Yes
C14949,A,No
C14950,A,No
C14951,A,No
C14952,B,No
C14953,A,No
C14954,B,No
C14955,B,No
C14956,B,No
C14957,A,No
C14958,A,No
C14959,B,No
C14960,A,No
C14961,A,No
C14962,B,No
C14963,B,No
C14964,A,No
C14965,A,No
C14966,A,No
C14967,B,No
C14968,A,No
C14969,B,No
C14970,A,No
C14971,A,No
C14972,B,No
C14973,B,No
C14974,B,No
C14975,A,No
C14976,B,No
C14977,B,No
C14978,A,No
C14979,A,No
C14980,B,No
C14981,A,No
C14982,B,No
C14983,A,No
C14984,A,No
C14985,B,No
C14986,B,No
C14987,A,No
C14988,B,No
C14989,B,No
C14990,A,No
C14991,B,No
C14992,A,No
C14993,B,No
C14994,B,No
C14995,B,No
C14996,B,No
C14997,A,No
C14998,A,No
C14999,B,No
C15000,A,No
C15001,B,No
C15002,A,No
C15003,B,No
C15004,B,No
C15005,A,No
C15006,A,No
C15007,B,No
C15008,A,No
C15009,A,No
C15010,A,No
C15011,A,No
C15012,A,No
C15013,B,No
C15014,B,No
C15015,A,No
C15016,A,No
C15017,B,No
C15018,B,No
C15019,A,No
C15020,B,No
C15021,A,No
C15022,B,No
C15023,B,No
C15024,B,No
C15025,B,No
C15026,B,No
C15027,B,No
C15028,B,No
C15029,B,No
C15030,A,No
C15031,A,No
C15032,B,No
C15033,B,No
C15034,A,No
C15035,A,No
C15036,A,No
C15037,A,No
C15038,A,No
C15039,A,No
C15040,A,No
C15041,A,No
C15042,A,No
C15043,B,No
C15044,B,No
C15045,B,No
C15046,A,No
C15047,A,No
C15048,A,No
C15049,B,No
C15050,B,No
C15051,B,No
C15052,A,No
C15053,B,No
C15054,B,No
C15055,A,No
C15056,B,No
C15057,B,No
C15058,B,No
C15059,A,No
C15060,A,No
C15061,B,Yes
C15062,A,No
C15063,B,No
C15064,B,No
C15065,A,No
C15066,A,No
C15067,B,No
C15068,A,Yes
C15069,A,No
C15070,A,No
C15071,B,No
C15072,B,No
C15073,B,No
C15074,B,No
C15075,B,No
C15076,A,No
C15077,A,No
C15078,B,No
C15079,B,No
C15080,A,No
C15081,B,No
C15082,A,No
C15083,A,No
C15084,B,No
C15085,A,No
C15086,B,No
C15087,B,No
C15088,B,No
C15089,A,No
C15090,B,No
C15091,B,No
C15092,A,No
C15093,B,No
C15094,A,No
C15095,A,No
C15096,B,No
C15097,A,No
C15098,B,No
C15099,B,No
C15100,B,No
C15101,A,No
C15102,A,No
C15103,A,No
C15104,B,No
C15105,B,No
C15106,B,No
C15107,B,No
C15108,B,No
C15109,B,No
C15110,A,No
C15111,A,No
C15112,B,Yes
C15113,B,No
C15114,A,No
C15115,B,Yes
C15116,A,No
C15117,B,No
C15118,A,Yes
C15119,A,No
C15120,A,No
C15121,A,No
C15122,A,No
C15123,B,No
C15124,B,No
C15125,B,No
C15126,B,No
C15127,A,No
C15128,B,No
C15129,B,No
C15130,B,No
C15131,B,No
C15132,A,No
C15133,B,No
C15134,B,Yes
C15135,A,No
C15136,B,No
C15137,B,No
C15138,B,No
C15139,B,No
C15140,A,No
C15141,B,No
C15142,B,No
C15143,B,No
C15144,B,No
C15145,A,No
C15146,B,No
C15147,A,No
C15148,B,No
C15149,B,No
C15150,B,No
C15151,A,No
C15152,A,No
C15153,A,No
C15154,B,No
C15155,B,No
C15156,A,No
C15157,A,No
C15158,B,No
C15159,A,No
C15160,B,No
C15161,B,No
C15162,A,No
C15163,A,No
C15164,B,Yes
C15165,A,No
C15166,A,No
C15167,B,No
C15168,A,No
C15169,A,No
C15170,B,No
C15171,A,No
C15172,B,No
C15173,A,No
C15174,A,No
C15175,A,No
C15176,B,No
C15177,A,No
C15178,B,No
C15179,B,No
C15180,A,No
C15181,A,No
C15182,A,No
C15183,A,No
C15184,B,No
C15185,A,No
C15186,A,No
C15187,A,No
C15188,B,No
C15189,B,No
C15190,B,No
C15191,B,No
C15192,B,No
C15193,A,No
C15194,A,No
C15195,B,No
C15196,B,No
C15197,A,No
C15198,B,No
C15199,A,No
C15200,A,No
C15201,B,No
C15202,A,No
C15203,A,No
C15204,B,No
C15205,A,No
C15206,A,No
C15207,B,No
C15208,B,No
C15209,A,No
C15210,A,No
C15211,A,No
C15212,A,No
C15213,A,No
C15214,B,No
C15215,A,No
C15216,A,No
C15217,B,No
C15218,B,No
C15219,B,No
C15220,A,No
C15221,A,No
C15222,B,No
C15223,A,No
C15224,B,No
C15225,B,No
C15226,A,No
C15227,B,No
C15228,A,No
C15229,A,No
C15230,B,No
C15231,B,No
C15232,B,No
C15233,A,No
C15234,A,No
C15235,A,No
C15236,B,No
C15237,A,No
C15238,A,No
C15239,A,No
C15240,A,No
C15241,A,No
C15242,A,No
C15243,A,No
C15244,B,No
C15245,A,No
C15246,B,No
C15247,B,No
C15248,B,No
C15249,B,No
C15250,B,No
C15251,B,No
C15252,B,No
C15253,B,No
C15254,A,No
C15255,A,No
C15256,A,No
C15257,B,No
C15258,B,No
C15259,B,No
C15260,B,No
C15261,B,No
C15262,A,No
C15263,B,No
C15264,A,No
C15265,B,No
C15266,B,No
C15267,B,No
C15268,B,No
C15269,A,No
C15270,B,No
C15271,B,No
C15272,A,No
C15273,B,No
C15274,A,No
C15275,B,No
C15276,A,No
C15277,B,No
C15278,A,No
C15279,B,No
C15280,B,No
C15281,B,No
C15282,B,No
C15283,A,No
C15284,A,No
C15285,B,No
C15286,A,No
C15287,A,No
C15288,B,No
C15289,B,No
C15290,B,No
C15291,A,No
C15292,B,No
C15293,A,No
C15294,B,No
C15295,B,No
C15296,B,Yes
C15297,A,No
C15298,A,No
C15299,B,No
C15300,B,No
C15301,A,No
C15302,B,No
C15303,B,No
C15304,A,No
C15305,A,No
C15306,A,No
C15307,A,No
C15308,A,No
C15309,B,No
C15310,A,No
C15311,B,No
C15312,B,No
C15313,A,No
C15314,B,No
C15315,A,No
C15316,A,No
C15317,B,No
C15318,A,Yes
C15319,B,No
C15320,B,No
C15321,B,No
C15322,A,No
C15323,B,No
C15324,A,No
C15325,A,No
C15326,B,No
C15327,A,No
C15328,A,No
C15329,B,No
C15330,B,No
C15331,A,No
C15332,A,No
C15333,A,No
C15334,B,No
C15335,B,No
C15336,A,No
C15337,B,No
C15338,B,No
C15339,B,No
C15340,B,No
C15341,B,No
C15342,B,No
C15343,A,No
C15344,B,No
C15345,A,No
C15346,A,No
C15347,B,No
C15348,B,No
C15349,B,No
C15350,A,No
C15351,B,No
C15352,A,No
C15353,A,No
C15354,A,No
C15355,A,No
C15356,A,No
C15357,A,No
C15358,B,No
C15359,A,No
C15360,A,No
C15361,B,No
C15362,A,No
C15363,B,No
C15364,A,No
C15365,B,No
C15366,B,No
C15367,B,No
C15368,B,No
C15369,B,No
C15370,B,No
C15371,A,No
C15372,A,No
C15373,B,No
C15374,B,No
C15375,A,No
C15376,A,No
C15377,A,No
C15378,A,No
C15379,A,No
C15380,B,No
C15381,A,No
C15382,B,No
C15383,A,No
C15384,A,No
C15385,B,No
C15386,B,Yes
C15387,B,Yes
C15388,B,No
C15389,A,No
C15390,A,No
C15391,A,No
C15392,A,No
C15393,B,No
C15394,B,Yes
C15395,A,No
C15396,A,No
C15397,B,Yes
C15398,B,No
C15399,B,No
C15400,B,No
C15401,B,No
C15402,B,No
C15403,A,No
C15404,A,No
C15405,B,No
C15406,A,No
C15407,A,No
C15408,A,No
C15409,B,No
C15410,A,No
C15411,A,No
C15412,B,No
C15413,B,No
C15414,A,No
C15415,B,No
C15416,B,No
C15417,A,No
C15418,A,No
C15419,B,No
C15420,A,Yes
C15421,A,No
C15422,B,No
C15423,B,No
C15424,B,No
C15425,A,No
C15426,B,No
C15427,A,No
C15428,B,No
C15429,B,No
C15430,A,No
C15431,A,No
C15432,B,No
C15433,A,No
C15434,A,No
C15435,B,No
C15436,A,No
C15437,B,Yes
C15438,B,No
C15439,B,No
C15440,A,No
C15441,B,Yes
C15442,B,No
C15443,B,No
C15444,A,No
C15445,B,No
C15446,B,No
C15447,B,No
C15448,B,No
C15449,A,No
C15450,A,No
C15451,B,No
C15452,A,No
C15453,B,No
C15454,A,No
C15455,A,No
C15456,B,No
C15457,B,No
C15458,B,No
C15459,B,No
C15460,A,No
C15461,B,No
C15462,A,No
C15463,B,No
C15464,B,No
C15465,B,No
C15466,B,No
C15467,A,No
C15468,A,No
C15469,A,No
C15470,A,No
C15471,B,No
C15472,A,No
C15473,A,No
C15474,B,No
C15475,B,No
C15476,A,No
C15477,B,No
C15478,B,No
C15479,B,Yes
C15480,A,No
C15481,A,No
C15482,A,No
C15483,B,No
C15484,A,No
C15485,B,No
C15486,A,No
C15487,A,No
C15488,B,No
C15489,A,No
C15490,A,No
C15491,A,No
C15492,B,No
C15493,B,No
C15494,B,No
C15495,B,No
C15496,A,No
C15497,A,No
C15498,A,No
C15499,A,No
C15500,A,No
C15501,A,No
C15502,A,No
C15503,A,No
C15504,B,No
C15505,B,No
C15506,B,No
C15507,B,No
C15508,B,No
C15509,A,No
C15510,B,No
C15511,A,No
C15512,B,No
C15513,B,No
C15514,A,No
C15515,B,No
C15516,A,No
C15517,A,No
C15518,B,No
C15519,A,No
C15520,A,No
C15521,A,No
C15522,B,No
C15523,A,No
C15524,B,No
C15525,B,No
C15526,B,No
C15527,A,No
C15528,A,No
C15529,B,No
C15530,A,No
C15531,A,No
C15532,B,No
C15533,A,No
C15534,B,No
C15535,A,No
C15536,B,No
C15537,A,No
C15538,B,No
C15539,A,No
C15540,B,No
C15541,A,No
C15542,B,No
C15543,A,No
C15544,A,No
C15545,A,No
C15546,B,No
C15547,B,No
C15548,A,No
C15549,A,No
C15550,B,No
C15551,A,No
C15552,B,No
C15553,B,No
C15554,B,No
C15555,A,Yes
C15556,B,Yes
C15557,B,No
C15558,B,No
C15559,A,No
C15560,A,No
C15561,A,No
C15562,B,No
C15563,B,No
C15564,B,Yes
C15565,B,No
C15566,B,No
C15567,B,No
C15568,A,No
C15569,A,No
C15570,B,No
C15571,A,No
C15572,A,No
C15573,A,No
C15574,B,No
C15575,B,No
C15576,B,No
C15577,A,No
C15578,A,No
C15579,A,No
C15580,A,No
C15581,B,No
C15582,B,No
C15583,B,No
C15584,B,Yes
C15585,A,No
C15586,B,No
C15587,A,No
C15588,A,No
C15589,A,No
C15590,A,No
C15591,B,No
C15592,B,No
C15593,B,No
C15594,A,No
C15595,A,No
C15596,B,No
C15597,B,No
C15598,B,No
C15599,A,No
C15600,B,No
C15601,B,No
C15602,B,No
C15603,B,No
C15604,B,No
C15605,B,No
C15606,A,No
C15607,A,No
C15608,B,No
C15609,A,No
C15610,A,No
C15611,B,Yes
C15612,B,No
C15613,B,No
C15614,B,No
C15615,B,No
C15616,A,No
C15617,A,No
C15618,B,No
C15619,B,No
C15620,B,No
C15621,B,No
C15622,A,No
C15623,A,No
C15624,B,No
C15625,B,No
C15626,B,No
C15627,A,No
C15628,B,No
C15629,A,No
C15630,A,Yes
C15631,B,No
C15632,B,No
C15633,A,No
C15634,A,No
C15635,A,No
C15636,B,No
C15637,B,No
C15638,B,No
C15639,B,No
C15640,A,No
C15641,B,No
C15642,B,No
C15643,A,No
C15644,B,No
C15645,A,No
C15646,A,No
C15647,B,No
C15648,A,No
C15649,B,No
C15650,A,No
C15651,B,No
C15652,A,No
C15653,B,No
C15654,B,No
C15655,B,No
C15656,A,No
C15657,B,No
C15658,B,No
C15659,B,No
C15660,B,No
C15661,A,No
C15662,A,No
C15663,B,No
C15664,B,No
C15665,B,No
C15666,B,No
C15667,A,No
C15668,A,No
C15669,A,No
C15670,A,No
C15671,B,No
C15672,B,No
C15673,B,No
C15674,A,No
C15675,A,No
C15676,A,No
C15677,A,No
C15678,B,No
C15679,B,No
C15680,B,No
C15681,B,No
C15682,A,No
C15683,A,No
C15684,B,No
C15685,A,No
C15686,A,No
C15687,A,No
C15688,B,No
C15689,B,No
C15690,B,No
C15691,B,No
C15692,B,No
C15693,B,No
C15694,A,No
C15695,A,No
C15696,B,No
C15697,B,No
C15698,A,No
C15699,A,No
C15700,A,No
C15701,A,No
C15702,A,No
C15703,A,No
C15704,A,No
C15705,B,No
C15706,B,No
C15707,B,Yes
C15708,A,No
C15709,B,No
C15710,B,No
C15711,A,No
C15712,A,No
C15713,B,No
C15714,B,No
C15715,B,Yes
C15716,A,No
C15717,A,Yes
C15718,A,No
C15719,B,No
C15720,A,Yes
C15721,B,No
C15722,B,No
C15723,B,No
C15724,B,Yes
C15725,A,No
C15726,B,No
C15727,B,No
C15728,A,No
C15729,A,No
C15730,B,No
C15731,A,No
C15732,A,No
C15733,B,No
C15734,B,Yes
C15735,B,No
C15736,B,No
C15737,B,No
C15738,A,No
C15739,B,No
C15740,B,No
C15741,A,No
C15742,A,No
C15743,A,No
C15744,B,No
C15745,B,No
C15746,A,No
C15747,B,Yes
C15748,B,No
C15749,A,No
C15750,B,No
C15751,B,No
C15752,B,Yes
C15753,A,No
C15754,A,No
C15755,B,No
C15756,B,No
C15757,B,No
C15758,A,No
C15759,B,No
C15760,A,No
C15761,B,No
C15762,B,Yes
C15763,A,No
C15764,B,No
C15765,A,No
C15766,A,No
C15767,B,No
C15768,A,No
C15769,A,No
C15770,A,No
C15771,B,Yes
C15772,A,No
C15773,A,No
C15774,B,No
C15775,A,No
C15776,B,No
C15777,B,No
C15778,A,No
C15779,B,No
C15780,B,No
C15781,B,No
C15782,A,No
C15783,A,Yes
C15784,A,No
C15785,B,No
C15786,B,No
C15787,B,No
C15788,A,No
C15789,A,No
C15790,A,No
C15791,A,No
C15792,B,No
C15793,A,No
C15794,A,No
C15795,B,Yes
C15796,B,No
C15797,A,No
C15798,B,No
C15799,B,No
C15800,B,No
C15801,B,No
C15802,A,No
C15803,A,No
C15804,A,No
C15805,A,No
C15806,A,No
C15807,A,No
C15808,B,No
C15809,B,No
C15810,A,No
C15811,A,No
C15812,B,No
C15813,B,No
C15814,A,No
C15815,B,Yes
C15816,A,No
C15817,A,No
C15818,B,No
C15819,B,No
C15820,A,Yes
C15821,B,No
C15822,A,No
C15823,A,No
C15824,A,No
C15825,A,No
C15826,A,No
C15827,A,No
C15828,B,No
C15829,B,No
C15830,A,No
C15831,A,No
C15832,A,No
C15833,A,No
C15834,A,No
C15835,A,No
C15836,B,No
C15837,A,No
C15838,A,No
C15839,B,No
C15840,A,No
C15841,B,No
C15842,A,No
C15843,B,No
C15844,B,No
C15845,B,No
C15846,B,No
C15847,B,No
C15848,B,No
C15849,B,No
C15850,B,No
C15851,A,No
C15852,A,No
C15853,B,No
C15854,B,No
C15855,B,Yes
C15856,A,No
C15857,A,No
C15858,A,No
C15859,B,No
C15860,A,No
C15861,A,No
C15862,A,No
C15863,A,No
C15864,B,No
C15865,A,No
C15866,A,No
C15867,A,No
C15868,B,No
C15869,B,No
C15870,A,No
C15871,A,No
C15872,B,No
C15873,B,No
C15874,B,No
C15875,B,No
C15876,A,No
C15877,A,No
C15878,B,No
C15879,A,No
C15880,A,No
C15881,B,No
C15882,B,No
C15883,A,No
C15884,B,No
C15885,A,No
C15886,A,No
C15887,A,No
C15888,B,No
C15889,B,No
C15890,A,No
C15891,A,No
C15892,B,No
C15893,B,No
C15894,A,No
C15895,A,No
C15896,B,No
C15897,A,No
C15898,A,No
C15899,B,No
C15900,A,No
C15901,B,No
C15902,B,No
C15903,B,No
C15904,A,No
C15905,A,No
C15906,B,No
C15907,A,No
C15908,B,No
C15909,B,No
C15910,B,No
C15911,A,No
C15912,B,No
C15913,B,No
C15914,B,No
C15915,A,No
C15916,B,No
C15917,B,No
C15918,A,No
C15919,A,No
C15920,B,No
C15921,A,No
C15922,B,No
C15923,B,Yes
C15924,B,No
C15925,B,No
C15926,A,No
C15927,B,No
C15928,B,No
C15929,A,No
C15930,B,No
C15931,B,No
C15932,A,No
C15933,A,No
C15934,A,No
C15935,B,No
C15936,A,No
C15937,A,No
C15938,B,No
C15939,B,No
C15940,A,No
C15941,B,No
C15942,B,No
C15943,A,No
C15944,A,No
C15945,A,No
C15946,B,No
C15947,A,No
C15948,B,Yes
C15949,B,No
C15950,B,No
C15951,B,No
C15952,B,No
C15953,B,No
C15954,A,No
C15955,A,No
C15956,A,No
C15957,B,No
C15958,A,No
C15959,A,No
C15960,B,No
C15961,A,Yes
C15962,A,No
C15963,A,No
C15964,A,No
C15965,A,No
C15966,A,No
C15967,A,No
C15968,B,No
C15969,A,No
C15970,B,No
C15971,A,No
C15972,B,No
C15973,B,No
C15974,B,No
C15975,B,No
C15976,A,No
C15977,B,No
C15978,B,No
C15979,B,No
C15980,B,No
C15981,B,No
C15982,A,No
C15983,A,No
C15984,B,No
C15985,A,No
C15986,B,No
C15987,A,No
C15988,B,No
C15989,A,No
C15990,B,No
C15991,A,No
C15992,B,No
C15993,A,No
C15994,B,No
C15995,B,No
C15996,A,No
C15997,A,No
C15998,B,No
C15999,B,No
C16000,B,No
