customer,letter,applied
C00001,B,No
C00002,A,No
C00003,A,No
C00004,A,No
C00005,A,No
C00006,B,No
C00007,B,No
C00008,A,No
C00009,B,No
C00010,A,No
C00011,A,No
C00012,A,No
C00013,B,No
C00014,A,No
C00015,A,No
C00016,A,No
C00017,A,No
C00018,B,No
C00019,B,No
C00020,A,No
C00021,B,No
C00022,A,No
C00023,B,Yes
C00024,B,No
C00025,B,No
C00026,B,No
C00027,A,No
C00028,B,No
C00029,A,No
C00030,B,No
C00031,B,No
C00032,A,No
C00033,A,No
C00034,B,No
C00035,A,No
C00036,A,No
C00037,B,No
C00038,B,No
C00039,B,No
C00040,B,Yes
C00041,B,Yes
C00042,B,No
C00043,A,No
C00044,A,No
C00045,B,No
C00046,A,No
C00047,B,No
C00048,B,No
C00049,B,No
C00050,B,No
C00051,B,No
C00052,A,No
C00053,B,No
C00054,A,No
C00055,A,No
C00056,B,No
C00057,B,No
C00058,B,No
C00059,B,No
C00060,A,No
C00061,B,No
C00062,A,No
C00063,B,No
C00064,A,No
C00065,A,No
C00066,B,No
C00067,B,No
C00068,B,No
C00069,A,No
C00070,B,No
C00071,B,No
C00072,A,No
C00073,A,No
C00074,B,No
C00075,A,No
C00076,A,No
C00077,A,No
C00078,A,No
C00079,B,No
C00080,A,No
C00081,A,No
C00082,A,No
C00083,B,No
C00084,A,No
C00085,B,No
C00086,A,No
C00087,B,Yes
C00088,B,No
C00089,B,No
C00090,A,No
C00091,A,No
C00092,B,No
C00093,B,No
C00094,B,No
C00095,A,No
C00096,B,No
C00097,B,No
C00098,B,No
C00099,A,No
C00100,A,No
C00101,A,No
C00102,B,No
C00103,B,No
C00104,B,No
C00105,A,No
C00106,A,No
C00107,A,No
C00108,B,No
C00109,B,No
C00110,A,No
C00111,A,Yes
C00112,B,No
C00113,A,No
C00114,A,No
C00115,B,No
C00116,A,No
C00117,A,No
C00118,A,No
C00119,A,Yes
C00120,A,No
C00121,A,No
C00122,B,No
C00123,A,No
C00124,A,No
C00125,B,No
C00126,B,No
C00127,B,No
C00128,B,No
C00129,A,No
C00130,B,No
C00131,A,No
C00132,B,No
C00133,A,No
C00134,B,No
C00135,B,No
C00136,A,No
C00137,B,No
C00138,A,No
C00139,A,No
C00140,B,No
C00141,A,No
C00142,A,No
C00143,A,No
C00144,B,No
C00145,A,No
C00146,B,No
C00147,A,No
C00148,B,No
C00149,B,No
C00150,A,No
C00151,A,No
C00152,A,No
C00153,B,No
C00154,B,No
C00155,B,No
C00156,B,No
C00157,B,No
C00158,A,No
C00159,A,No
C00160,A,No
C00161,B,No
C00162,B,No
C00163,B,No
C00164,B,No
C00165,A,No
C00166,A,No
C00167,A,No
C00168,A,No
C00169,A,No
C00170,B,No
C00171,B,No
C00172,A,No
C00173,B,No
C00174,A,No
C00175,B,No
C00176,B,No
C00177,B,No
C00178,A,No
C00179,A,No
C00180,B,No
C00181,A,No
C00182,B,No
C00183,B,No
C00184,A,No
C00185,A,No
C00186,B,No
C00187,B,No
C00188,A,No
C00189,B,Yes
C00190,B,No
C00191,B,No
C00192,B,No
C00193,A,No
C00194,A,No
C00195,B,No
C00196,B,No
C00197,B,No
C00198,B,No
C00199,B,No
C00200,B,No
C00201,B,No
C00202,A,No
C00203,A,No
C00204,A,No
C00205,B,No
C00206,B,No
C00207,B,No
C00208,B,No
C00209,B,No
C00210,B,No
C00211,B,No
C00212,A,No
C00213,B,No
C00214,A,No
C00215,A,No
C00216,A,No
C00217,A,No
C00218,B,No
C00219,B,No
C00220,B,No
C00221,B,No
C00222,B,No
C00223,A,No
C00224,A,No
C00225,B,No
C00226,B,Yes
C00227,A,No
C00228,B,No
C00229,A,No
C00230,A,No
C00231,A,No
C00232,B,No
C00233,B,No
C00234,A,No
C00235,B,No
C00236,B,No
C00237,B,No
C00238,A,No
C00239,B,No
C00240,A,No
C00241,B,No
C00242,B,No
C00243,A,No
C00244,A,No
C00245,B,No
C00246,B,No
C00247,B,No
C00248,A,No
C00249,A,No
C00250,B,No
C00251,A,No
C00252,A,No
C00253,A,No
C00254,B,No
C00255,B,Yes
C00256,A,No
C00257,A,No
C00258,A,Yes
C00259,B,No
C00260,B,No
C00261,B,No
C00262,B,No
C00263,A,No
C00264,B,No
C00265,A,No
C00266,A,No
C00267,A,No
C00268,B,No
C00269,B,No
C00270,A,Yes
C00271,A,No
C00272,A,No
C00273,A,No
C00274,A,No
C00275,B,No
C00276,B,No
C00277,A,No
C00278,B,No
C00279,A,No
C00280,A,No
C00281,B,No
C00282,B,No
C00283,A,No
C00284,B,No
C00285,A,No
C00286,A,No
C00287,A,No
C00288,B,No
C00289,A,No
C00290,B,No
C00291,B,No
C00292,A,No
C00293,B,No
C00294,A,No
C00295,A,No
C00296,B,No
C00297,B,No
C00298,A,No
C00299,A,No
C00300,B,No
C00301,A,No
C00302,A,No
C00303,B,No
C00304,B,No
C00305,A,No
C00306,B,Yes
C00307,A,No
C00308,B,No
C00309,B,No
C00310,B,No
C00311,B,No
C00312,A,No
C00313,B,No
C00314,A,No
C00315,A,No
C00316,A,Yes
C00317,B,No
C00318,B,No
C00319,B,No
C00320,B,No
C00321,A,No
C00322,B,No
C00323,A,Yes
C00324,B,No
C00325,B,No
C00326,A,No
C00327,A,No
C00328,B,No
C00329,B,No
C00330,A,No
C00331,A,No
C00332,A,No
C00333,B,No
C00334,A,No
C00335,A,No
C00336,A,No
C00337,A,No
C00338,B,No
C00339,A,No
C00340,B,No
C00341,A,No
C00342,B,No
C00343,B,No
C00344,B,No
C00345,A,No
C00346,B,No
C00347,A,No
C00348,A,No
C00349,B,No
C00350,A,No
C00351,A,No
C00352,A,No
C00353,B,No
C00354,B,No
C00355,A,No
C00356,B,No
C00357,A,No
C00358,B,No
C00359,A,No
C00360,A,No
C00361,A,No
C00362,A,No
C00363,A,No
C00364,A,No
C00365,A,No
C00366,B,No
C00367,A,No
C00368,B,No
C00369,B,No
C00370,A,No
C00371,B,No
C00372,B,No
C00373,A,No
C00374,B,No
C00375,A,No
C00376,A,No
C00377,A,No
C00378,A,No
C00379,B,No
C00380,B,No
C00381,A,No
C00382,A,No
C00383,A,No
C00384,B,No
C00385,A,No
C00386,A,No
C00387,B,No
C00388,B,No
C00389,A,No
C00390,A,Yes
C00391,A,No
C00392,B,No
C00393,A,No
C00394,B,No
C00395,B,No
C00396,A,Yes
C00397,A,No
C00398,A,No
C00399,A,No
C00400,B,No
C00401,A,No
C00402,A,No
C00403,B,No
C00404,A,No
C00405,B,No
C00406,B,No
C00407,A,No
C00408,B,No
C00409,B,No
C00410,A,No
C00411,A,No
C00412,A,No
C00413,A,No
C00414,B,No
C00415,A,Yes
C00416,A,No
C00417,B,No
C00418,B,No
C00419,B,No
C00420,A,No
C00421,A,No
C00422,A,No
C00423,A,No
C00424,B,No
C00425,B,No
C00426,A,No
C00427,B,No
C00428,B,No
C00429,A,No
C00430,B,No
C00431,A,No
C00432,B,Yes
C00433,A,No
C00434,B,No
C00435,A,No
C00436,B,No
C00437,A,No
C00438,A,No
C00439,B,No
C00440,B,No
C00441,A,No
C00442,B,No
C00443,A,No
C00444,B,No
C00445,A,No
C00446,B,No
C00447,A,No
C00448,A,No
C00449,A,No
C00450,B,No
C00451,A,No
C00452,A,No
C00453,A,No
C00454,A,No
C00455,B,No
C00456,A,No
C00457,B,No
C00458,B,No
C00459,B,No
C00460,B,No
C00461,B,No
C00462,B,No
C00463,B,No
C00464,B,No
C00465,A,No
C00466,A,No
C00467,A,Yes
C00468,A,No
C00469,A,No
C00470,B,No
C00471,B,No
C00472,B,No
C00473,A,No
C00474,A,No
C00475,A,No
C00476,A,No
C00477,B,No
C00478,B,No
C00479,A,No
C00480,B,No
C00481,A,No
C00482,B,No
C00483,A,No
C00484,A,No
C00485,A,No
C00486,A,No
C00487,B,No
C00488,A,No
C00489,B,No
C00490,B,No
C00491,A,No
C00492,A,No
C00493,A,No
C00494,B,No
C00495,B,No
C00496,A,No
C00497,B,No
C00498,A,No
C00499,A,No
C00500,A,No
C00501,B,No
C00502,B,No
C00503,B,No
C00504,B,No
C00505,A,No
C00506,B,No
C00507,A,No
C00508,B,Yes
C00509,B,No
C00510,B,No
C00511,B,No
C00512,B,No
C00513,B,No
C00514,A,No
C00515,B,No
C00516,A,No
C00517,A,No
C00518,B,No
C00519,B,No
C00520,B,No
C00521,A,No
C00522,B,No
C00523,B,No
C00524,A,No
C00525,A,No
C00526,B,No
C00527,B,No
C00528,A,No
C00529,A,No
C00530,B,No
C00531,A,No
C00532,B,No
C00533,A,No
C00534,B,No
C00535,A,No
C00536,A,No
C00537,B,No
C00538,A,No
C00539,A,No
C00540,A,No
C00541,A,Yes
C00542,A,No
C00543,B,No
C00544,A,No
C00545,A,Yes
C00546,B,No
C00547,B,No
C00548,B,No
C00549,B,No
C00550,A,No
C00551,A,No
C00552,A,No
C00553,A,No
C00554,B,No
C00555,B,No
C00556,B,No
C00557,B,No
C00558,B,No
C00559,A,Yes
C00560,B,No
C00561,A,No
C00562,B,No
C00563,A,No
C00564,B,No
C00565,B,No
C00566,A,No
C00567,B,No
C00568,B,No
C00569,B,No
C00570,A,No
C00571,B,No
C00572,A,No
C00573,A,No
C00574,B,No
C00575,B,No
C00576,B,No
C00577,B,No
C00578,A,No
C00579,B,No
C00580,A,No
C00581,A,No
C00582,B,No
C00583,B,No
C00584,A,No
C00585,A,No
C00586,B,No
C00587,B,No
C00588,A,No
C00589,B,No
C00590,A,No
C00591,B,No
C00592,A,No
C00593,B,No
C00594,A,No
C00595,B,No
C00596,A,Yes
C00597,B,No
C00598,A,No
C00599,B,No
C00600,A,No
C00601,A,No
C00602,A,No
C00603,B,No
C00604,B,Yes
C00605,B,No
C00606,A,No
C00607,B,No
C00608,A,No
C00609,A,No
C00610,A,No
C00611,A,No
C00612,A,No
C00613,A,No
C00614,B,No
C00615,A,Yes
C00616,A,No
C00617,B,No
C00618,B,No
C00619,B,No
C00620,B,No
C00621,A,No
C00622,A,No
C00623,A,No
C00624,A,Yes
C00625,B,No
C00626,A,No
C00627,A,No
C00628,B,No
C00629,A,No
C00630,B,No
C00631,A,No
C00632,B,No
C00633,A,No
C00634,A,No
C00635,A,No
C00636,A,No
C00637,B,No
C00638,A,No
C00639,B,No
C00640,B,No
C00641,A,No
C00642,B,No
C00643,B,No
C00644,A,No
C00645,A,No
C00646,B,No
C00647,A,No
C00648,A,Yes
C00649,A,No
C00650,B,No
C00651,A,No
C00652,A,No
C00653,A,No
C00654,B,No
C00655,A,No
C00656,B,No
C00657,B,No
C00658,A,No
C00659,A,No
C00660,A,No
C00661,A,No
C00662,A,No
C00663,B,No
C00664,B,No
C00665,B,No
C00666,B,No
C00667,B,No
C00668,A,No
C00669,B,No
C00670,B,No
C00671,A,No
C00672,A,No
C00673,A,No
C00674,B,No
C00675,B,No
C00676,A,No
C00677,B,No
C00678,B,No
C00679,B,No
C00680,B,No
C00681,A,No
C00682,A,No
C00683,A,Yes
C00684,A,No
C00685,B,No
C00686,A,No
C00687,A,No
C00688,B,No
C00689,B,No
C00690,B,No
C00691,A,No
C00692,B,No
C00693,B,Yes
C00694,B,No
C00695,B,No
C00696,A,No
C00697,A,No
C00698,A,No
C00699,B,No
C00700,A,No
C00701,B,No
C00702,A,No
C00703,A,No
C00704,A,No
C00705,A,No
C00706,A,No
C00707,A,No
C00708,B,No
C00709,B,No
C00710,A,No
C00711,A,No
C00712,B,No
C00713,A,Yes
C00714,B,No
C00715,B,No
C00716,A,No
C00717,A,No
C00718,A,No
C00719,A,Yes
C00720,A,No
C00721,A,No
C00722,A,No
C00723,A,No
C00724,B,No
C00725,B,No
C00726,A,No
C00727,B,No
C00728,B,No
C00729,B,No
C00730,A,No
C00731,A,No
C00732,B,No
C00733,B,No
C00734,A,No
C00735,A,No
C00736,A,No
C00737,B,No
C00738,A,No
C00739,A,No
C00740,A,No
C00741,A,No
C00742,B,No
C00743,A,No
C00744,B,No
C00745,A,No
C00746,B,No
C00747,B,No
C00748,A,No
C00749,B,No
C00750,A,No
C00751,A,No
C00752,A,No
C00753,B,No
C00754,A,No
C00755,B,No
C00756,A,Yes
C00757,A,No
C00758,A,No
C00759,A,No
C00760,A,No
C00761,B,No
C00762,A,No
C00763,B,No
C00764,B,No
C00765,B,No
C00766,A,No
C00767,B,No
C00768,A,No
C00769,B,No
C00770,A,No
C00771,A,No
C00772,B,No
C00773,A,No
C00774,A,No
C00775,A,No
C00776,A,No
C00777,B,No
C00778,B,No
C00779,A,No
C00780,A,No
C00781,A,No
C00782,A,No
C00783,B,No
C00784,B,No
C00785,A,No
C00786,A,No
C00787,A,No
C00788,B,No
C00789,B,No
C00790,B,No
C00791,B,No
C00792,A,No
C00793,A,No
C00794,A,No
C00795,B,No
C00796,B,No
C00797,A,No
C00798,A,No
C00799,B,No
C00800,B,No
C00801,A,No
C00802,A,Yes
C00803,B,No
C00804,A,No
C00805,B,Yes
C00806,B,Yes
C00807,B,No
C00808,B,No
C00809,A,No
C00810,B,No
C00811,A,No
C00812,B,No
C00813,A,No
C00814,B,No
C00815,A,Yes
C00816,B,No
C00817,A,No
C00818,A,No
C00819,A,No
C00820,A,No
C00821,B,No
C00822,A,No
C00823,A,No
C00824,A,No
C00825,A,No
C00826,A,No
C00827,B,No
C00828,A,No
C00829,A,No
C00830,B,No
C00831,B,No
C00832,A,No
C00833,A,No
C00834,A,No
C00835,B,No
C00836,B,No
C00837,B,No
C00838,A,No
C00839,A,No
C00840,B,Yes
C00841,A,No
C00842,B,No
C00843,A,No
C00844,B,No
C00845,A,No
C00846,B,No
C00847,A,No
C00848,B,No
C00849,B,No
C00850,A,No
C00851,B,No
C00852,B,No
C00853,A,No
C00854,A,No
C00855,B,No
C00856,B,No
C00857,B,No
C00858,A,No
C00859,A,No
C00860,B,No
C00861,A,No
C00862,B,No
C00863,B,Yes
C00864,A,No
C00865,A,No
C00866,B,No
C00867,A,No
C00868,B,No
C00869,B,No
C00870,B,No
C00871,A,No
C00872,B,No
C00873,B,No
C00874,B,No
C00875,B,No
C00876,A,No
C00877,B,No
C00878,A,No
C00879,A,No
C00880,A,No
C00881,B,No
C00882,A,No
C00883,A,No
C00884,B,No
C00885,B,No
C00886,B,No
C00887,A,No
C00888,B,No
C00889,A,No
C00890,B,No
C00891,B,No
C00892,B,No
C00893,B,No
C00894,A,No
C00895,A,No
C00896,B,No
C00897,B,No
C00898,A,No
C00899,A,No
C00900,B,No
C00901,A,No
C00902,A,No
C00903,A,No
C00904,A,Yes
C00905,A,No
C00906,A,No
C00907,A,No
C00908,B,No
C00909,B,No
C00910,A,No
C00911,B,No
C00912,B,No
C00913,A,No
C00914,B,No
C00915,B,No
C00916,A,No
C00917,B,No
C00918,A,No
C00919,A,No
C00920,A,No
C00921,B,No
C00922,A,No
C00923,A,No
C00924,A,No
C00925,A,No
C00926,A,No
C00927,A,No
C00928,A,No
C00929,B,No
C00930,A,No
C00931,B,No
C00932,B,No
C00933,B,No
C00934,A,No
C00935,B,No
C00936,B,No
C00937,B,No
C00938,B,No
C00939,B,No
C00940,A,No
C00941,B,No
C00942,A,No
C00943,A,No
C00944,B,No
C00945,A,No
C00946,A,No
C00947,B,Yes
C00948,A,No
C00949,A,No
C00950,B,No
C00951,B,No
C00952,A,No
C00953,B,No
C00954,B,No
C00955,A,No
C00956,B,No
C00957,B,No
C00958,A,No
C00959,A,No
C00960,B,No
C00961,A,No
C00962,B,No
C00963,A,Yes
C00964,B,No
C00965,B,No
C00966,B,No
C00967,A,No
C00968,B,No
C00969,B,No
C00970,A,No
C00971,B,No
C00972,A,No
C00973,A,No
C00974,B,No
C00975,A,No
C00976,A,No
C00977,B,No
C00978,A,No
C00979,B,No
C00980,B,No
C00981,B,No
C00982,A,No
C00983,B,No
C00984,A,No
C00985,B,No
C00986,B,No
C00987,B,No
C00988,B,No
C00989,A,No
C00990,A,No
C00991,A,No
C00992,B,No
C00993,A,No
C00994,A,No
C00995,B,No
C00996,A,No
C00997,A,No
C00998,A,No
C00999,A,No
C01000,A,No
C01001,A,No
C01002,A,No
C01003,A,No
C01004,A,No
C01005,A,No
C01006,B,No
C01007,A,No
C01008,A,No
C01009,B,No
C01010,B,No
C01011,A,No
C01012,A,No
C01013,A,No
C01014,A,No
C01015,A,No
C01016,A,No
C01017,B,No
C01018,B,Yes
C01019,A,Yes
C01020,A,No
C01021,B,No
C01022,B,No
C01023,A,No
C01024,B,No
C01025,A,Yes
C01026,B,No
C01027,A,Yes
C01028,A,No
C01029,A,No
C01030,A,No
C01031,A,No
C01032,A,No
C01033,B,No
C01034,B,No
C01035,A,No
C01036,A,No
C01037,B,No
C01038,A,No
C01039,A,No
C01040,B,No
C01041,B,No
C01042,B,Yes
C01043,B,No
C01044,A,No
C01045,A,No
C01046,A,No
C01047,A,No
C01048,A,No
C01049,B,No
C01050,A,No
C01051,A,No
C01052,A,No
C01053,A,No
C01054,B,No
C01055,A,No
C01056,A,No
C01057,B,No
C01058,B,No
C01059,A,No
C01060,B,No
C01061,A,No
C01062,B,No
C01063,A,No
C01064,B,No
C01065,A,No
C01066,B,No
C01067,B,No
C01068,A,No
C01069,B,No
C01070,A,Yes
C01071,B,No
C01072,B,No
C01073,A,No
C01074,A,No
C01075,A,No
C01076,A,No
C01077,A,No
C01078,B,No
C01079,B,No
C01080,B,No
C01081,B,No
C01082,A,No
C01083,B,No
C01084,B,No
C01085,A,No
C01086,A,No
C01087,A,No
C01088,B,No
C01089,A,No
C01090,B,No
C01091,B,No
C01092,A,No
C01093,A,No
C01094,A,No
C01095,B,No
C01096,A,No
C01097,A,No
C01098,A,No
C01099,B,No
C01100,B,No
C01101,B,No
C01102,B,No
C01103,B,No
C01104,B,No
C01105,A,No
C01106,B,No
C01107,B,No
C01108,B,No
C01109,B,No
C01110,A,No
C01111,B,No
C01112,A,Yes
C01113,B,No
C01114,A,No
C01115,B,No
C01116,A,No
C01117,A,No
C01118,B,No
C01119,A,No
C01120,A,No
C01121,A,No
C01122,A,No
C01123,A,No
C01124,B,No
C01125,B,No
C01126,B,No
C01127,A,No
C01128,A,No
C01129,B,No
C01130,A,No
C01131,A,No
C01132,B,No
C01133,B,Yes
C01134,A,No
C01135,A,No
C01136,B,No
C01137,B,No
C01138,B,No
C01139,B,No
C01140,A,No
C01141,B,No
C01142,A,No
C01143,A,No
C01144,B,No
C01145,A,No
C01146,A,No
C01147,A,No
C01148,A,No
C01149,B,No
C01150,A,No
C01151,B,No
C01152,A,No
C01153,B,No
C01154,A,No
C01155,A,No
C01156,A,No
C01157,A,No
C01158,A,No
C01159,A,No
C01160,B,No
C01161,B,No
C01162,B,No
C01163,B,No
C01164,A,No
C01165,B,No
C01166,A,No
C01167,B,No
C01168,B,No
C01169,B,No
C01170,A,No
C01171,A,No
C01172,A,No
C01173,B,Yes
C01174,A,No
C01175,B,No
C01176,B,No
C01177,A,No
C01178,A,No
C01179,B,No
C01180,A,No
C01181,A,No
C01182,A,No
C01183,B,No
C01184,A,No
C01185,B,No
C01186,B,No
C01187,A,No
C01188,A,Yes
C01189,B,No
C01190,A,No
C01191,A,No
C01192,A,No
C01193,A,No
C01194,A,No
C01195,A,No
C01196,A,No
C01197,A,No
C01198,A,No
C01199,A,No
C01200,B,No
C01201,A,No
C01202,A,No
C01203,B,No
C01204,B,No
C01205,A,No
C01206,A,No
C01207,B,No
C01208,B,No
C01209,A,No
C01210,B,No
C01211,A,No
C01212,A,No
C01213,B,No
C01214,B,No
C01215,A,No
C01216,A,No
C01217,A,No
C01218,B,No
C01219,A,No
C01220,A,No
C01221,A,No
C01222,A,No
C01223,A,No
C01224,B,No
C01225,A,No
C01226,A,No
C01227,A,No
C01228,B,No
C01229,A,Yes
C01230,A,No
C01231,B,No
C01232,A,No
C01233,B,Yes
C01234,B,No
C01235,A,No
C01236,A,No
C01237,A,No
C01238,A,No
C01239,B,No
C01240,A,No
C01241,B,No
C01242,B,No
C01243,A,No
C01244,B,No
C01245,A,No
C01246,B,No
C01247,B,No
C01248,B,No
C01249,B,No
C01250,B,No
C01251,A,No
C01252,B,No
C01253,B,No
C01254,B,No
C01255,B,No
C01256,B,No
C01257,B,No
C01258,B,No
C01259,A,No
C01260,A,Yes
C01261,A,No
C01262,A,No
C01263,B,No
C01264,B,No
C01265,B,No
C01266,B,No
C01267,B,No
C01268,A,No
C01269,B,No
C01270,B,No
C01271,B,No
C01272,A,Yes
C01273,A,No
C01274,A,No
C01275,A,No
C01276,A,No
C01277,A,No
C01278,A,No
C01279,B,No
C01280,A,No
C01281,B,No
C01282,A,Yes
C01283,A,No
C01284,B,No
C01285,B,No
C01286,B,No
C01287,A,No
C01288,B,No
C01289,B,No
C01290,A,No
C01291,B,No
C01292,B,No
C01293,B,No
C01294,A,No
C01295,B,No
C01296,A,No
C01297,A,Yes
C01298,B,No
C01299,A,No
C01300,B,No
C01301,B,No
C01302,B,Yes
C01303,B,No
C01304,A,No
C01305,B,No
C01306,B,No
C01307,A,No
C01308,A,No
C01309,B,No
C01310,A,No
C01311,B,No
C01312,A,No
C01313,A,No
C01314,B,No
C01315,B,No
C01316,A,No
C01317,A,No
C01318,B,No
C01319,A,No
C01320,B,No
C01321,B,No
C01322,A,No
C01323,A,No
C01324,A,Yes
C01325,A,No
C01326,A,No
C01327,B,No
C01328,A,No
C01329,B,No
C01330,B,No
C01331,A,No
C01332,B,No
C01333,A,No
C01334,B,No
C01335,B,No
C01336,B,No
C01337,A,No
C01338,A,No
C01339,A,No
C01340,B,No
C01341,B,No
C01342,B,No
C01343,B,No
C01344,B,No
C01345,B,No
C01346,A,No
C01347,B,No
C01348,B,No
C01349,A,No
C01350,B,No
C01351,B,No
C01352,B,No
C01353,B,No
C01354,A,No
C01355,A,No
C01356,B,No
C01357,B,No
C01358,A,No
C01359,A,Yes
C01360,B,No
C01361,A,No
C01362,A,No
C01363,A,No
C01364,B,No
C01365,A,No
C01366,B,No
C01367,B,No
C01368,A,No
C01369,A,No
C01370,A,No
C01371,B,No
C01372,B,No
C01373,A,No
C01374,A,No
C01375,B,No
C01376,A,No
C01377,B,No
C01378,B,No
C01379,A,No
C01380,A,No
C01381,A,No
C01382,B,No
C01383,B,No
C01384,B,No
C01385,A,No
C01386,B,No
C01387,B,No
C01388,A,No
C01389,B,No
C01390,A,No
C01391,B,Yes
C01392,A,No
C01393,B,No
C01394,B,Yes
C01395,B,No
C01396,B,No
C01397,A,No
C01398,A,No
C01399,A,No
C01400,A,No
C01401,A,No
C01402,A,No
C01403,A,No
C01404,B,No
C01405,B,No
C01406,B,No
C01407,A,No
C01408,A,No
C01409,A,No
C01410,A,No
C01411,A,No
C01412,B,No
C01413,A,No
C01414,A,No
C01415,A,No
C01416,B,No
C01417,A,No
C01418,A,No
C01419,B,No
C01420,B,Yes
C01421,B,No
C01422,B,No
C01423,B,No
C01424,B,No
C01425,A,No
C01426,A,No
C01427,B,No
C01428,A,No
C01429,B,Yes
C01430,A,No
C01431,B,No
C01432,B,No
C01433,A,No
C01434,A,No
C01435,B,No
C01436,A,No
C01437,A,No
C01438,B,No
C01439,B,No
C01440,A,No
C01441,A,No
C01442,B,No
C01443,A,No
C01444,B,No
C01445,B,No
C01446,B,No
C01447,A,No
C01448,B,No
C01449,A,No
C01450,A,No
C01451,B,No
C01452,B,No
C01453,B,No
C01454,A,No
C01455,B,No
C01456,A,No
C01457,A,No
C01458,B,No
C01459,B,No
C01460,B,No
C01461,B,No
C01462,A,No
C01463,B,No
C01464,B,Yes
C01465,A,No
C01466,B,No
C01467,B,No
C01468,B,No
C01469,A,No
C01470,A,No
C01471,A,No
C01472,A,No
C01473,B,No
C01474,A,No
C01475,A,No
C01476,A,No
C01477,B,No
C01478,A,No
C01479,B,No
C01480,B,No
C01481,A,No
C01482,A,No
C01483,A,No
C01484,A,No
C01485,A,No
C01486,A,No
C01487,B,No
C01488,A,No
C01489,A,No
C01490,A,No
C01491,A,No
C01492,A,No
C01493,B,No
C01494,B,No
C01495,A,No
C01496,A,No
C01497,B,No
C01498,B,Yes
C01499,A,No
C01500,B,No
C01501,A,No
C01502,B,No
C01503,B,No
C01504,B,No
C01505,B,No
C01506,B,No
C01507,B,No
C01508,B,No
C01509,A,No
C01510,B,No
C01511,A,No
C01512,A,No
C01513,B,No
C01514,A,No
C01515,B,No
C01516,A,No
C01517,B,No
C01518,A,No
C01519,B,No
C01520,B,No
C01521,A,No
C01522,B,No
C01523,B,No
C01524,A,No
C01525,B,No
C01526,A,No
C01527,B,No
C01528,B,No
C01529,B,No
C01530,A,No
C01531,B,No
C01532,A,No
C01533,A,No
C01534,A,No
C01535,A,No
C01536,B,No
C01537,B,No
C01538,B,No
C01539,B,No
C01540,B,No
C01541,B,No
C01542,A,No
C01543,B,No
C01544,A,No
C01545,B,No
C01546,A,No
C01547,B,No
C01548,B,No
C01549,A,No
C01550,A,No
C01551,A,No
C01552,A,No
C01553,B,No
C01554,A,No
C01555,B,No
C01556,B,No
C01557,A,No
C01558,B,No
C01559,B,No
C01560,B,No
C01561,A,No
C01562,B,No
C01563,A,No
C01564,B,No
C01565,A,Yes
C01566,A,No
C01567,B,No
C01568,B,No
C01569,A,No
C01570,A,No
C01571,A,No
C01572,B,No
C01573,B,No
C01574,B,No
C01575,B,No
C01576,A,No
C01577,B,No
C01578,B,No
C01579,A,No
C01580,A,No
C01581,B,No
C01582,B,No
C01583,A,No
C01584,B,No
C01585,B,No
C01586,B,No
C01587,A,No
C01588,A,No
C01589,A,No
C01590,A,No
C01591,B,No
C01592,B,No
C01593,A,No
C01594,A,No
C01595,A,No
C01596,B,No
C01597,B,No
C01598,A,No
C01599,A,No
C01600,B,No
C01601,A,No
C01602,B,No
C01603,B,No
C01604,B,No
C01605,B,No
C01606,A,No
C01607,B,No
C01608,B,No
C01609,B,No
C01610,A,No
C01611,B,No
C01612,A,Yes
C01613,A,Yes
C01614,A,No
C01615,A,No
C01616,A,No
C01617,B,No
C01618,A,No
C01619,B,Yes
C01620,B,No
C01621,B,No
C01622,B,No
C01623,B,No
C01624,B,No
C01625,A,No
C01626,B,No
C01627,A,No
C01628,A,No
C01629,A,No
C01630,A,No
C01631,B,No
C01632,B,No
C01633,A,No
C01634,A,No
C01635,B,No
C01636,B,No
C01637,B,No
C01638,A,No
C01639,B,No
C01640,A,No
C01641,B,No
C01642,B,No
C01643,B,No
C01644,A,No
C01645,A,No
C01646,A,No
C01647,A,No
C01648,B,No
C01649,A,No
C01650,A,No
C01651,A,Yes
C01652,A,Yes
C01653,B,No
C01654,B,No
C01655,B,No
C01656,A,No
C01657,B,No
C01658,B,No
C01659,B,No
C01660,B,No
C01661,B,No
C01662,B,Yes
C01663,A,No
C01664,A,No
C01665,A,Yes
C01666,B,No
C01667,B,No
C01668,A,No
C01669,A,No
C01670,B,No
C01671,A,No
C01672,B,Yes
C01673,B,No
C01674,A,No
C01675,B,No
C01676,A,No
C01677,A,No
C01678,A,No
C01679,A,No
C01680,B,No
C01681,B,No
C01682,A,No
C01683,A,No
C01684,B,No
C01685,A,Yes
C01686,B,No
C01687,A,No
C01688,B,No
C01689,A,No
C01690,B,No
C01691,B,No
C01692,A,No
C01693,A,No
C01694,B,No
C01695,A,No
C01696,B,No
C01697,B,No
C01698,B,No
C01699,B,No
C01700,B,No
C01701,A,No
C01702,B,No
C01703,B,Yes
C01704,A,No
C01705,B,Yes
C01706,A,No
C01707,B,No
C01708,B,No
C01709,A,No
C01710,B,No
C01711,A,No
C01712,A,No
C01713,A,Yes
C01714,B,No
C01715,B,No
C01716,B,No
C01717,A,No
C01718,A,No
C01719,A,No
C01720,A,No
C01721,A,No
C01722,B,No
C01723,B,No
C01724,B,No
C01725,A,No
C01726,B,No
C01727,B,No
C01728,A,No
C01729,B,No
C01730,B,No
C01731,A,No
C01732,B,No
C01733,A,No
C01734,A,No
C01735,B,No
C01736,B,No
C01737,A,No
C01738,A,No
C01739,B,No
C01740,A,No
C01741,B,No
C01742,A,No
C01743,B,No
C01744,B,Yes
C01745,A,No
C01746,B,No
C01747,A,No
C01748,B,No
C01749,B,No
C01750,A,No
C01751,A,No
C01752,B,No
C01753,A,No
C01754,A,No
C01755,A,No
C01756,A,No
C01757,B,No
C01758,A,No
C01759,A,No
C01760,B,Yes
C01761,A,No
C01762,A,Yes
C01763,B,No
C01764,B,No
C01765,A,No
C01766,B,No
C01767,A,No
C01768,A,No
C01769,B,No
C01770,B,No
C01771,A,Yes
C01772,B,No
C01773,B,No
C01774,A,No
C01775,A,No
C01776,B,No
C01777,B,No
C01778,B,No
C01779,B,Yes
C01780,B,No
C01781,B,No
C01782,A,Yes
C01783,B,No
C01784,B,No
C01785,B,No
C01786,B,No
C01787,B,No
C01788,A,No
C01789,A,No
C01790,A,No
C01791,B,No
C01792,A,No
C01793,B,No
C01794,B,No
C01795,B,No
C01796,B,No
C01797,B,Yes
C01798,A,Yes
C01799,B,No
C01800,A,No
C01801,B,No
C01802,A,No
C01803,A,No
C01804,B,No
C01805,A,No
C01806,A,No
C01807,B,No
C01808,B,No
C01809,B,No
C01810,A,No
C01811,B,No
C01812,A,No
C01813,A,No
C01814,A,No
C01815,A,No
C01816,B,No
C01817,A,No
C01818,A,No
C01819,A,No
C01820,B,No
C01821,A,No
C01822,B,No
C01823,B,No
C01824,B,No
C01825,A,No
C01826,A,No
C01827,B,No
C01828,A,No
C01829,B,No
C01830,B,No
C01831,A,No
C01832,A,No
C01833,A,No
C01834,B,No
C01835,A,Yes
C01836,A,No
C01837,A,No
C01838,A,No
C01839,B,No
C01840,A,No
C01841,B,No
C01842,B,No
C01843,B,Yes
C01844,B,No
C01845,A,No
C01846,B,No
C01847,A,No
C01848,B,No
C01849,B,No
C01850,B,No
C01851,B,No
C01852,A,No
C01853,B,No
C01854,A,Yes
C01855,B,No
C01856,B,No
C01857,A,No
C01858,B,No
C01859,A,No
C01860,A,No
C01861,A,No
C01862,A,No
C01863,B,No
C01864,B,No
C01865,B,No
C01866,B,No
C01867,B,Yes
C01868,B,No
C01869,B,No
C01870,A,No
C01871,B,No
C01872,A,No
C01873,B,No
C01874,B,No
C01875,A,No
C01876,B,Yes
C01877,B,No
C01878,A,No
C01879,B,No
C01880,B,No
C01881,B,No
C01882,A,Yes
C01883,B,No
C01884,A,No
C01885,A,No
C01886,B,No
C01887,B,No
C01888,A,No
C01889,A,No
C01890,B,No
C01891,A,No
C01892,B,No
C01893,A,No
C01894,B,No
C01895,A,No
C01896,A,No
C01897,B,No
C01898,A,No
C01899,B,No
C01900,A,No
C01901,B,No
C01902,B,No
C01903,A,No
C01904,A,No
C01905,A,No
C01906,B,No
C01907,B,No
C01908,A,No
C01909,B,No
C01910,B,No
C01911,B,No
C01912,A,No
C01913,B,No
C01914,A,No
C01915,A,No
C01916,B,No
C01917,A,No
C01918,A,No
C01919,A,No
C01920,A,No
C01921,B,No
C01922,A,No
C01923,B,No
C01924,A,No
C01925,A,No
C01926,B,No
C01927,A,No
C01928,B,No
C01929,A,Yes
C01930,B,No
C01931,B,No
C01932,B,No
C01933,B,No
C01934,A,No
C01935,A,No
C01936,A,No
C01937,B,No
C01938,B,No
C01939,B,No
C01940,B,No
C01941,B,No
C01942,B,No
C01943,B,No
C01944,B,No
C01945,A,No
C01946,B,No
C01947,B,No
C01948,B,No
C01949,B,No
C01950,A,No
C01951,B,No
C01952,A,Yes
C01953,B,No
C01954,B,No
C01955,A,No
C01956,B,No
C01957,B,No
C01958,A,No
C01959,B,No
C01960,B,Yes
C01961,A,No
C01962,B,No
C01963,B,No
C01964,A,No
C01965,A,No
C01966,B,No
C01967,A,No
C01968,B,No
C01969,A,No
C01970,B,Yes
C01971,B,No
C01972,A,No
C01973,B,Yes
C01974,A,No
C01975,B,No
C01976,A,No
C01977,A,No
C01978,A,No
C01979,A,No
C01980,B,No
C01981,A,No
C01982,B,No
C01983,A,No
C01984,B,No
C01985,B,No
C01986,A,No
C01987,A,No
C01988,B,No
C01989,A,No
C01990,A,No
C01991,B,No
C01992,A,No
C01993,B,No
C01994,A,No
C01995,B,No
C01996,A,No
C01997,A,No
C01998,A,No
C01999,B,No
C02000,A,No
C02001,A,No
C02002,A,No
C02003,B,No
C02004,B,No
C02005,A,No
C02006,B,No
C02007,B,No
C02008,A,No
C02009,B,No
C02010,B,No
C02011,A,No
C02012,A,Yes
C02013,B,No
C02014,B,No
C02015,A,No
C02016,A,No
C02017,B,No
C02018,B,No
C02019,B,No
C02020,A,No
C02021,A,No
C02022,A,No
C02023,A,No
C02024,A,No
C02025,B,No
C02026,B,No
C02027,B,No
C02028,A,No
C02029,B,No
C02030,A,No
C02031,B,No
C02032,A,No
C02033,A,Yes
C02034,B,No
C02035,A,No
C02036,B,No
C02037,A,No
C02038,A,No
C02039,A,No
C02040,A,No
C02041,A,No
C02042,B,No
C02043,A,No
C02044,B,No
C02045,A,Yes
C02046,B,No
C02047,B,No
C02048,B,No
C02049,B,No
C02050,B,No
C02051,B,No
C02052,A,No
C02053,B,No
C02054,A,No
C02055,B,No
C02056,A,No
C02057,A,No
C02058,A,No
C02059,B,No
C02060,A,No
C02061,B,No
C02062,B,No
C02063,B,No
C02064,A,No
C02065,B,Yes
C02066,A,No
C02067,A,No
C02068,B,No
C02069,A,No
C02070,A,No
C02071,A,No
C02072,B,No
C02073,B,No
C02074,A,No
C02075,A,No
C02076,B,No
C02077,B,No
C02078,B,No
C02079,A,No
C02080,B,No
C02081,A,No
C02082,A,Yes
C02083,B,No
C02084,B,No
C02085,A,No
C02086,A,No
C02087,A,No
C02088,B,No
C02089,B,No
C02090,B,No
C02091,B,No
C02092,B,No
C02093,A,No
C02094,A,No
C02095,B,No
C02096,A,No
C02097,A,No
C02098,A,No
C02099,B,No
C02100,A,No
C02101,A,No
C02102,A,Yes
C02103,B,No
C02104,A,No
C02105,B,No
C02106,A,Yes
C02107,B,Yes
C02108,B,No
C02109,A,No
C02110,B,No
C02111,A,No
C02112,A,No
C02113,A,No
C02114,B,No
C02115,A,No
C02116,A,No
C02117,A,No
C02118,A,No
C02119,A,No
C02120,A,No
C02121,B,No
C02122,B,No
C02123,A,Yes
C02124,A,No
C02125,B,No
C02126,A,No
C02127,A,No
C02128,A,No
C02129,B,No
C02130,B,No
C02131,A,No
C02132,B,No
C02133,A,No
C02134,B,No
C02135,B,No
C02136,B,No
C02137,A,No
C02138,B,No
C02139,B,No
C02140,A,No
C02141,B,No
C02142,B,No
C02143,A,No
C02144,B,No
C02145,B,No
C02146,B,No
C02147,B,No
C02148,A,No
C02149,B,No
C02150,B,No
C02151,A,No
C02152,A,No
C02153,B,Yes
C02154,B,No
C02155,A,No
C02156,B,No
C02157,B,No
C02158,A,No
C02159,B,No
C02160,B,No
C02161,A,No
C02162,B,No
C02163,A,Yes
C02164,A,No
C02165,B,No
C02166,A,No
C02167,B,No
C02168,B,No
C02169,A,No
C02170,A,No
C02171,A,No
C02172,A,No
C02173,B,Yes
C02174,A,No
C02175,B,No
C02176,A,No
C02177,A,Yes
C02178,B,No
C02179,A,No
C02180,B,No
C02181,A,No
C02182,B,No
C02183,A,No
C02184,B,No
C02185,A,No
C02186,B,No
C02187,A,No
C02188,B,No
C02189,B,No
C02190,B,No
C02191,B,No
C02192,A,No
C02193,A,No
C02194,A,No
C02195,B,No
C02196,A,No
C02197,B,No
C02198,A,Yes
C02199,A,No
C02200,B,Yes
C02201,A,No
C02202,B,No
C02203,B,No
C02204,B,No
C02205,B,No
C02206,A,No
C02207,A,No
C02208,B,No
C02209,A,No
C02210,A,No
C02211,A,No
C02212,B,No
C02213,B,Yes
C02214,A,No
C02215,A,No
C02216,A,No
C02217,B,No
C02218,A,No
C02219,B,No
C02220,B,No
C02221,A,No
C02222,A,No
C02223,A,No
C02224,A,No
C02225,B,No
C02226,A,No
C02227,B,No
C02228,A,No
C02229,A,No
C02230,A,No
C02231,A,No
C02232,A,No
C02233,A,No
C02234,B,No
C02235,B,No
C02236,B,No
C02237,A,No
C02238,B,No
C02239,B,No
C02240,B,No
C02241,B,No
C02242,A,No
C02243,A,No
C02244,A,No
C02245,A,No
C02246,B,No
C02247,A,No
C02248,A,No
C02249,B,No
C02250,B,No
C02251,B,No
C02252,A,No
C02253,A,No
C02254,B,No
C02255,B,No
C02256,A,No
C02257,B,No
C02258,A,No
C02259,A,Yes
C02260,B,No
C02261,B,No
C02262,B,No
C02263,A,No
C02264,A,No
C02265,B,No
C02266,B,No
C02267,B,No
C02268,B,No
C02269,A,No
C02270,A,No
C02271,B,No
C02272,B,No
C02273,A,Yes
C02274,A,No
C02275,A,No
C02276,A,No
C02277,A,No
C02278,B,No
C02279,A,No
C02280,B,No
C02281,A,No
C02282,B,No
C02283,B,No
C02284,B,No
C02285,A,No
C02286,A,No
C02287,B,No
C02288,B,No
C02289,B,No
C02290,B,No
C02291,A,No
C02292,A,No
C02293,A,No
C02294,B,No
C02295,A,Yes
C02296,A,No
C02297,A,No
C02298,B,No
C02299,A,No
C02300,A,No
C02301,A,No
C02302,A,No
C02303,A,No
C02304,B,No
C02305,B,No
C02306,A,No
C02307,B,No
C02308,B,Yes
C02309,A,No
C02310,A,No
C02311,B,No
C02312,A,No
C02313,A,No
C02314,B,No
C02315,B,No
C02316,A,No
C02317,B,No
C02318,B,No
C02319,B,No
C02320,A,No
C02321,B,No
C02322,A,No
C02323,A,No
C02324,B,No
C02325,A,No
C02326,B,No
C02327,B,No
C02328,A,No
C02329,B,No
C02330,B,No
C02331,B,No
C02332,B,No
C02333,A,No
C02334,B,No
C02335,B,No
C02336,B,No
C02337,B,No
C02338,B,No
C02339,B,No
C02340,B,No
C02341,A,No
C02342,A,No
C02343,B,No
C02344,B,No
C02345,B,No
C02346,B,No
C02347,A,No
C02348,B,No
C02349,B,No
C02350,A,No
C02351,A,No
C02352,A,No
C02353,A,No
C02354,A,No
C02355,B,No
C02356,B,No
C02357,A,No
C02358,B,No
C02359,A,No
C02360,A,No
C02361,B,No
C02362,A,No
C02363,A,No
C02364,B,No
C02365,A,No
C02366,B,No
C02367,A,No
C02368,B,No
C02369,B,No
C02370,B,No
C02371,B,No
C02372,A,No
C02373,A,No
C02374,B,No
C02375,A,No
C02376,B,No
C02377,B,No
C02378,B,No
C02379,B,No
C02380,A,No
C02381,B,No
C02382,A,No
C02383,A,No
C02384,B,Yes
C02385,A,No
C02386,B,No
C02387,A,No
C02388,B,No
C02389,A,No
C02390,A,No
C02391,A,No
C02392,A,No
C02393,A,No
C02394,B,No
C02395,B,No
C02396,A,Yes
C02397,A,No
C02398,B,No
C02399,A,No
C02400,A,No
C02401,A,No
C02402,B,No
C02403,A,No
C02404,A,No
C02405,B,No
C02406,A,No
C02407,B,No
C02408,A,No
C02409,B,No
C02410,A,No
C02411,B,No
C02412,A,No
C02413,B,No
C02414,A,No
C02415,A,No
C02416,A,No
C02417,B,No
C02418,B,No
C02419,B,No
C02420,B,No
C02421,B,No
C02422,B,No
C02423,A,No
C02424,B,No
C02425,A,No
C02426,B,No
C02427,B,No
C02428,A,No
C02429,B,No
C02430,B,No
C02431,B,No
C02432,A,No
C02433,A,No
C02434,A,No
C02435,B,No
C02436,B,No
C02437,A,No
C02438,B,No
C02439,B,No
C02440,B,No
C02441,A,No
C02442,A,No
C02443,B,No
C02444,A,No
C02445,A,No
C02446,B,No
C02447,B,Yes
C02448,B,Yes
C02449,A,No
C02450,A,No
C02451,B,No
C02452,A,No
C02453,B,No
C02454,A,No
C02455,A,No
C02456,A,No
C02457,A,No
C02458,B,No
C02459,B,No
C02460,B,No
C02461,B,No
C02462,B,No
C02463,A,No
C02464,B,No
C02465,B,No
C02466,B,Yes
C02467,A,No
C02468,B,No
C02469,A,No
C02470,A,Yes
C02471,A,No
C02472,B,No
C02473,B,No
C02474,A,No
C02475,A,No
C02476,B,Yes
C02477,B,No
C02478,B,No
C02479,A,No
C02480,A,No
C02481,B,No
C02482,B,No
C02483,A,No
C02484,B,No
C02485,B,No
C02486,A,No
C02487,B,No
C02488,A,No
C02489,A,No
C02490,B,No
C02491,A,No
C02492,A,No
C02493,B,No
C02494,B,No
C02495,B,No
C02496,A,No
C02497,B,No
C02498,B,No
C02499,A,No
C02500,B,No
C02501,A,No
C02502,A,No
C02503,B,No
C02504,A,No
C02505,B,No
C02506,A,No
C02507,B,No
C02508,B,No
C02509,B,Yes
C02510,B,No
C02511,A,No
C02512,A,No
C02513,B,No
C02514,B,No
C02515,B,No
C02516,B,No
C02517,A,No
C02518,A,No
C02519,B,No
C02520,A,No
C02521,B,No
C02522,B,No
C02523,B,No
C02524,B,Yes
C02525,B,No
C02526,A,No
C02527,B,No
C02528,A,No
C02529,A,No
C02530,A,No
C02531,A,No
C02532,A,No
C02533,B,No
C02534,B,No
C02535,B,No
C02536,A,No
C02537,A,No
C02538,B,No
C02539,B,No
C02540,B,No
C02541,B,No
C02542,A,No
C02543,B,No
C02544,A,Yes
C02545,B,No
C02546,A,No
C02547,A,No
C02548,B,No
C02549,A,No
C02550,A,No
C02551,B,No
C02552,B,No
C02553,A,No
C02554,A,No
C02555,B,No
C02556,A,No
C02557,B,No
C02558,A,Yes
C02559,B,No
C02560,B,No
C02561,A,No
C02562,A,No
C02563,A,No
C02564,B,Yes
C02565,B,No
C02566,A,Yes
C02567,A,No
C02568,B,No
C02569,B,No
C02570,B,No
C02571,A,No
C02572,A,No
C02573,A,No
C02574,A,No
C02575,B,No
C02576,A,No
C02577,B,No
C02578,B,No
C02579,B,No
C02580,A,No
C02581,A,No
C02582,A,No
C02583,A,No
C02584,A,No
C02585,B,No
C02586,B,No
C02587,A,No
C02588,B,No
C02589,A,No
C02590,B,No
C02591,B,No
C02592,B,No
C02593,B,No
C02594,A,No
C02595,A,No
C02596,B,No
C02597,A,No
C02598,B,No
C02599,A,No
C02600,B,No
C02601,A,No
C02602,B,No
C02603,B,No
C02604,B,No
C02605,B,No
C02606,B,Yes
C02607,A,No
C02608,A,No
C02609,B,No
C02610,B,No
C02611,A,No
C02612,B,No
C02613,A,No
C02614,A,No
C02615,A,No
C02616,A,No
C02617,A,No
C02618,B,Yes
C02619,A,No
C02620,B,No
C02621,B,No
C02622,A,No
C02623,A,No
C02624,B,No
C02625,B,No
C02626,A,No
C02627,A,No
C02628,B,No
C02629,B,Yes
C02630,B,No
C02631,B,No
C02632,B,No
C02633,A,No
C02634,B,Yes
C02635,A,No
C02636,B,No
C02637,A,No
C02638,B,No
C02639,A,No
C02640,A,No
C02641,B,No
C02642,A,No
C02643,B,No
C02644,A,No
C02645,A,No
C02646,B,No
C02647,B,No
C02648,A,No
C02649,A,No
C02650,B,No
C02651,B,No
C02652,A,No
C02653,A,No
C02654,A,Yes
C02655,A,No
C02656,A,No
C02657,B,No
C02658,B,No
C02659,A,Yes
C02660,A,No
C02661,A,No
C02662,A,No
C02663,B,No
C02664,B,No
C02665,A,No
C02666,B,No
C02667,A,No
C02668,B,No
C02669,B,No
C02670,B,No
C02671,A,No
C02672,B,No
C02673,B,No
C02674,A,No
C02675,A,No
C02676,B,Yes
C02677,B,No
C02678,B,No
C02679,B,Yes
C02680,B,No
C02681,B,No
C02682,A,No
C02683,B,No
C02684,A,No
C02685,B,No
C02686,B,No
C02687,B,No
C02688,A,Yes
C02689,A,No
C02690,A,No
C02691,A,No
C02692,A,No
C02693,A,No
C02694,A,Yes
C02695,A,No
C02696,B,No
C02697,A,No
C02698,B,No
C02699,A,No
C02700,B,Yes
C02701,B,No
C02702,A,No
C02703,A,No
C02704,A,No
C02705,A,No
C02706,A,No
C02707,A,No
C02708,A,No
C02709,A,No
C02710,A,No
C02711,B,No
C02712,A,No
C02713,A,No
C02714,B,No
C02715,B,No
C02716,A,No
C02717,B,No
C02718,B,No
C02719,B,No
C02720,A,No
C02721,A,No
C02722,A,Yes
C02723,B,No
C02724,A,No
C02725,A,No
C02726,B,No
C02727,A,No
C02728,A,No
C02729,A,No
C02730,A,No
C02731,B,No
C02732,B,No
C02733,B,No
C02734,A,No
C02735,B,No
C02736,A,No
C02737,A,No
C02738,B,No
C02739,A,No
C02740,A,No
C02741,A,No
C02742,B,No
C02743,A,No
C02744,A,No
C02745,B,No
C02746,A,No
C02747,A,No
C02748,A,No
C02749,B,No
C02750,B,No
C02751,A,No
C02752,A,No
C02753,B,No
C02754,A,No
C02755,A,No
C02756,B,No
C02757,B,No
C02758,B,No
C02759,A,No
C02760,A,No
C02761,A,No
C02762,B,No
C02763,B,No
C02764,B,No
C02765,A,No
C02766,B,Yes
C02767,B,No
C02768,A,No
C02769,B,No
C02770,B,No
C02771,A,No
C02772,A,No
C02773,A,No
C02774,B,No
C02775,B,No
C02776,B,No
C02777,B,No
C02778,A,No
C02779,B,No
C02780,B,No
C02781,B,No
C02782,A,No
C02783,B,No
C02784,A,No
C02785,B,No
C02786,A,Yes
C02787,A,No
C02788,B,No
C02789,B,No
C02790,B,No
C02791,B,No
C02792,A,No
C02793,B,No
C02794,A,No
C02795,A,No
C02796,A,No
C02797,B,No
C02798,B,No
C02799,B,No
C02800,A,No
C02801,B,No
C02802,B,No
C02803,B,No
C02804,A,No
C02805,A,No
C02806,A,No
C02807,B,No
C02808,A,No
C02809,A,No
C02810,B,No
C02811,A,No
C02812,A,No
C02813,A,No
C02814,B,No
C02815,B,No
C02816,B,No
C02817,A,No
C02818,A,No
C02819,A,No
C02820,B,Yes
C02821,B,No
C02822,A,No
C02823,A,Yes
C02824,B,No
C02825,A,No
C02826,B,No
C02827,A,No
C02828,A,No
C02829,A,No
C02830,A,No
C02831,B,No
C02832,A,No
C02833,A,No
C02834,B,No
C02835,A,No
C02836,A,No
C02837,B,No
C02838,B,No
C02839,B,No
C02840,B,No
C02841,B,No
C02842,A,No
C02843,A,No
C02844,B,No
C02845,A,No
C02846,B,No
C02847,A,No
C02848,A,No
C02849,A,No
C02850,B,Yes
C02851,A,No
C02852,A,No
C02853,A,No
C02854,B,No
C02855,A,No
C02856,B,No
C02857,A,No
C02858,A,No
C02859,B,Yes
C02860,B,No
C02861,B,No
C02862,B,No
C02863,A,No
C02864,A,Yes
C02865,B,No
C02866,B,No
C02867,B,No
C02868,B,No
C02869,B,No
C02870,A,No
C02871,B,Yes
C02872,B,No
C02873,A,No
C02874,A,No
C02875,B,No
C02876,A,No
C02877,A,No
C02878,A,No
C02879,A,No
C02880,A,No
C02881,B,No
C02882,A,No
C02883,B,No
C02884,B,No
C02885,B,No
C02886,A,No
C02887,B,No
C02888,A,No
C02889,A,No
C02890,B,No
C02891,A,No
C02892,B,No
C02893,B,No
C02894,A,No
C02895,A,No
C02896,B,No
C02897,A,No
C02898,B,No
C02899,B,No
C02900,A,No
C02901,A,No
C02902,B,No
C02903,B,No
C02904,B,No
C02905,A,Yes
C02906,B,Yes
C02907,B,No
C02908,B,No
C02909,A,No
C02910,A,No
C02911,A,No
C02912,B,No
C02913,B,No
C02914,A,No
C02915,B,No
C02916,A,No
C02917,B,No
C02918,B,No
C02919,B,No
C02920,A,No
C02921,A,No
C02922,A,Yes
C02923,B,No
C02924,B,No
C02925,B,Yes
C02926,B,No
C02927,B,No
C02928,B,No
C02929,A,No
C02930,B,No
C02931,B,No
C02932,A,No
C02933,B,No
C02934,A,No
C02935,A,Yes
C02936,B,No
C02937,B,No
C02938,B,No
C02939,A,No
C02940,B,No
C02941,A,No
C02942,A,No
C02943,A,No
C02944,B,No
C02945,A,No
C02946,B,No
C02947,A,No
C02948,A,No
C02949,A,No
C02950,B,No
C02951,B,No
C02952,B,No
C02953,B,No
C02954,A,No
C02955,A,No
C02956,B,No
C02957,B,No
C02958,A,No
C02959,A,No
C02960,A,No
C02961,B,No
C02962,B,No
C02963,A,No
C02964,A,No
C02965,B,No
C02966,B,No
C02967,A,No
C02968,B,No
C02969,B,No
C02970,B,No
C02971,B,Yes
C02972,A,No
C02973,A,No
C02974,B,No
C02975,A,No
C02976,A,No
C02977,A,No
C02978,A,No
C02979,B,No
C02980,B,No
C02981,B,No
C02982,A,No
C02983,B,No
C02984,B,No
C02985,A,No
C02986,B,No
C02987,B,No
C02988,A,No
C02989,B,No
C02990,A,No
C02991,B,No
C02992,B,No
C02993,B,No
C02994,B,No
C02995,A,No
C02996,A,No
C02997,B,No
C02998,A,No
C02999,B,No
C03000,A,Yes
C03001,B,No
C03002,B,No
C03003,B,No
C03004,B,No
C03005,B,No
C03006,B,No
C03007,A,Yes
C03008,B,No
C03009,B,No
C03010,A,No
C03011,A,No
C03012,A,No
C03013,A,No
C03014,A,No
C03015,B,No
C03016,A,No
C03017,A,No
C03018,A,No
C03019,B,No
C03020,B,No
C03021,A,No
C03022,A,No
C03023,B,No
C03024,A,No
C03025,B,No
C03026,B,No
C03027,A,No
C03028,A,Yes
C03029,B,No
C03030,A,No
C03031,B,Yes
C03032,A,No
C03033,B,No
C03034,B,No
C03035,A,Yes
C03036,A,Yes
C03037,A,Yes
C03038,A,No
C03039,A,No
C03040,A,No
C03041,B,No
C03042,A,No
C03043,A,No
C03044,A,No
C03045,A,Yes
C03046,B,No
C03047,A,No
C03048,A,No
C03049,A,No
C03050,A,Yes
C03051,B,No
C03052,B,Yes
C03053,B,No
C03054,A,No
C03055,B,No
C03056,B,No
C03057,B,No
C03058,A,Yes
C03059,A,No
C03060,B,No
C03061,B,Yes
C03062,B,No
C03063,A,No
C03064,A,No
C03065,A,No
C03066,B,No
C03067,A,No
C03068,A,No
C03069,A,No
C03070,B,No
C03071,B,No
C03072,B,No
C03073,B,No
C03074,A,No
C03075,B,No
C03076,B,No
C03077,A,No
C03078,A,No
C03079,A,No
C03080,B,No
C03081,B,No
C03082,B,No
C03083,B,No
C03084,A,No
C03085,A,No
C03086,A,No
C03087,B,No
C03088,A,No
C03089,B,No
C03090,B,No
C03091,A,No
C03092,A,No
C03093,B,No
C03094,B,No
C03095,B,No
C03096,A,No
C03097,B,No
C03098,A,No
C03099,A,Yes
C03100,A,No
C03101,A,No
C03102,B,No
C03103,B,No
C03104,B,No
C03105,A,No
C03106,B,Yes
C03107,A,No
C03108,A,No
C03109,B,No
C03110,A,No
C03111,B,No
C03112,B,No
C03113,B,No
C03114,A,No
C03115,A,No
C03116,A,No
C03117,A,No
C03118,B,No
C03119,B,No
C03120,A,No
C03121,B,No
C03122,A,No
C03123,A,No
C03124,B,No
C03125,A,No
C03126,B,No
C03127,B,No
C03128,A,No
C03129,A,No
C03130,B,No
C03131,B,No
C03132,B,No
C03133,A,No
C03134,B,No
C03135,B,Yes
C03136,B,No
C03137,B,No
C03138,A,No
C03139,B,No
C03140,B,No
C03141,B,Yes
C03142,B,No
C03143,A,No
C03144,A,No
C03145,B,Yes
C03146,B,No
C03147,A,No
C03148,A,No
C03149,B,No
C03150,B,No
C03151,B,No
C03152,A,No
C03153,B,No
C03154,A,No
C03155,A,No
C03156,B,No
C03157,A,No
C03158,A,No
C03159,A,Yes
C03160,B,No
C03161,B,No
C03162,B,No
C03163,B,No
C03164,A,No
C03165,A,No
C03166,A,No
C03167,B,No
C03168,B,No
C03169,B,No
C03170,A,No
C03171,B,No
C03172,B,No
C03173,B,No
C03174,B,No
C03175,A,No
C03176,A,No
C03177,A,No
C03178,B,No
C03179,B,No
C03180,B,No
C03181,B,No
C03182,A,No
C03183,A,No
C03184,B,No
C03185,B,No
C03186,A,No
C03187,A,No
C03188,A,No
C03189,B,No
C03190,B,No
C03191,B,No
C03192,A,No
C03193,A,No
C03194,B,No
C03195,A,No
C03196,A,No
C03197,A,No
C03198,B,No
C03199,B,No
C03200,B,Yes
C03201,B,Yes
C03202,B,No
C03203,B,No
C03204,B,No
C03205,B,No
C03206,B,No
C03207,A,No
C03208,A,Yes
C03209,A,No
C03210,A,No
C03211,A,No
C03212,B,No
C03213,A,No
C03214,A,No
C03215,A,No
C03216,A,No
C03217,A,No
C03218,B,No
C03219,B,No
C03220,A,No
C03221,B,No
C03222,A,No
C03223,B,No
C03224,B,No
C03225,A,No
C03226,A,No
C03227,A,Yes
C03228,A,No
C03229,B,No
C03230,A,Yes
C03231,A,No
C03232,B,No
C03233,B,No
C03234,A,No
C03235,A,No
C03236,A,No
C03237,B,No
C03238,B,No
C03239,A,No
C03240,A,No
C03241,B,No
C03242,B,No
C03243,B,No
C03244,B,No
C03245,B,No
C03246,A,No
C03247,A,No
C03248,B,No
C03249,B,No
C03250,A,No
C03251,A,No
C03252,A,No
C03253,B,No
C03254,A,No
C03255,A,No
C03256,A,No
C03257,B,No
C03258,A,No
C03259,A,No
C03260,B,No
C03261,B,No
C03262,B,No
C03263,A,Yes
C03264,B,No
C03265,B,No
C03266,B,No
C03267,B,No
C03268,B,No
C03269,A,No
C03270,A,No
C03271,B,No
C03272,A,No
C03273,A,No
C03274,A,No
C03275,A,No
C03276,A,No
C03277,B,No
C03278,A,Yes
C03279,A,No
C03280,A,No
C03281,B,No
C03282,B,No
C03283,A,No
C03284,B,Yes
C03285,A,No
C03286,A,No
C03287,B,No
C03288,A,No
C03289,A,No
C03290,A,No
C03291,B,No
C03292,B,No
C03293,A,No
C03294,A,No
C03295,A,No
C03296,A,No
C03297,A,No
C03298,B,No
C03299,B,No
C03300,A,No
C03301,A,No
C03302,B,No
C03303,B,No
C03304,A,No
C03305,A,No
C03306,B,No
C03307,B,No
C03308,A,No
C03309,B,No
C03310,B,No
C03311,A,No
C03312,A,No
C03313,A,No
C03314,B,No
C03315,A,No
C03316,B,No
C03317,B,No
C03318,A,No
C03319,B,No
C03320,B,No
C03321,B,No
C03322,A,No
C03323,B,No
C03324,B,No
C03325,A,No
C03326,A,No
C03327,A,No
C03328,B,No
C03329,A,No
C03330,B,No
C03331,A,No
C03332,B,No
C03333,B,No
C03334,A,No
C03335,B,No
C03336,B,No
C03337,B,No
C03338,B,No
C03339,B,No
C03340,B,No
C03341,A,No
C03342,B,No
C03343,A,No
C03344,A,No
C03345,B,No
C03346,A,No
C03347,A,Yes
C03348,B,No
C03349,A,No
C03350,B,No
C03351,A,No
C03352,B,No
C03353,A,No
C03354,B,No
C03355,B,No
C03356,A,No
C03357,A,No
C03358,A,No
C03359,B,Yes
C03360,A,No
C03361,B,No
C03362,B,No
C03363,A,No
C03364,B,No
C03365,B,No
C03366,B,No
C03367,B,No
C03368,B,No
C03369,B,No
C03370,A,No
C03371,A,No
C03372,B,No
C03373,B,Yes
C03374,B,No
C03375,B,No
C03376,A,No
C03377,B,No
C03378,A,No
C03379,B,No
C03380,B,No
C03381,A,Yes
C03382,B,No
C03383,B,No
C03384,B,No
C03385,B,No
C03386,A,No
C03387,A,No
C03388,B,No
C03389,A,No
C03390,A,No
C03391,A,No
C03392,A,No
C03393,A,No
C03394,A,No
C03395,B,No
C03396,B,No
C03397,B,No
C03398,B,No
C03399,B,No
C03400,A,No
C03401,B,No
C03402,B,No
C03403,A,Yes
C03404,B,No
C03405,B,No
C03406,B,No
C03407,A,No
C03408,A,No
C03409,B,No
C03410,B,No
C03411,A,No
C03412,A,No
C03413,A,No
C03414,A,No
C03415,A,No
C03416,A,No
C03417,B,Yes
C03418,B,No
C03419,A,No
C03420,A,No
C03421,A,No
C03422,B,No
C03423,B,No
C03424,A,No
C03425,B,No
C03426,B,No
C03427,B,No
C03428,B,No
C03429,A,No
C03430,A,No
C03431,B,No
C03432,A,No
C03433,B,No
C03434,B,No
C03435,A,No
C03436,A,No
C03437,A,Yes
C03438,B,No
C03439,B,No
C03440,A,No
C03441,B,No
C03442,B,No
C03443,B,No
C03444,B,No
C03445,B,No
C03446,A,No
C03447,A,No
C03448,B,No
C03449,A,No
C03450,B,No
C03451,B,No
C03452,B,Yes
C03453,A,No
C03454,B,No
C03455,B,No
C03456,B,No
C03457,A,No
C03458,B,No
C03459,A,Yes
C03460,B,No
C03461,B,No
C03462,A,No
C03463,A,No
C03464,A,No
C03465,B,No
C03466,B,No
C03467,A,No
C03468,B,No
C03469,A,No
C03470,B,Yes
C03471,B,No
C03472,B,No
C03473,A,No
C03474,A,No
C03475,B,No
C03476,B,No
C03477,B,No
C03478,A,No
C03479,A,No
C03480,A,No
C03481,B,No
C03482,B,No
C03483,A,No
C03484,A,No
C03485,A,No
C03486,A,No
C03487,B,No
C03488,B,No
C03489,B,No
C03490,A,No
C03491,A,No
C03492,A,No
C03493,A,No
C03494,A,No
C03495,A,No
C03496,B,No
C03497,B,No
C03498,A,No
C03499,B,No
C03500,A,No
C03501,B,No
C03502,A,No
C03503,B,No
C03504,A,No
C03505,A,No
C03506,A,No
C03507,B,No
C03508,B,No
C03509,B,No
C03510,A,No
C03511,A,No
C03512,A,No
C03513,B,No
C03514,A,No
C03515,A,No
C03516,A,No
C03517,A,No
C03518,B,No
C03519,B,No
C03520,A,No
C03521,A,No
C03522,A,No
C03523,B,Yes
C03524,B,No
C03525,A,No
C03526,A,No
C03527,A,No
C03528,B,No
C03529,A,No
C03530,A,No
C03531,A,No
C03532,A,No
C03533,A,No
C03534,A,No
C03535,B,No
C03536,B,No
C03537,B,No
C03538,A,No
C03539,A,No
C03540,B,No
C03541,B,No
C03542,A,No
C03543,B,No
C03544,A,No
C03545,B,No
C03546,A,No
C03547,A,No
C03548,A,No
C03549,B,No
C03550,B,No
C03551,A,No
C03552,B,No
C03553,B,Yes
C03554,A,No
C03555,B,No
C03556,A,No
C03557,A,No
C03558,A,No
C03559,A,No
C03560,A,No
C03561,B,No
C03562,A,No
C03563,B,No
C03564,B,No
C03565,A,No
C03566,B,No
C03567,B,No
C03568,A,No
C03569,B,No
C03570,B,No
C03571,A,No
C03572,B,No
C03573,A,No
C03574,A,No
C03575,A,No
C03576,B,No
C03577,B,No
C03578,B,No
C03579,B,No
C03580,A,No
C03581,A,Yes
C03582,B,No
C03583,B,No
C03584,A,No
C03585,A,No
C03586,B,No
C03587,B,No
C03588,B,No
C03589,B,No
C03590,B,No
C03591,B,No
C03592,B,No
C03593,B,No
C03594,A,No
C03595,B,No
C03596,A,No
C03597,A,No
C03598,A,No
C03599,B,Yes
C03600,B,No
C03601,A,No
C03602,A,No
C03603,A,No
C03604,A,No
C03605,A,No
C03606,A,No
C03607,A,No
C03608,A,No
C03609,A,No
C03610,A,No
C03611,A,No
C03612,B,No
C03613,B,No
C03614,B,No
C03615,A,No
C03616,A,No
C03617,B,No
C03618,B,No
C03619,A,No
C03620,A,No
C03621,B,No
C03622,A,No
C03623,B,No
C03624,A,No
C03625,A,No
C03626,B,No
C03627,A,No
C03628,B,No
C03629,B,No
C03630,B,No
C03631,A,No
C03632,A,No
C03633,B,No
C03634,B,No
C03635,A,No
C03636,A,No
C03637,A,No
C03638,A,No
C03639,B,No
C03640,A,No
C03641,B,No
C03642,A,No
C03643,B,No
C03644,B,No
C03645,B,No
C03646,B,No
C03647,A,No
C03648,A,No
C03649,A,No
C03650,A,No
C03651,B,No
C03652,A,No
C03653,A,Yes
C03654,B,No
C03655,B,No
C03656,B,No
C03657,A,No
C03658,B,No
C03659,B,No
C03660,B,No
C03661,B,No
C03662,A,No
C03663,B,No
C03664,B,No
C03665,B,No
C03666,B,No
C03667,A,No
C03668,A,No
C03669,A,No
C03670,B,No
C03671,B,No
C03672,A,No
C03673,B,No
C03674,B,No
C03675,B,No
C03676,B,No
C03677,A,No
C03678,B,No
C03679,A,No
C03680,B,No
C03681,A,No
C03682,B,No
C03683,A,No
C03684,B,No
C03685,A,No
C03686,A,No
C03687,A,No
C03688,B,No
C03689,B,No
C03690,A,No
C03691,B,No
C03692,A,No
C03693,A,No
C03694,A,No
C03695,B,Yes
C03696,A,No
C03697,B,No
C03698,A,No
C03699,B,No
C03700,A,No
C03701,B,No
C03702,B,No
C03703,A,No
C03704,A,No
C03705,B,No
C03706,A,No
C03707,A,No
C03708,B,No
C03709,A,No
C03710,B,No
C03711,A,No
C03712,B,No
C03713,B,No
C03714,B,No
C03715,A,No
C03716,A,No
C03717,A,No
C03718,A,No
C03719,A,No
C03720,B,No
C03721,B,No
C03722,B,No
C03723,A,No
C03724,A,No
C03725,A,No
C03726,B,No
C03727,A,No
C03728,B,No
C03729,B,No
C03730,A,No
C03731,B,No
C03732,A,No
C03733,A,Yes
C03734,A,No
C03735,A,No
C03736,B,No
C03737,A,No
C03738,A,No
C03739,B,No
C03740,B,No
C03741,A,No
C03742,B,Yes
C03743,A,Yes
C03744,A,No
C03745,A,No
C03746,B,No
C03747,B,No
C03748,B,No
C03749,A,No
C03750,B,No
C03751,B,No
C03752,B,No
C03753,A,No
C03754,A,No
C03755,A,No
C03756,B,No
C03757,A,No
C03758,B,No
C03759,A,Yes
C03760,A,No
C03761,B,No
C03762,A,No
C03763,B,No
C03764,B,No
C03765,A,No
C03766,A,No
C03767,A,No
C03768,A,No
C03769,A,No
C03770,B,No
C03771,B,No
C03772,A,No
C03773,A,No
C03774,A,No
C03775,A,No
C03776,A,No
C03777,A,No
C03778,B,No
C03779,B,No
C03780,A,No
C03781,A,No
C03782,A,No
C03783,A,No
C03784,B,No
C03785,B,No
C03786,A,No
C03787,A,No
C03788,A,No
C03789,A,No
C03790,A,No
C03791,A,No
C03792,A,No
C03793,A,No
C03794,A,No
C03795,A,No
C03796,A,Yes
C03797,A,No
C03798,A,No
C03799,B,No
C03800,A,No
C03801,B,No
C03802,A,No
C03803,A,No
C03804,A,No
C03805,A,No
C03806,A,Yes
C03807,A,No
C03808,A,No
C03809,B,No
C03810,A,No
C03811,B,No
C03812,B,No
C03813,B,No
C03814,B,No
C03815,A,No
C03816,B,No
C03817,B,No
C03818,B,No
C03819,B,No
C03820,A,No
C03821,B,No
C03822,A,No
C03823,B,No
C03824,A,No
C03825,B,No
C03826,B,No
C03827,B,No
C03828,B,No
C03829,A,No
C03830,B,No
C03831,B,No
C03832,B,Yes
C03833,A,No
C03834,B,No
C03835,B,No
C03836,A,No
C03837,B,No
C03838,A,No
C03839,A,No
C03840,B,No
C03841,A,No
C03842,B,No
C03843,B,No
C03844,B,No
C03845,A,No
C03846,A,No
C03847,B,No
C03848,B,No
C03849,B,No
C03850,B,No
C03851,B,No
C03852,A,No
C03853,B,No
C03854,A,No
C03855,B,No
C03856,B,No
C03857,B,No
C03858,B,Yes
C03859,B,No
C03860,A,No
C03861,B,No
C03862,B,No
C03863,B,No
C03864,A,No
C03865,A,No
C03866,B,No
C03867,A,No
C03868,A,No
C03869,A,No
C03870,B,No
C03871,B,No
C03872,B,No
C03873,A,No
C03874,A,No
C03875,B,No
C03876,A,No
C03877,B,No
C03878,B,No
C03879,B,No
C03880,A,No
C03881,B,No
C03882,B,No
C03883,A,No
C03884,B,No
C03885,A,No
C03886,A,No
C03887,A,No
C03888,A,No
C03889,B,No
C03890,A,No
C03891,A,Yes
C03892,B,Yes
C03893,B,No
C03894,A,No
C03895,A,No
C03896,A,No
C03897,B,No
C03898,A,No
C03899,B,No
C03900,B,No
C03901,B,No
C03902,B,No
C03903,A,No
C03904,B,No
C03905,B,No
C03906,A,No
C03907,B,No
C03908,B,No
C03909,B,No
C03910,B,No
C03911,A,No
C03912,A,No
C03913,B,No
C03914,B,No
C03915,B,No
C03916,B,No
C03917,B,No
C03918,A,No
C03919,A,No
C03920,B,No
C03921,B,No
C03922,A,No
C03923,B,No
C03924,A,Yes
C03925,A,No
C03926,A,No
C03927,A,No
C03928,B,No
C03929,A,No
C03930,A,No
C03931,A,No
C03932,A,No
C03933,A,No
C03934,A,No
C03935,A,No
C03936,B,No
C03937,B,No
C03938,A,Yes
C03939,A,No
C03940,A,No
C03941,B,No
C03942,B,No
C03943,A,No
C03944,A,No
C03945,B,No
C03946,A,No
C03947,A,No
C03948,B,No
C03949,A,Yes
C03950,B,No
C03951,B,No
C03952,A,No
C03953,B,No
C03954,A,No
C03955,A,No
C03956,A,No
C03957,A,No
C03958,A,No
C03959,A,No
C03960,A,No
C03961,A,No
C03962,B,Yes
C03963,A,No
C03964,A,No
C03965,A,No
C03966,A,No
C03967,A,Yes
C03968,A,No
C03969,A,No
C03970,A,No
C03971,A,No
C03972,B,No
C03973,A,No
C03974,B,No
C03975,A,No
C03976,B,No
C03977,A,No
C03978,B,No
C03979,B,No
C03980,B,No
C03981,B,No
C03982,B,No
C03983,B,No
C03984,B,No
C03985,B,No
C03986,B,No
C03987,A,No
C03988,A,No
C03989,B,No
C03990,B,No
C03991,B,No
C03992,B,No
C03993,A,No
C03994,A,No
C03995,B,No
C03996,A,No
C03997,B,No
C03998,A,No
C03999,B,No
C04000,A,No
C04001,A,No
C04002,B,No
C04003,A,No
C04004,A,No
C04005,B,No
C04006,A,No
C04007,A,Yes
C04008,A,No
C04009,A,No
C04010,B,No
C04011,A,No
C04012,B,No
C04013,B,No
C04014,A,No
C04015,B,No
C04016,B,No
C04017,B,No
C04018,A,No
C04019,B,No
C04020,A,No
C04021,A,Yes
C04022,B,No
C04023,A,No
C04024,B,No
C04025,B,No
C04026,B,No
C04027,B,No
C04028,A,No
C04029,A,No
C04030,A,No
C04031,A,No
C04032,B,No
C04033,A,No
C04034,A,No
C04035,A,No
C04036,B,No
C04037,B,No
C04038,B,No
C04039,A,No
C04040,B,No
C04041,B,No
C04042,B,No
C04043,B,No
C04044,A,No
C04045,B,No
C04046,B,No
C04047,B,No
C04048,A,No
C04049,B,No
C04050,B,No
C04051,B,No
C04052,B,No
C04053,B,No
C04054,B,No
C04055,B,No
C04056,A,No
C04057,B,No
C04058,A,No
C04059,B,No
C04060,A,No
C04061,A,No
C04062,A,No
C04063,A,No
C04064,A,No
C04065,A,No
C04066,A,No
C04067,A,No
C04068,B,No
C04069,A,No
C04070,B,No
C04071,B,No
C04072,A,No
C04073,B,No
C04074,A,No
C04075,B,No
C04076,B,No
C04077,A,No
C04078,A,No
C04079,A,No
C04080,B,No
C04081,B,No
C04082,A,No
C04083,A,No
C04084,A,No
C04085,A,No
C04086,A,No
C04087,A,No
C04088,A,No
C04089,A,Yes
C04090,B,No
C04091,B,No
C04092,B,No
C04093,A,No
C04094,A,No
C04095,A,No
C04096,B,No
C04097,B,No
C04098,B,No
C04099,A,No
C04100,B,No
C04101,A,No
C04102,B,No
C04103,A,No
C04104,B,No
C04105,B,No
C04106,B,Yes
C04107,B,No
C04108,A,Yes
C04109,B,No
C04110,A,No
C04111,A,No
C04112,A,No
C04113,A,No
C04114,A,No
C04115,B,No
C04116,B,No
C04117,A,No
C04118,B,No
C04119,A,No
C04120,B,No
C04121,A,No
C04122,A,No
C04123,B,No
C04124,A,No
C04125,A,No
C04126,A,No
C04127,B,No
C04128,A,No
C04129,A,No
C04130,B,No
C04131,A,No
C04132,A,No
C04133,A,No
C04134,A,No
C04135,A,No
C04136,B,Yes
C04137,A,Yes
C04138,A,No
C04139,B,No
C04140,B,No
C04141,B,No
C04142,A,No
C04143,B,Yes
C04144,A,No
C04145,B,No
C04146,A,No
C04147,B,No
C04148,A,Yes
C04149,A,No
C04150,A,No
C04151,B,No
C04152,A,No
C04153,A,No
C04154,B,No
C04155,B,No
C04156,B,Yes
C04157,B,No
C04158,A,No
C04159,B,No
C04160,B,No
C04161,A,No
C04162,B,No
C04163,B,No
C04164,B,No
C04165,B,No
C04166,A,No
C04167,A,No
C04168,A,No
C04169,A,No
C04170,A,No
C04171,A,No
C04172,B,No
C04173,A,No
C04174,B,No
C04175,A,No
C04176,B,No
C04177,A,No
C04178,A,No
C04179,A,No
C04180,B,No
C04181,A,No
C04182,A,No
C04183,A,No
C04184,B,No
C04185,A,No
C04186,A,No
C04187,A,No
C04188,A,No
C04189,A,No
C04190,A,No
C04191,B,Yes
C04192,B,No
C04193,B,No
C04194,A,No
C04195,B,No
C04196,B,Yes
C04197,A,No
C04198,B,No
C04199,A,No
C04200,B,No
C04201,B,No
C04202,B,No
C04203,B,No
C04204,B,No
C04205,A,No
C04206,A,Yes
C04207,B,No
C04208,A,No
C04209,A,Yes
C04210,B,No
C04211,A,No
C04212,A,No
C04213,A,No
C04214,B,No
C04215,B,No
C04216,A,No
C04217,B,No
C04218,A,No
C04219,B,No
C04220,B,No
C04221,A,No
C04222,B,No
C04223,A,No
C04224,B,No
C04225,A,No
C04226,B,No
C04227,A,No
C04228,A,No
C04229,A,No
C04230,A,No
C04231,B,No
C04232,A,No
C04233,A,No
C04234,A,No
C04235,A,No
C04236,A,No
C04237,B,No
C04238,A,No
C04239,A,No
C04240,B,No
C04241,B,No
C04242,A,No
C04243,A,No
C04244,A,No
C04245,A,No
C04246,A,No
C04247,B,No
C04248,A,No
C04249,B,No
C04250,A,No
C04251,B,No
C04252,B,No
C04253,B,No
C04254,B,No
C04255,B,No
C04256,B,No
C04257,B,No
C04258,B,No
C04259,B,No
C04260,B,No
C04261,B,No
C04262,A,No
C04263,B,No
C04264,A,No
C04265,B,No
C04266,B,No
C04267,A,No
C04268,A,No
C04269,A,No
C04270,B,No
C04271,A,No
C04272,A,No
C04273,A,No
C04274,B,No
C04275,B,No
C04276,B,No
C04277,B,No
C04278,A,No
C04279,B,No
C04280,A,No
C04281,A,No
C04282,A,No
C04283,A,No
C04284,A,No
C04285,B,No
C04286,A,No
C04287,A,No
C04288,B,No
C04289,A,No
C04290,B,No
C04291,A,No
C04292,B,No
C04293,B,No
C04294,A,No
C04295,B,No
C04296,B,No
C04297,B,No
C04298,B,No
C04299,A,No
C04300,A,No
C04301,B,No
C04302,B,No
C04303,A,No
C04304,B,No
C04305,B,No
C04306,A,Yes
C04307,B,No
C04308,B,No
C04309,A,No
C04310,A,No
C04311,B,No
C04312,A,No
C04313,A,No
C04314,A,No
C04315,A,Yes
C04316,B,No
C04317,A,No
C04318,A,No
C04319,B,No
C04320,A,No
C04321,A,No
C04322,B,No
C04323,A,No
C04324,A,No
C04325,B,No
C04326,A,No
C04327,B,No
C04328,A,No
C04329,B,No
C04330,B,No
C04331,A,No
C04332,A,No
C04333,A,No
C04334,A,No
C04335,A,No
C04336,B,Yes
C04337,B,No
C04338,B,No
C04339,A,No
C04340,A,No
C04341,A,No
C04342,A,No
C04343,A,No
C04344,A,No
C04345,B,No
C04346,B,No
C04347,A,No
C04348,B,No
C04349,A,No
C04350,B,No
C04351,B,No
C04352,A,No
C04353,A,No
C04354,A,No
C04355,B,No
C04356,B,No
C04357,A,No
C04358,B,No
C04359,A,No
C04360,A,No
C04361,B,No
C04362,A,No
C04363,A,No
C04364,A,No
C04365,B,No
C04366,A,No
C04367,B,No
C04368,B,No
C04369,A,No
C04370,A,No
C04371,A,Yes
C04372,A,Yes
C04373,A,No
C04374,B,No
C04375,B,No
C04376,A,No
C04377,B,No
C04378,A,Yes
C04379,A,No
C04380,A,No
C04381,B,No
C04382,A,No
C04383,B,No
C04384,A,No
C04385,B,Yes
C04386,A,No
C04387,A,No
C04388,B,No
C04389,A,No
C04390,A,No
C04391,B,No
C04392,A,No
C04393,B,No
C04394,A,No
C04395,A,No
C04396,B,No
C04397,B,No
C04398,A,No
C04399,B,No
C04400,B,No
C04401,A,No
C04402,A,No
C04403,B,Yes
C04404,B,No
C04405,A,No
C04406,A,No
C04407,B,No
C04408,B,No
C04409,A,No
C04410,A,Yes
C04411,B,No
C04412,A,No
C04413,A,No
C04414,A,No
C04415,B,No
C04416,A,No
C04417,A,No
C04418,A,No
C04419,A,No
C04420,B,No
C04421,A,No
C04422,B,No
C04423,B,No
C04424,B,No
C04425,A,No
C04426,A,No
C04427,B,Yes
C04428,A,No
C04429,B,No
C04430,B,No
C04431,B,No
C04432,A,No
C04433,B,No
C04434,A,No
C04435,B,No
C04436,B,No
C04437,A,No
C04438,A,No
C04439,B,No
C04440,B,No
C04441,B,No
C04442,A,No
C04443,A,No
C04444,B,No
C04445,A,No
C04446,B,No
C04447,B,No
C04448,A,No
C04449,B,No
C04450,B,No
C04451,A,No
C04452,A,No
C04453,A,No
C04454,A,Yes
C04455,B,No
C04456,B,No
C04457,B,No
C04458,A,No
C04459,B,No
C04460,B,No
C04461,A,No
C04462,B,No
C04463,B,No
C04464,A,No
C04465,A,No
C04466,B,No
C04467,B,No
C04468,B,No
C04469,A,No
C04470,A,No
C04471,B,No
C04472,B,No
C04473,B,No
C04474,A,No
C04475,B,No
C04476,A,No
C04477,B,No
C04478,A,No
C04479,B,No
C04480,B,No
C04481,B,No
C04482,A,No
C04483,A,No
C04484,A,No
C04485,A,No
C04486,A,No
C04487,A,No
C04488,A,No
C04489,B,No
C04490,B,No
C04491,A,No
C04492,A,No
C04493,A,No
C04494,B,No
C04495,B,No
C04496,A,No
C04497,B,No
C04498,A,No
C04499,B,No
C04500,B,No
C04501,B,No
C04502,B,No
C04503,A,No
C04504,B,No
C04505,B,No
C04506,B,No
C04507,A,No
C04508,B,No
C04509,A,No
C04510,A,No
C04511,B,No
C04512,A,No
C04513,A,No
C04514,A,No
C04515,A,No
C04516,A,No
C04517,B,No
C04518,A,No
C04519,B,No
C04520,B,No
C04521,B,No
C04522,A,No
C04523,B,No
C04524,B,No
C04525,B,No
C04526,A,No
C04527,B,No
C04528,B,No
C04529,B,No
C04530,B,No
C04531,A,No
C04532,B,No
C04533,A,No
C04534,B,Yes
C04535,A,No
C04536,A,No
C04537,A,No
C04538,B,No
C04539,A,No
C04540,B,No
C04541,A,No
C04542,B,No
C04543,B,No
C04544,A,No
C04545,B,No
C04546,A,No
C04547,A,No
C04548,A,No
C04549,A,No
C04550,B,No
C04551,A,No
C04552,B,No
C04553,B,No
C04554,A,Yes
C04555,A,No
C04556,B,No
C04557,B,No
C04558,B,No
C04559,B,No
C04560,A,No
C04561,B,No
C04562,A,Yes
C04563,B,No
C04564,B,No
C04565,A,No
C04566,B,No
C04567,B,No
C04568,A,No
C04569,A,No
C04570,B,No
C04571,B,No
C04572,B,No
C04573,B,No
C04574,B,No
C04575,B,No
C04576,A,No
C04577,A,No
C04578,A,No
C04579,A,No
C04580,A,No
C04581,A,No
C04582,B,No
C04583,A,No
C04584,A,No
C04585,A,No
C04586,A,No
C04587,A,No
C04588,A,No
C04589,A,No
C04590,B,No
C04591,A,No
C04592,A,No
C04593,B,No
C04594,A,No
C04595,A,No
C04596,A,No
C04597,B,No
C04598,B,No
C04599,A,No
C04600,A,No
C04601,B,No
C04602,A,No
C04603,B,No
C04604,A,No
C04605,B,No
C04606,B,No
C04607,A,No
C04608,A,No
C04609,B,No
C04610,A,No
C04611,A,No
C04612,B,No
C04613,B,No
C04614,B,No
C04615,A,No
C04616,A,No
C04617,A,No
C04618,A,No
C04619,A,No
C04620,B,No
C04621,B,No
C04622,B,No
C04623,B,No
C04624,B,Yes
C04625,A,No
C04626,A,No
C04627,A,No
C04628,A,No
C04629,A,No
C04630,B,No
C04631,A,No
C04632,A,No
C04633,A,Yes
C04634,B,No
C04635,B,No
C04636,A,No
C04637,A,No
C04638,B,No
C04639,A,No
C04640,B,No
C04641,A,No
C04642,A,No
C04643,B,No
C04644,B,No
C04645,B,No
C04646,B,No
C04647,B,No
C04648,B,No
C04649,B,No
C04650,A,No
C04651,B,No
C04652,A,No
C04653,A,No
C04654,A,No
C04655,B,No
C04656,B,No
C04657,A,No
C04658,B,No
C04659,A,No
C04660,A,No
C04661,B,No
C04662,A,No
C04663,B,Yes
C04664,B,No
C04665,A,No
C04666,A,No
C04667,A,No
C04668,B,No
C04669,A,No
C04670,A,No
C04671,B,No
C04672,A,No
C04673,B,No
C04674,A,No
C04675,A,Yes
C04676,A,Yes
C04677,B,No
C04678,B,No
C04679,A,No
C04680,B,No
C04681,A,No
C04682,A,No
C04683,B,No
C04684,A,No
C04685,A,No
C04686,A,No
C04687,A,No
C04688,A,No
C04689,B,No
C04690,A,No
C04691,A,Yes
C04692,A,No
C04693,B,No
C04694,A,No
C04695,B,No
C04696,A,No
C04697,B,No
C04698,A,No
C04699,A,Yes
C04700,A,No
C04701,A,No
C04702,A,No
C04703,B,No
C04704,A,No
C04705,A,No
C04706,B,No
C04707,A,No
C04708,A,No
C04709,B,No
C04710,A,No
C04711,B,No
C04712,A,No
C04713,A,No
C04714,A,No
C04715,B,No
C04716,B,No
C04717,A,No
C04718,A,Yes
C04719,B,No
C04720,A,No
C04721,B,No
C04722,A,No
C04723,A,No
C04724,A,No
C04725,B,No
C04726,B,No
C04727,A,No
C04728,A,No
C04729,A,No
C04730,B,No
C04731,B,No
C04732,A,No
C04733,A,No
C04734,A,No
C04735,A,No
C04736,A,No
C04737,A,No
C04738,B,No
C04739,B,No
C04740,A,No
C04741,A,Yes
C04742,A,No
C04743,B,No
C04744,A,No
C04745,B,No
C04746,B,No
C04747,A,No
C04748,B,No
C04749,A,No
C04750,B,No
C04751,A,No
C04752,A,No
C04753,B,No
C04754,B,No
C04755,A,No
C04756,B,No
C04757,B,No
C04758,B,No
C04759,B,No
C04760,A,No
C04761,B,No
C04762,B,No
C04763,A,No
C04764,A,No
C04765,B,No
C04766,B,No
C04767,A,No
C04768,B,No
C04769,B,No
C04770,B,No
C04771,A,No
C04772,B,No
C04773,B,No
C04774,B,No
C04775,A,No
C04776,B,No
C04777,B,No
C04778,B,No
C04779,A,No
C04780,B,Yes
C04781,A,No
C04782,A,No
C04783,B,No
C04784,B,No
C04785,A,No
C04786,B,Yes
C04787,A,No
C04788,B,No
C04789,A,No
C04790,B,No
C04791,A,No
C04792,B,No
C04793,B,No
C04794,B,No
C04795,A,Yes
C04796,B,No
C04797,A,Yes
C04798,B,No
C04799,A,No
C04800,A,No
C04801,A,No
C04802,B,No
C04803,A,No
C04804,A,No
C04805,B,No
C04806,A,No
C04807,B,No
C04808,B,No
C04809,B,No
C04810,A,Yes
C04811,A,No
C04812,A,No
C04813,B,No
C04814,A,No
C04815,A,No
C04816,A,No
C04817,A,No
C04818,B,No
C04819,A,No
C04820,B,No
C04821,B,No
C04822,A,No
C04823,A,No
C04824,B,No
C04825,A,No
C04826,A,No
C04827,A,Yes
C04828,A,No
C04829,B,No
C04830,B,No
C04831,B,No
C04832,A,No
C04833,B,No
C04834,A,No
C04835,B,No
C04836,A,No
C04837,B,No
C04838,A,Yes
C04839,A,No
C04840,A,No
C04841,A,No
C04842,B,No
C04843,B,No
C04844,A,No
C04845,B,No
C04846,A,No
C04847,A,No
C04848,A,No
C04849,B,No
C04850,B,No
C04851,A,No
C04852,B,No
C04853,A,No
C04854,B,No
C04855,B,No
C04856,A,No
C04857,B,No
C04858,A,No
C04859,A,No
C04860,A,Yes
C04861,B,No
C04862,A,No
C04863,B,No
C04864,A,No
C04865,B,No
C04866,B,No
C04867,B,No
C04868,A,No
C04869,A,No
C04870,A,No
C04871,A,No
C04872,A,No
C04873,A,No
C04874,A,No
C04875,A,No
C04876,A,No
C04877,A,No
C04878,B,No
C04879,B,No
C04880,A,No
C04881,B,No
C04882,B,No
C04883,B,No
C04884,B,No
C04885,B,No
C04886,B,No
C04887,A,No
C04888,A,No
C04889,A,No
C04890,A,No
C04891,B,Yes
C04892,A,No
C04893,A,No
C04894,B,No
C04895,A,No
C04896,B,No
C04897,B,No
C04898,B,No
C04899,A,No
C04900,A,No
C04901,A,No
C04902,A,No
C04903,A,No
C04904,A,No
C04905,B,No
C04906,A,No
C04907,B,No
C04908,B,No
C04909,B,No
C04910,A,No
C04911,B,No
C04912,B,Yes
C04913,B,No
C04914,A,No
C04915,B,No
C04916,B,No
C04917,A,No
C04918,B,No
C04919,B,No
C04920,B,No
C04921,A,No
C04922,B,Yes
C04923,A,No
C04924,B,Yes
C04925,A,No
C04926,B,No
C04927,B,No
C04928,A,No
C04929,A,No
C04930,A,No
C04931,A,No
C04932,A,No
C04933,A,No
C04934,B,No
C04935,B,No
C04936,B,No
C04937,A,No
C04938,A,No
C04939,B,No
C04940,B,No
C04941,B,No
C04942,A,No
C04943,B,No
C04944,B,Yes
C04945,A,No
C04946,B,No
C04947,B,No
C04948,A,No
C04949,A,No
C04950,A,No
C04951,A,No
C04952,A,No
C04953,A,No
C04954,A,No
C04955,A,No
C04956,A,No
C04957,A,No
C04958,B,No
C04959,B,No
C04960,B,No
C04961,B,No
C04962,B,No
C04963,B,No
C04964,B,No
C04965,A,No
C04966,A,No
C04967,B,No
C04968,B,No
C04969,A,No
C04970,A,No
C04971,A,No
C04972,A,No
C04973,A,No
C04974,B,No
C04975,A,No
C04976,A,No
C04977,B,No
C04978,A,No
C04979,B,Yes
C04980,B,No
C04981,B,No
C04982,A,No
C04983,A,No
C04984,A,No
C04985,A,No
C04986,A,No
C04987,B,No
C04988,A,No
C04989,B,No
C04990,B,No
C04991,B,No
C04992,A,No
C04993,B,Yes
C04994,B,No
C04995,B,No
C04996,A,No
C04997,A,No
C04998,A,No
C04999,B,No
C05000,A,No
C05001,A,No
C05002,B,No
C05003,B,No
C05004,A,No
C05005,A,No
C05006,B,No
C05007,B,No
C05008,A,No
C05009,A,No
C05010,A,No
C05011,A,No
C05012,A,No
C05013,A,No
C05014,A,No
C05015,B,No
C05016,A,No
C05017,A,No
C05018,B,No
C05019,B,No
C05020,A,No
C05021,B,No
C05022,B,No
C05023,A,No
C05024,A,No
C05025,A,No
C05026,B,No
C05027,A,No
C05028,B,No
C05029,B,No
C05030,B,No
C05031,B,No
C05032,A,No
C05033,A,No
C05034,B,No
C05035,A,No
C05036,B,No
C05037,B,No
C05038,A,No
C05039,B,No
C05040,A,No
C05041,A,No
C05042,A,No
C05043,B,No
C05044,A,No
C05045,B,No
C05046,B,No
C05047,A,No
C05048,B,No
C05049,A,No
C05050,B,No
C05051,A,No
C05052,A,No
C05053,A,No
C05054,B,No
C05055,B,Yes
C05056,B,No
C05057,A,No
C05058,B,No
C05059,B,No
C05060,A,No
C05061,A,No
C05062,A,No
C05063,A,No
C05064,B,Yes
C05065,B,No
C05066,B,No
C05067,B,No
C05068,A,No
C05069,A,No
C05070,A,No
C05071,B,No
C05072,B,No
C05073,A,No
C05074,A,No
C05075,A,No
C05076,B,No
C05077,B,No
C05078,A,No
C05079,A,No
C05080,A,No
C05081,B,No
C05082,B,No
C05083,B,No
C05084,A,No
C05085,A,No
C05086,B,No
C05087,A,Yes
C05088,B,No
C05089,A,No
C05090,A,No
C05091,B,Yes
C05092,A,No
C05093,A,No
C05094,A,No
C05095,B,No
C05096,A,No
C05097,B,No
C05098,B,No
C05099,A,No
C05100,B,No
C05101,A,No
C05102,B,No
C05103,B,No
C05104,A,No
C05105,A,No
C05106,A,No
C05107,B,No
C05108,B,No
C05109,A,No
C05110,A,No
C05111,B,No
C05112,A,No
C05113,B,No
C05114,A,No
C05115,A,No
C05116,A,No
C05117,A,No
C05118,B,Yes
C05119,A,No
C05120,B,No
C05121,A,No
C05122,B,No
C05123,A,No
C05124,B,No
C05125,A,No
C05126,A,No
C05127,A,No
C05128,A,No
C05129,B,No
C05130,A,No
C05131,B,No
C05132,A,No
C05133,A,No
C05134,B,No
C05135,A,No
C05136,B,No
C05137,A,No
C05138,A,No
C05139,B,No
C05140,A,No
C05141,B,No
C05142,B,No
C05143,A,No
C05144,A,Yes
C05145,B,No
C05146,B,No
C05147,B,No
C05148,B,No
C05149,B,No
C05150,A,No
C05151,A,No
C05152,A,No
C05153,A,No
C05154,A,No
C05155,A,Yes
C05156,A,No
C05157,B,No
C05158,B,No
C05159,B,No
C05160,A,No
C05161,A,No
C05162,B,No
C05163,A,No
C05164,B,No
C05165,A,No
C05166,B,No
C05167,B,No
C05168,B,No
C05169,A,No
C05170,A,No
C05171,B,No
C05172,A,No
C05173,A,No
C05174,B,No
C05175,A,No
C05176,A,No
C05177,B,No
C05178,B,No
C05179,A,No
C05180,B,Yes
C05181,A,No
C05182,B,No
C05183,A,No
C05184,A,No
C05185,B,No
C05186,A,No
C05187,B,No
C05188,B,No
C05189,B,No
C05190,A,No
C05191,B,No
C05192,B,No
C05193,B,No
C05194,A,No
C05195,B,Yes
C05196,B,No
C05197,B,No
C05198,B,No
C05199,B,No
C05200,A,Yes
C05201,A,No
C05202,B,No
C05203,A,Yes
C05204,A,No
C05205,B,No
C05206,B,No
C05207,A,No
C05208,A,No
C05209,B,No
C05210,B,No
C05211,B,No
C05212,B,No
C05213,A,No
C05214,B,Yes
C05215,A,No
C05216,B,No
C05217,B,No
C05218,B,No
C05219,A,No
C05220,B,No
C05221,B,No
C05222,A,Yes
C05223,B,No
C05224,B,No
C05225,A,No
C05226,B,No
C05227,A,No
C05228,A,No
C05229,B,No
C05230,A,No
C05231,B,No
C05232,B,No
C05233,B,No
C05234,B,No
C05235,A,No
C05236,B,No
C05237,B,No
C05238,A,No
C05239,B,No
C05240,B,No
C05241,A,No
C05242,A,No
C05243,B,No
C05244,B,No
C05245,B,No
C05246,B,Yes
C05247,A,No
C05248,B,No
C05249,B,No
C05250,A,No
C05251,B,No
C05252,B,No
C05253,B,No
C05254,A,No
C05255,B,No
C05256,B,No
C05257,B,No
C05258,B,No
C05259,B,No
C05260,B,No
C05261,B,No
C05262,B,No
C05263,B,No
C05264,A,No
C05265,A,No
C05266,A,No
C05267,A,No
C05268,A,No
C05269,A,No
C05270,B,No
C05271,B,Yes
C05272,B,No
C05273,A,No
C05274,B,No
C05275,B,No
C05276,A,No
C05277,B,No
C05278,A,No
C05279,A,No
C05280,A,No
C05281,B,No
C05282,B,No
C05283,B,No
C05284,A,No
C05285,A,No
C05286,A,No
C05287,B,No
C05288,B,No
C05289,A,No
C05290,B,No
C05291,B,No
C05292,A,No
C05293,A,No
C05294,A,No
C05295,B,No
C05296,B,No
C05297,A,No
C05298,B,No
C05299,A,No
C05300,A,No
C05301,A,No
C05302,A,No
C05303,A,No
C05304,A,No
C05305,B,No
C05306,B,No
C05307,A,No
C05308,B,No
C05309,A,No
C05310,A,No
C05311,B,No
C05312,A,No
C05313,A,No
C05314,B,No
C05315,B,No
C05316,B,No
C05317,B,Yes
C05318,B,No
C05319,A,Yes
C05320,B,No
C05321,B,No
C05322,A,No
C05323,B,No
C05324,A,No
C05325,B,No
C05326,B,No
C05327,B,No
C05328,A,No
C05329,A,No
C05330,A,No
C05331,B,No
C05332,B,No
C05333,A,No
C05334,A,No
C05335,B,No
C05336,A,No
C05337,A,No
C05338,A,No
C05339,B,No
C05340,A,No
C05341,A,No
C05342,A,No
C05343,B,No
C05344,A,No
C05345,A,No
C05346,B,No
C05347,B,No
C05348,A,No
C05349,A,No
C05350,A,No
C05351,A,No
C05352,B,No
C05353,A,No
C05354,A,No
C05355,A,Yes
C05356,A,No
C05357,B,No
C05358,A,No
C05359,A,No
C05360,B,No
C05361,A,No
C05362,A,No
C05363,A,No
C05364,B,No
C05365,B,No
C05366,A,No
C05367,B,No
C05368,A,No
C05369,A,No
C05370,A,No
C05371,A,No
C05372,B,No
C05373,B,No
C05374,B,No
C05375,B,No
C05376,B,No
C05377,B,Yes
C05378,A,No
C05379,B,No
C05380,A,No
C05381,A,No
C05382,A,No
C05383,A,No
C05384,B,No
C05385,B,No
C05386,B,Yes
C05387,A,No
C05388,A,No
C05389,B,No
C05390,B,No
C05391,A,No
C05392,A,No
C05393,B,No
C05394,A,No
C05395,A,No
C05396,A,No
C05397,A,Yes
C05398,A,No
C05399,A,No
C05400,B,No
C05401,B,No
C05402,B,No
C05403,B,No
C05404,A,No
C05405,B,No
C05406,B,No
C05407,A,No
C05408,B,No
C05409,A,No
C05410,A,No
C05411,A,No
C05412,A,No
C05413,B,No
C05414,B,No
C05415,A,No
C05416,A,No
C05417,A,No
C05418,A,No
C05419,B,No
C05420,B,Yes
C05421,A,No
C05422,A,No
C05423,A,No
C05424,B,No
C05425,A,No
C05426,B,No
C05427,A,No
C05428,A,No
C05429,B,No
C05430,B,No
C05431,A,No
C05432,B,No
C05433,A,No
C05434,A,No
C05435,B,No
C05436,A,No
C05437,A,No
C05438,A,No
C05439,A,No
C05440,B,No
C05441,B,No
C05442,B,No
C05443,B,No
C05444,B,No
C05445,B,No
C05446,A,No
C05447,B,No
C05448,B,No
C05449,B,No
C05450,B,No
C05451,B,No
C05452,B,No
C05453,A,No
C05454,A,No
C05455,B,No
C05456,B,No
C05457,A,No
C05458,B,No
C05459,A,No
C05460,B,No
C05461,B,No
C05462,B,No
C05463,A,No
C05464,A,No
C05465,B,No
C05466,A,No
C05467,B,No
C05468,A,No
C05469,A,No
C05470,A,No
C05471,A,No
C05472,B,No
C05473,B,No
C05474,A,No
C05475,A,No
C05476,B,No
C05477,A,No
C05478,B,No
C05479,B,No
C05480,B,No
C05481,A,No
C05482,A,No
C05483,B,No
C05484,A,No
C05485,A,No
C05486,B,No
C05487,A,No
C05488,A,No
C05489,A,No
C05490,A,No
C05491,A,No
C05492,B,No
C05493,B,No
C05494,A,No
C05495,B,No
C05496,A,No
C05497,B,No
C05498,B,No
C05499,A,Yes
C05500,A,No
C05501,A,Yes
C05502,A,No
C05503,A,No
C05504,B,No
C05505,B,No
C05506,A,No
C05507,A,No
C05508,B,No
C05509,B,Yes
C05510,A,No
C05511,A,No
C05512,B,No
C05513,B,No
C05514,B,No
C05515,A,No
C05516,A,No
C05517,B,Yes
C05518,A,No
C05519,A,Yes
C05520,A,No
C05521,B,No
C05522,A,No
C05523,A,No
C05524,B,No
C05525,B,No
C05526,B,No
C05527,B,No
C05528,B,No
C05529,A,No
C05530,A,No
C05531,A,No
C05532,A,No
C05533,A,No
C05534,B,No
C05535,B,No
C05536,B,No
C05537,B,No
C05538,A,No
C05539,A,No
C05540,A,No
C05541,A,No
C05542,A,No
C05543,A,No
C05544,A,No
C05545,A,No
C05546,A,No
C05547,A,Yes
C05548,B,No
C05549,A,No
C05550,A,No
C05551,A,No
C05552,B,No
C05553,A,No
C05554,A,No
C05555,B,No
C05556,B,No
C05557,B,No
C05558,A,Yes
C05559,B,No
C05560,B,No
C05561,A,No
C05562,B,No
C05563,A,No
C05564,B,No
C05565,B,No
C05566,A,No
C05567,A,No
C05568,A,No
C05569,B,No
C05570,B,No
C05571,A,No
C05572,A,No
C05573,B,No
C05574,B,No
C05575,A,No
C05576,A,No
C05577,A,No
C05578,B,No
C05579,B,No
C05580,B,No
C05581,A,No
C05582,B,No
C05583,B,No
C05584,A,No
C05585,B,No
C05586,A,No
C05587,B,No
C05588,A,No
C05589,B,No
C05590,A,No
C05591,B,No
C05592,A,No
C05593,B,No
C05594,A,No
C05595,B,No
C05596,A,No
C05597,B,No
C05598,B,Yes
C05599,A,No
C05600,B,No
C05601,A,No
C05602,B,No
C05603,A,No
C05604,B,No
C05605,B,No
C05606,B,No
C05607,B,No
C05608,B,Yes
C05609,A,No
C05610,B,No
C05611,B,No
C05612,A,No
C05613,B,No
C05614,B,No
C05615,B,No
C05616,B,No
C05617,B,No
C05618,A,No
C05619,B,No
C05620,A,No
C05621,B,No
C05622,A,No
C05623,B,No
C05624,B,No
C05625,A,No
C05626,A,No
C05627,B,No
C05628,A,No
C05629,B,No
C05630,B,No
C05631,A,No
C05632,A,No
C05633,B,No
C05634,B,No
C05635,B,No
C05636,B,No
C05637,A,No
C05638,B,No
C05639,B,No
C05640,B,No
C05641,A,No
C05642,A,No
C05643,A,No
C05644,A,No
C05645,B,No
C05646,A,No
C05647,A,No
C05648,A,No
C05649,B,No
C05650,B,No
C05651,B,No
C05652,A,No
C05653,B,No
C05654,B,Yes
C05655,B,No
C05656,A,No
C05657,B,No
C05658,B,No
C05659,A,No
C05660,A,No
C05661,A,No
C05662,B,No
C05663,B,No
C05664,B,Yes
C05665,B,No
C05666,B,No
C05667,A,No
C05668,B,No
C05669,B,Yes
C05670,A,No
C05671,B,No
C05672,B,No
C05673,B,No
C05674,A,No
C05675,A,No
C05676,A,No
C05677,B,No
C05678,A,No
C05679,B,No
C05680,B,No
C05681,A,No
C05682,A,No
C05683,A,No
C05684,A,No
C05685,A,No
C05686,A,No
C05687,B,No
C05688,B,No
C05689,B,No
C05690,B,No
C05691,A,Yes
C05692,A,No
C05693,B,No
C05694,A,No
C05695,B,No
C05696,B,No
C05697,B,No
C05698,A,No
C05699,A,No
C05700,A,No
C05701,A,No
C05702,A,No
C05703,B,No
C05704,A,No
C05705,B,No
C05706,A,No
C05707,A,Yes
C05708,A,No
C05709,A,No
C05710,A,No
C05711,A,No
C05712,B,No
C05713,A,No
C05714,B,No
C05715,B,No
C05716,B,No
C05717,B,No
C05718,A,No
C05719,A,No
C05720,B,No
C05721,B,No
C05722,B,No
C05723,A,No
C05724,A,No
C05725,A,No
C05726,A,No
C05727,B,No
C05728,A,No
C05729,B,No
C05730,A,No
C05731,A,No
C05732,A,No
C05733,A,No
C05734,A,No
C05735,B,No
C05736,A,No
C05737,B,No
C05738,A,No
C05739,B,No
C05740,B,No
C05741,B,No
C05742,A,No
C05743,A,No
C05744,A,No
C05745,B,No
C05746,A,Yes
C05747,A,No
C05748,B,No
C05749,B,No
C05750,B,No
C05751,B,No
C05752,A,No
C05753,B,No
C05754,B,Yes
C05755,A,No
C05756,A,No
C05757,B,No
C05758,A,No
C05759,A,No
C05760,B,No
C05761,B,No
C05762,B,Yes
C05763,B,No
C05764,B,No
C05765,A,No
C05766,B,No
C05767,A,No
C05768,B,No
C05769,A,No
C05770,A,No
C05771,B,No
C05772,A,No
C05773,B,No
C05774,B,No
C05775,B,No
C05776,A,No
C05777,B,No
C05778,B,No
C05779,B,No
C05780,A,Yes
C05781,B,No
C05782,B,No
C05783,A,No
C05784,A,No
C05785,B,No
C05786,A,Yes
C05787,A,No
C05788,B,No
C05789,A,No
C05790,A,No
C05791,B,No
C05792,B,No
C05793,B,No
C05794,A,No
C05795,A,No
C05796,B,No
C05797,A,No
C05798,A,Yes
C05799,A,No
C05800,B,Yes
C05801,B,No
C05802,B,No
C05803,B,No
C05804,B,No
C05805,B,No
C05806,B,No
C05807,A,No
C05808,B,No
C05809,A,No
C05810,B,No
C05811,B,No
C05812,B,No
C05813,B,No
C05814,B,No
C05815,B,No
C05816,A,No
C05817,A,No
C05818,A,No
C05819,B,No
C05820,A,No
C05821,B,No
C05822,B,No
C05823,B,No
C05824,A,No
C05825,B,No
C05826,A,No
C05827,A,No
C05828,A,No
C05829,B,No
C05830,B,No
C05831,A,No
C05832,A,No
C05833,B,No
C05834,A,No
C05835,A,No
C05836,A,No
C05837,B,No
C05838,B,Yes
C05839,B,No
C05840,B,No
C05841,B,No
C05842,A,No
C05843,B,Yes
C05844,A,No
C05845,A,Yes
C05846,B,No
C05847,A,No
C05848,B,No
C05849,B,No
C05850,B,No
C05851,A,No
C05852,B,No
C05853,B,No
C05854,A,No
C05855,B,No
C05856,A,No
C05857,B,No
C05858,B,No
C05859,B,No
C05860,A,Yes
C05861,B,No
C05862,A,No
C05863,A,No
C05864,B,No
C05865,A,No
C05866,B,No
C05867,B,No
C05868,B,Yes
C05869,B,No
C05870,B,No
C05871,B,No
C05872,B,No
C05873,B,No
C05874,A,No
C05875,A,No
C05876,B,No
C05877,B,No
C05878,A,No
C05879,A,No
C05880,A,Yes
C05881,A,No
C05882,A,No
C05883,B,No
C05884,B,No
C05885,A,Yes
C05886,A,No
C05887,B,No
C05888,B,No
C05889,A,No
C05890,B,No
C05891,B,No
C05892,B,Yes
C05893,B,No
C05894,A,No
C05895,A,No
C05896,B,No
C05897,A,Yes
C05898,B,No
C05899,A,No
C05900,B,No
C05901,B,No
C05902,B,No
C05903,A,No
C05904,A,No
C05905,B,No
C05906,B,No
C05907,A,No
C05908,B,No
C05909,A,No
C05910,B,No
C05911,A,No
C05912,A,No
C05913,A,No
C05914,B,No
C05915,B,No
C05916,A,No
C05917,B,No
C05918,B,No
C05919,B,No
C05920,A,No
C05921,A,Yes
C05922,A,No
C05923,A,No
C05924,A,No
C05925,B,No
C05926,A,No
C05927,A,No
C05928,A,No
C05929,A,No
C05930,A,No
C05931,A,No
C05932,A,No
C05933,B,No
C05934,A,Yes
C05935,A,No
C05936,B,No
C05937,A,No
C05938,B,No
C05939,A,No
C05940,B,No
C05941,A,No
C05942,A,No
C05943,A,No
C05944,B,No
C05945,B,No
C05946,B,No
C05947,B,No
C05948,A,No
C05949,B,No
C05950,B,No
C05951,A,No
C05952,A,No
C05953,B,No
C05954,B,No
C05955,A,No
C05956,B,No
C05957,B,No
C05958,A,No
C05959,A,No
C05960,B,No
C05961,A,No
C05962,B,No
C05963,B,No
C05964,B,No
C05965,A,No
C05966,B,No
C05967,B,No
C05968,A,No
C05969,B,No
C05970,B,No
C05971,A,No
C05972,A,No
C05973,B,No
C05974,B,No
C05975,B,No
C05976,A,No
C05977,B,No
C05978,B,No
C05979,B,No
C05980,B,No
C05981,B,No
C05982,A,Yes
C05983,A,No
C05984,A,No
C05985,A,No
C05986,B,No
C05987,B,No
C05988,A,No
C05989,B,No
C05990,B,No
C05991,A,No
C05992,B,No
C05993,A,No
C05994,A,No
C05995,B,No
C05996,B,No
C05997,B,No
C05998,A,No
C05999,A,No
C06000,A,No
C06001,B,No
C06002,A,No
C06003,B,No
C06004,A,No
C06005,A,No
C06006,B,No
C06007,B,No
C06008,A,No
C06009,B,No
C06010,A,No
C06011,B,No
C06012,A,No
C06013,A,No
C06014,B,No
C06015,A,No
C06016,B,No
C06017,A,Yes
C06018,A,No
C06019,B,No
C06020,B,No
C06021,A,No
C06022,A,No
C06023,B,No
C06024,B,Yes
C06025,B,No
C06026,A,No
C06027,A,No
C06028,B,No
C06029,B,No
C06030,A,No
C06031,B,No
C06032,A,No
C06033,B,No
C06034,B,No
C06035,B,No
C06036,B,No
C06037,B,No
C06038,B,No
C06039,B,No
C06040,A,No
C06041,A,No
C06042,A,No
C06043,B,No
C06044,B,No
C06045,B,No
C06046,B,No
C06047,A,No
C06048,A,No
C06049,B,No
C06050,B,No
C06051,B,No
C06052,B,No
C06053,A,No
C06054,B,No
C06055,B,No
C06056,A,No
C06057,B,No
C06058,A,No
C06059,B,No
C06060,A,No
C06061,A,No
C06062,A,Yes
C06063,B,No
C06064,B,No
C06065,A,No
C06066,B,No
C06067,B,No
C06068,B,No
C06069,A,No
C06070,B,No
C06071,A,No
C06072,A,No
C06073,A,No
C06074,B,No
C06075,A,No
C06076,B,No
C06077,A,No
C06078,A,No
C06079,A,Yes
C06080,A,Yes
C06081,B,No
C06082,A,No
C06083,B,No
C06084,A,Yes
C06085,B,No
C06086,B,No
C06087,A,No
C06088,A,No
C06089,A,No
C06090,A,No
C06091,A,No
C06092,A,No
C06093,B,No
C06094,A,No
C06095,A,No
C06096,A,No
C06097,A,No
C06098,A,No
C06099,B,Yes
C06100,B,No
C06101,B,No
C06102,A,Yes
C06103,A,No
C06104,A,No
C06105,A,No
C06106,B,No
C06107,B,No
C06108,B,No
C06109,B,No
C06110,A,No
C06111,B,Yes
C06112,B,No
C06113,B,Yes
C06114,A,No
C06115,A,No
C06116,A,No
C06117,A,No
C06118,A,No
C06119,A,No
C06120,A,No
C06121,B,No
C06122,B,No
C06123,B,No
C06124,B,No
C06125,A,No
C06126,B,No
C06127,B,No
C06128,A,No
C06129,B,No
C06130,A,No
C06131,B,No
C06132,A,No
C06133,B,No
C06134,A,No
C06135,B,No
C06136,B,No
C06137,A,No
C06138,B,No
C06139,B,No
C06140,B,No
C06141,A,No
C06142,A,No
C06143,A,No
C06144,B,No
C06145,B,No
C06146,A,No
C06147,B,No
C06148,B,No
C06149,B,No
C06150,B,No
C06151,A,No
C06152,A,No
C06153,A,No
C06154,A,No
C06155,A,No
C06156,B,No
C06157,A,No
C06158,B,No
C06159,A,No
C06160,A,No
C06161,A,No
C06162,B,No
C06163,A,No
C06164,A,No
C06165,A,Yes
C06166,A,No
C06167,B,No
C06168,A,No
C06169,A,No
C06170,B,No
C06171,A,No
C06172,B,No
C06173,B,No
C06174,A,No
C06175,A,No
C06176,B,No
C06177,A,No
C06178,B,No
C06179,B,No
C06180,A,No
C06181,B,No
C06182,B,No
C06183,B,No
C06184,A,No
C06185,B,No
C06186,B,No
C06187,B,No
C06188,B,No
C06189,A,No
C06190,A,No
C06191,B,No
C06192,B,No
C06193,B,No
C06194,B,No
C06195,A,No
C06196,A,No
C06197,A,No
C06198,B,No
C06199,B,No
C06200,A,No
C06201,A,No
C06202,B,No
C06203,B,No
C06204,B,No
C06205,A,No
C06206,A,No
C06207,B,No
C06208,B,No
C06209,B,No
C06210,A,No
C06211,A,No
C06212,A,No
C06213,A,No
C06214,B,No
C06215,B,No
C06216,A,No
C06217,A,No
C06218,B,No
C06219,B,No
C06220,B,No
C06221,B,Yes
C06222,A,No
C06223,A,Yes
C06224,B,No
C06225,B,Yes
C06226,A,No
C06227,A,No
C06228,B,No
C06229,B,No
C06230,A,No
C06231,B,No
C06232,A,No
C06233,B,No
C06234,B,No
C06235,A,No
C06236,A,No
C06237,A,No
C06238,B,No
C06239,B,No
C06240,A,No
C06241,A,No
C06242,A,No
C06243,A,No
C06244,B,No
C06245,A,No
C06246,A,No
C06247,A,No
C06248,A,No
C06249,A,No
C06250,B,No
C06251,A,No
C06252,A,No
C06253,A,Yes
C06254,B,No
C06255,B,Yes
C06256,A,No
C06257,A,No
C06258,B,No
C06259,A,No
C06260,B,No
C06261,B,No
C06262,A,No
C06263,A,No
C06264,A,No
C06265,B,No
C06266,B,No
C06267,A,No
C06268,B,No
C06269,A,No
C06270,B,No
C06271,B,No
C06272,A,No
C06273,A,No
C06274,A,No
C06275,B,Yes
C06276,A,No
C06277,A,No
C06278,A,No
C06279,B,No
C06280,B,No
C06281,B,No
C06282,B,No
C06283,A,No
C06284,B,No
C06285,A,No
C06286,A,No
C06287,B,No
C06288,A,No
C06289,A,No
C06290,B,No
C06291,A,No
C06292,A,No
C06293,A,No
C06294,B,No
C06295,A,No
C06296,A,No
C06297,B,No
C06298,B,No
C06299,B,No
C06300,A,No
C06301,A,No
C06302,A,No
C06303,B,No
C06304,A,No
C06305,A,No
C06306,A,No
C06307,B,No
C06308,A,No
C06309,B,No
C06310,A,No
C06311,A,No
C06312,A,No
C06313,B,No
C06314,A,No
C06315,A,No
C06316,B,No
C06317,A,No
C06318,B,No
C06319,A,No
C06320,A,No
C06321,B,No
C06322,A,No
C06323,A,No
C06324,B,No
C06325,B,No
C06326,A,No
C06327,A,No
C06328,A,No
C06329,A,No
C06330,B,No
C06331,A,No
C06332,A,No
C06333,B,No
C06334,B,No
C06335,A,No
C06336,A,No
C06337,A,No
C06338,B,No
C06339,B,No
C06340,A,No
C06341,B,No
C06342,A,No
C06343,B,No
C06344,A,No
C06345,B,No
C06346,A,No
C06347,B,No
C06348,A,No
C06349,A,No
C06350,A,No
C06351,B,No
C06352,B,No
C06353,A,No
C06354,A,No
C06355,A,No
C06356,A,No
C06357,B,No
C06358,A,No
C06359,A,No
C06360,A,No
C06361,A,No
C06362,A,Yes
C06363,A,No
C06364,B,No
C06365,A,No
C06366,A,Yes
C06367,A,No
C06368,A,No
C06369,B,No
C06370,B,No
C06371,B,No
C06372,A,No
C06373,B,No
C06374,A,No
C06375,B,No
C06376,B,No
C06377,B,No
C06378,B,No
C06379,A,No
C06380,A,No
C06381,B,No
C06382,B,No
C06383,B,No
C06384,A,No
C06385,A,No
C06386,A,No
C06387,A,No
C06388,B,No
C06389,A,No
C06390,B,No
C06391,B,No
C06392,A,No
C06393,B,Yes
C06394,A,No
C06395,B,No
C06396,B,No
C06397,A,No
C06398,B,No
C06399,A,No
C06400,B,No
C06401,B,No
C06402,A,No
C06403,B,No
C06404,A,Yes
C06405,B,No
C06406,B,No
C06407,A,Yes
C06408,A,No
C06409,B,No
C06410,B,No
C06411,B,No
C06412,A,No
C06413,B,No
C06414,B,No
C06415,B,No
C06416,A,No
C06417,B,No
C06418,B,No
C06419,A,No
C06420,A,No
C06421,A,No
C06422,A,No
C06423,A,No
C06424,A,No
C06425,B,No
C06426,A,No
C06427,A,No
C06428,A,No
C06429,B,No
C06430,A,No
C06431,B,No
C06432,A,No
C06433,A,No
C06434,B,No
C06435,B,No
C06436,B,No
C06437,A,Yes
C06438,A,No
C06439,B,No
C06440,A,No
C06441,A,No
C06442,B,No
C06443,B,No
C06444,A,No
C06445,B,No
C06446,A,No
C06447,B,No
C06448,B,No
C06449,A,No
C06450,A,No
C06451,A,No
C06452,B,No
C06453,B,No
C06454,A,No
C06455,B,No
C06456,B,No
C06457,B,No
C06458,A,No
C06459,A,No
C06460,B,No
C06461,B,No
C06462,A,No
C06463,A,No
C06464,B,No
C06465,A,No
C06466,A,No
C06467,A,No
C06468,A,No
C06469,B,No
C06470,B,No
C06471,A,No
C06472,A,Yes
C06473,A,No
C06474,A,No
C06475,A,No
C06476,B,No
C06477,A,Yes
C06478,B,No
C06479,A,No
C06480,B,No
C06481,B,No
C06482,B,No
C06483,B,No
C06484,B,No
C06485,B,No
C06486,B,Yes
C06487,B,No
C06488,B,No
C06489,A,No
C06490,B,No
C06491,B,No
C06492,A,No
C06493,A,No
C06494,A,No
C06495,B,No
C06496,A,No
C06497,B,No
C06498,B,No
C06499,B,No
C06500,B,No
C06501,B,No
C06502,B,No
C06503,A,No
C06504,B,No
C06505,A,No
C06506,A,No
C06507,B,No
C06508,B,No
C06509,A,No
C06510,B,No
C06511,B,No
C06512,B,No
C06513,A,No
C06514,B,No
C06515,B,No
C06516,B,No
C06517,A,No
C06518,B,No
C06519,A,Yes
C06520,A,No
C06521,B,No
C06522,A,No
C06523,B,No
C06524,A,No
C06525,A,No
C06526,B,No
C06527,B,No
C06528,A,No
C06529,A,No
C06530,A,No
C06531,A,No
C06532,B,No
C06533,A,No
C06534,B,No
C06535,A,No
C06536,B,No
C06537,A,No
C06538,B,No
C06539,B,No
C06540,B,No
C06541,A,No
C06542,A,No
C06543,B,No
C06544,B,No
C06545,B,No
C06546,A,No
C06547,A,No
C06548,A,No
C06549,A,No
C06550,B,No
C06551,A,No
C06552,A,No
C06553,A,No
C06554,B,No
C06555,A,No
C06556,B,No
C06557,B,No
C06558,B,No
C06559,B,Yes
C06560,A,No
C06561,A,No
C06562,B,No
C06563,A,No
C06564,B,No
C06565,B,No
C06566,A,No
C06567,A,No
C06568,B,No
C06569,B,No
C06570,A,No
C06571,A,No
C06572,A,No
C06573,A,No
C06574,A,No
C06575,B,No
C06576,B,No
C06577,A,No
C06578,B,No
C06579,B,Yes
C06580,B,Yes
C06581,B,No
C06582,A,No
C06583,A,No
C06584,B,No
C06585,A,No
C06586,B,Yes
C06587,B,No
C06588,A,No
C06589,A,No
C06590,B,No
C06591,A,No
C06592,B,No
C06593,A,No
C06594,A,No
C06595,B,No
C06596,B,No
C06597,A,No
C06598,A,No
C06599,B,No
C06600,A,No
C06601,A,No
C06602,B,No
C06603,B,No
C06604,A,No
C06605,A,No
C06606,A,No
C06607,A,No
C06608,B,No
C06609,B,No
C06610,A,No
C06611,A,No
C06612,A,No
C06613,B,No
C06614,B,No
C06615,B,No
C06616,A,No
C06617,B,No
C06618,A,No
C06619,B,No
C06620,B,No
C06621,B,No
C06622,B,No
C06623,A,No
C06624,A,No
C06625,B,No
C06626,A,No
C06627,B,No
C06628,B,No
C06629,B,No
C06630,B,No
C06631,B,No
C06632,B,No
C06633,A,No
C06634,A,No
C06635,B,No
C06636,A,No
C06637,B,No
C06638,B,No
C06639,A,No
C06640,B,No
C06641,A,No
C06642,A,No
C06643,B,No
C06644,A,No
C06645,B,No
C06646,A,No
C06647,B,No
C06648,B,No
C06649,A,No
C06650,B,No
C06651,B,No
C06652,B,Yes
C06653,A,No
C06654,B,No
C06655,B,No
C06656,A,No
C06657,A,No
C06658,A,No
C06659,A,No
C06660,A,No
C06661,B,No
C06662,A,No
C06663,B,No
C06664,A,No
C06665,B,No
C06666,A,No
C06667,A,No
C06668,A,No
C06669,B,No
C06670,A,No
C06671,B,No
C06672,A,No
C06673,B,No
C06674,B,No
C06675,A,No
C06676,A,No
C06677,A,No
C06678,B,Yes
C06679,B,No
C06680,B,Yes
C06681,A,No
C06682,A,No
C06683,A,No
C06684,B,No
C06685,B,No
C06686,B,No
C06687,B,No
C06688,A,Yes
C06689,B,No
C06690,A,No
C06691,B,Yes
C06692,A,No
C06693,A,No
C06694,A,No
C06695,A,No
C06696,B,Yes
C06697,A,No
C06698,B,No
C06699,A,No
C06700,B,No
C06701,B,No
C06702,A,No
C06703,B,No
C06704,B,No
C06705,B,No
C06706,B,No
C06707,A,No
C06708,B,No
C06709,B,No
C06710,A,No
C06711,B,No
C06712,A,No
C06713,A,No
C06714,B,Yes
C06715,B,No
C06716,A,No
C06717,B,No
C06718,B,No
C06719,A,No
C06720,A,No
C06721,A,No
C06722,A,No
C06723,A,No
C06724,B,No
C06725,B,No
C06726,B,No
C06727,A,No
C06728,A,No
C06729,A,No
C06730,B,No
C06731,B,Yes
C06732,A,No
C06733,A,No
C06734,B,No
C06735,B,No
C06736,A,No
C06737,B,No
C06738,B,No
C06739,A,No
C06740,A,No
C06741,B,No
C06742,B,No
C06743,B,No
C06744,B,No
C06745,A,No
C06746,A,No
C06747,B,No
C06748,A,No
C06749,A,No
C06750,B,No
C06751,A,No
C06752,B,No
C06753,A,No
C06754,B,No
C06755,A,No
C06756,A,No
C06757,A,No
C06758,A,No
C06759,A,Yes
C06760,A,No
C06761,A,No
C06762,A,No
C06763,B,No
C06764,A,No
C06765,A,No
C06766,A,No
C06767,A,No
C06768,A,No
C06769,A,No
C06770,B,No
C06771,A,No
C06772,B,No
C06773,B,No
C06774,A,No
C06775,B,No
C06776,B,No
C06777,A,No
C06778,B,No
C06779,A,No
C06780,B,No
C06781,B,No
C06782,B,No
C06783,B,No
C06784,B,No
C06785,A,Yes
C06786,B,No
C06787,B,Yes
C06788,A,No
C06789,B,No
C06790,B,No
C06791,A,No
C06792,B,No
C06793,A,No
C06794,A,No
C06795,B,No
C06796,A,No
C06797,B,No
C06798,B,No
C06799,B,No
C06800,B,No
C06801,B,No
C06802,B,No
C06803,A,No
C06804,A,No
C06805,B,No
C06806,A,No
C06807,B,No
C06808,B,No
C06809,A,No
C06810,A,No
C06811,B,No
C06812,B,No
C06813,A,No
C06814,B,No
C06815,A,No
C06816,A,No
C06817,B,No
C06818,A,Yes
C06819,B,No
C06820,B,No
C06821,B,No
C06822,B,No
C06823,A,No
C06824,A,No
C06825,B,No
C06826,A,Yes
C06827,A,No
C06828,A,No
C06829,A,No
C06830,A,Yes
C06831,A,No
C06832,A,No
C06833,A,No
C06834,B,No
C06835,B,No
C06836,B,No
C06837,B,No
C06838,B,No
C06839,B,No
C06840,A,No
C06841,A,No
C06842,A,No
C06843,A,No
C06844,B,No
C06845,B,No
C06846,A,Yes
C06847,B,No
C06848,A,No
C06849,B,No
C06850,B,No
C06851,A,No
C06852,A,No
C06853,B,Yes
C06854,A,No
C06855,B,No
C06856,A,No
C06857,A,No
C06858,A,No
C06859,B,No
C06860,B,No
C06861,A,No
C06862,B,No
C06863,A,No
C06864,A,No
C06865,A,No
C06866,B,No
C06867,A,No
C06868,B,No
C06869,B,No
C06870,B,No
C06871,B,No
C06872,B,No
C06873,B,No
C06874,B,No
C06875,A,No
C06876,B,No
C06877,B,No
C06878,A,Yes
C06879,B,No
C06880,A,Yes
C06881,B,No
C06882,B,No
C06883,B,No
C06884,A,Yes
C06885,A,No
C06886,A,No
C06887,A,No
C06888,A,No
C06889,A,No
C06890,B,No
C06891,B,No
C06892,A,No
C06893,A,No
C06894,A,No
C06895,B,No
C06896,B,No
C06897,A,No
C06898,B,No
C06899,A,No
C06900,A,No
C06901,B,No
C06902,B,No
C06903,A,No
C06904,A,No
C06905,A,No
C06906,A,No
C06907,A,No
C06908,A,No
C06909,B,No
C06910,A,No
C06911,B,No
C06912,B,No
C06913,B,No
C06914,A,No
C06915,A,No
C06916,A,Yes
C06917,B,No
C06918,B,No
C06919,A,Yes
C06920,A,No
C06921,B,No
C06922,B,No
C06923,A,No
C06924,A,No
C06925,B,No
C06926,A,No
C06927,A,No
C06928,B,No
C06929,B,No
C06930,B,No
C06931,B,No
C06932,A,No
C06933,A,No
C06934,B,No
C06935,B,No
C06936,B,No
C06937,B,No
C06938,B,No
C06939,A,No
C06940,A,No
C06941,A,No
C06942,A,No
C06943,B,No
C06944,A,Yes
C06945,A,No
C06946,B,No
C06947,B,No
C06948,A,Yes
C06949,B,No
C06950,B,No
C06951,B,No
C06952,A,No
C06953,A,Yes
C06954,A,No
C06955,A,No
C06956,B,No
C06957,B,No
C06958,B,No
C06959,A,No
C06960,A,Yes
C06961,B,No
C06962,B,No
C06963,B,No
C06964,A,No
C06965,A,No
C06966,B,Yes
C06967,B,No
C06968,A,No
C06969,A,No
C06970,B,No
C06971,B,No
C06972,B,No
C06973,B,No
C06974,A,No
C06975,B,No
C06976,A,No
C06977,B,No
C06978,A,No
C06979,B,No
C06980,B,No
C06981,B,No
C06982,A,No
C06983,A,Yes
C06984,B,No
C06985,B,No
C06986,A,No
C06987,B,No
C06988,B,No
C06989,B,No
C06990,A,No
C06991,A,No
C06992,B,No
C06993,A,No
C06994,B,No
C06995,A,No
C06996,B,No
C06997,A,No
C06998,A,No
C06999,B,No
C07000,B,No
C07001,A,No
C07002,B,No
C07003,A,No
C07004,B,No
C07005,A,No
C07006,A,No
C07007,B,No
C07008,B,No
C07009,A,No
C07010,B,No
C07011,B,No
C07012,B,Yes
C07013,A,No
C07014,A,No
C07015,B,No
C07016,B,No
C07017,A,No
C07018,B,No
C07019,A,No
C07020,A,No
C07021,A,No
C07022,B,No
C07023,A,No
C07024,B,No
C07025,A,No
C07026,B,No
C07027,A,No
C07028,B,No
C07029,A,No
C07030,A,No
C07031,A,No
C07032,B,No
C07033,B,No
C07034,B,No
C07035,A,No
C07036,B,No
C07037,B,No
C07038,A,No
C07039,B,No
C07040,A,No
C07041,B,No
C07042,A,No
C07043,B,No
C07044,B,No
C07045,B,No
C07046,B,No
C07047,A,No
C07048,B,No
C07049,A,No
C07050,A,No
C07051,A,No
C07052,A,No
C07053,A,No
C07054,B,No
C07055,B,No
C07056,B,Yes
C07057,A,No
C07058,A,Yes
C07059,A,No
C07060,A,No
C07061,A,No
C07062,A,No
C07063,B,No
C07064,B,No
C07065,B,No
C07066,A,No
C07067,A,No
C07068,A,No
C07069,B,No
C07070,A,No
C07071,B,No
C07072,A,No
C07073,B,No
C07074,B,No
C07075,B,No
C07076,B,No
C07077,A,No
C07078,A,No
C07079,B,No
C07080,A,No
C07081,B,No
C07082,B,No
C07083,B,No
C07084,A,No
C07085,A,No
C07086,B,No
C07087,B,No
C07088,B,No
C07089,B,No
C07090,A,No
C07091,B,No
C07092,A,No
C07093,B,No
C07094,B,No
C07095,B,No
C07096,A,No
C07097,A,No
C07098,B,Yes
C07099,B,Yes
C07100,B,No
C07101,A,No
C07102,A,No
C07103,A,No
C07104,B,No
C07105,A,No
C07106,B,No
C07107,B,No
C07108,B,No
C07109,B,No
C07110,A,No
C07111,A,No
C07112,B,No
C07113,B,No
C07114,A,No
C07115,A,Yes
C07116,B,No
C07117,B,No
C07118,B,No
C07119,B,No
C07120,B,No
C07121,B,No
C07122,B,No
C07123,A,No
C07124,A,No
C07125,B,No
C07126,B,No
C07127,A,No
C07128,B,No
C07129,A,No
C07130,B,No
C07131,A,No
C07132,A,No
C07133,A,No
C07134,B,No
C07135,B,No
C07136,A,No
C07137,A,No
C07138,B,No
C07139,A,No
C07140,A,No
C07141,B,Yes
C07142,A,Yes
C07143,B,No
C07144,B,No
C07145,A,No
C07146,B,No
C07147,B,No
C07148,B,No
C07149,A,No
C07150,B,No
C07151,B,No
C07152,B,No
C07153,A,No
C07154,B,No
C07155,B,No
C07156,B,No
C07157,A,Yes
C07158,A,No
C07159,A,No
C07160,A,No
C07161,A,No
C07162,A,No
C07163,B,No
C07164,B,No
C07165,B,No
C07166,B,No
C07167,A,No
C07168,B,No
C07169,A,No
C07170,B,No
C07171,B,No
C07172,A,No
C07173,A,No
C07174,A,No
C07175,B,No
C07176,A,No
C07177,A,No
C07178,B,No
C07179,B,No
C07180,B,No
C07181,A,No
C07182,A,No
C07183,A,No
C07184,A,No
C07185,B,No
C07186,B,No
C07187,B,No
C07188,A,No
C07189,A,No
C07190,A,No
C07191,B,No
C07192,A,No
C07193,B,No
C07194,A,No
C07195,B,No
C07196,B,No
C07197,A,No
C07198,B,No
C07199,B,No
C07200,A,No
C07201,A,No
C07202,A,No
C07203,A,No
C07204,A,No
C07205,B,No
C07206,B,No
C07207,B,No
C07208,B,No
C07209,B,No
C07210,A,No
C07211,A,No
C07212,A,No
C07213,B,No
C07214,B,No
C07215,B,No
C07216,B,No
C07217,A,No
C07218,A,No
C07219,A,No
C07220,A,No
C07221,B,No
C07222,A,Yes
C07223,A,No
C07224,A,No
C07225,B,No
C07226,B,No
C07227,A,No
C07228,B,No
C07229,A,No
C07230,A,No
C07231,A,No
C07232,A,No
C07233,B,No
C07234,B,No
C07235,A,No
C07236,A,Yes
C07237,B,No
C07238,B,No
C07239,A,No
C07240,A,No
C07241,A,No
C07242,B,No
C07243,A,No
C07244,B,No
C07245,A,No
C07246,A,No
C07247,B,No
C07248,A,No
C07249,A,No
C07250,A,No
C07251,A,No
C07252,B,No
C07253,B,No
C07254,B,No
C07255,A,No
C07256,A,No
C07257,A,No
C07258,B,No
C07259,B,No
C07260,B,No
C07261,A,No
C07262,A,Yes
C07263,A,No
C07264,B,No
C07265,A,No
C07266,B,No
C07267,A,No
C07268,B,No
C07269,A,No
C07270,B,No
C07271,B,Yes
C07272,B,No
C07273,B,No
C07274,A,No
C07275,A,No
C07276,A,Yes
C07277,B,No
C07278,A,No
C07279,B,No
C07280,B,No
C07281,B,No
C07282,B,No
C07283,B,No
C07284,A,No
C07285,B,No
C07286,A,Yes
C07287,B,No
C07288,A,No
C07289,B,Yes
C07290,B,No
C07291,A,No
C07292,A,No
C07293,B,No
C07294,A,No
C07295,B,No
C07296,A,No
C07297,B,No
C07298,A,No
C07299,B,No
C07300,B,No
C07301,A,No
C07302,B,No
C07303,B,No
C07304,B,No
C07305,B,No
C07306,A,Yes
C07307,A,No
C07308,B,No
C07309,B,No
C07310,B,Yes
C07311,A,No
C07312,B,No
C07313,B,No
C07314,B,No
C07315,A,No
C07316,B,No
C07317,B,No
C07318,B,No
C07319,A,No
C07320,A,No
C07321,B,No
C07322,B,No
C07323,B,No
C07324,A,No
C07325,A,No
C07326,B,No
C07327,B,No
C07328,A,No
C07329,B,No
C07330,A,No
C07331,A,No
C07332,B,No
C07333,B,No
C07334,A,No
C07335,A,No
C07336,B,No
C07337,B,No
C07338,A,No
C07339,B,No
C07340,A,No
C07341,A,No
C07342,A,No
C07343,B,No
C07344,A,No
C07345,A,No
C07346,B,No
C07347,B,No
C07348,B,No
C07349,B,No
C07350,B,No
C07351,A,No
C07352,B,No
C07353,B,No
C07354,B,No
C07355,B,Yes
C07356,B,No
C07357,B,No
C07358,A,No
C07359,B,No
C07360,A,No
C07361,B,No
C07362,A,No
C07363,A,No
C07364,A,No
C07365,A,No
C07366,A,No
C07367,A,No
C07368,B,No
C07369,B,No
C07370,A,No
C07371,B,No
C07372,B,No
C07373,A,No
C07374,B,No
C07375,A,No
C07376,A,No
C07377,B,No
C07378,A,No
C07379,A,No
C07380,A,No
C07381,A,No
C07382,A,No
C07383,B,No
C07384,A,No
C07385,B,No
C07386,A,No
C07387,A,No
C07388,B,No
C07389,A,No
C07390,A,No
C07391,A,No
C07392,A,No
C07393,B,No
C07394,B,No
C07395,B,No
C07396,A,No
C07397,A,No
C07398,B,No
C07399,B,No
C07400,B,No
C07401,B,No
C07402,B,No
C07403,B,No
C07404,A,No
C07405,A,No
C07406,B,No
C07407,A,No
C07408,B,No
C07409,B,No
C07410,B,No
C07411,B,No
C07412,A,No
C07413,B,No
C07414,B,No
C07415,A,No
C07416,A,No
C07417,A,No
C07418,A,No
C07419,A,No
C07420,A,Yes
C07421,A,No
C07422,B,No
C07423,A,No
C07424,A,No
C07425,B,Yes
C07426,A,No
C07427,A,No
C07428,A,No
C07429,A,No
C07430,A,No
C07431,A,No
C07432,B,No
C07433,A,No
C07434,B,No
C07435,A,No
C07436,A,No
C07437,A,No
C07438,A,No
C07439,A,No
C07440,B,No
C07441,B,No
C07442,A,No
C07443,B,No
C07444,A,No
C07445,A,No
C07446,A,No
C07447,A,No
C07448,A,No
C07449,B,No
C07450,B,No
C07451,A,No
C07452,B,No
C07453,B,Yes
C07454,B,No
C07455,B,No
C07456,B,No
C07457,B,No
C07458,B,No
C07459,B,No
C07460,A,No
C07461,A,No
C07462,A,No
C07463,A,No
C07464,B,No
C07465,A,No
C07466,A,No
C07467,B,No
C07468,B,No
C07469,B,No
C07470,A,No
C07471,B,No
C07472,A,No
C07473,B,No
C07474,A,No
C07475,B,No
C07476,B,No
C07477,A,No
C07478,B,No
C07479,B,No
C07480,A,Yes
C07481,B,No
C07482,B,No
C07483,A,No
C07484,A,No
C07485,B,No
C07486,B,No
C07487,B,No
C07488,B,No
C07489,A,No
C07490,B,No
C07491,B,No
C07492,A,No
C07493,B,No
C07494,B,No
C07495,B,No
C07496,A,No
C07497,B,No
C07498,A,No
C07499,B,Yes
C07500,B,No
C07501,A,No
C07502,A,No
C07503,B,No
C07504,A,No
C07505,B,No
C07506,B,No
C07507,A,No
C07508,A,No
C07509,B,No
C07510,B,No
C07511,B,Yes
C07512,A,No
C07513,B,No
C07514,A,No
C07515,B,No
C07516,A,Yes
C07517,A,No
C07518,B,No
C07519,B,No
C07520,A,No
C07521,A,No
C07522,B,No
C07523,B,No
C07524,B,No
C07525,A,No
C07526,B,No
C07527,B,No
C07528,B,No
C07529,B,No
C07530,A,No
C07531,A,No
C07532,A,No
C07533,A,No
C07534,B,No
C07535,B,No
C07536,B,No
C07537,B,No
C07538,B,No
C07539,B,No
C07540,B,No
C07541,A,No
C07542,A,No
C07543,B,No
C07544,A,No
C07545,B,Yes
C07546,B,No
C07547,A,No
C07548,A,No
C07549,A,No
C07550,A,No
C07551,A,No
C07552,B,No
C07553,A,No
C07554,A,No
C07555,A,No
C07556,A,No
C07557,A,No
C07558,A,Yes
C07559,A,No
C07560,A,No
C07561,B,No
C07562,B,No
C07563,B,No
C07564,B,No
C07565,A,No
C07566,B,No
C07567,A,No
C07568,B,No
C07569,A,No
C07570,A,No
C07571,B,No
C07572,A,Yes
C07573,A,No
C07574,A,No
C07575,A,No
C07576,B,Yes
C07577,A,No
C07578,A,No
C07579,B,No
C07580,A,Yes
C07581,B,No
C07582,A,No
C07583,A,No
C07584,A,No
C07585,B,No
C07586,A,No
C07587,A,No
C07588,B,No
C07589,A,No
C07590,B,No
C07591,B,No
C07592,B,No
C07593,B,No
C07594,A,No
C07595,A,No
C07596,A,No
C07597,A,No
C07598,A,No
C07599,A,No
C07600,B,No
C07601,B,No
C07602,A,No
C07603,A,No
C07604,A,No
C07605,A,Yes
C07606,A,No
C07607,A,No
C07608,B,No
C07609,A,No
C07610,A,No
C07611,A,No
C07612,B,No
C07613,A,No
C07614,A,No
C07615,A,Yes
C07616,B,No
C07617,A,No
C07618,B,No
C07619,A,No
C07620,B,No
C07621,B,No
C07622,B,No
C07623,B,No
C07624,A,No
C07625,A,No
C07626,B,No
C07627,B,No
C07628,B,No
C07629,A,Yes
C07630,A,Yes
C07631,B,No
C07632,A,No
C07633,A,No
C07634,B,No
C07635,B,Yes
C07636,A,No
C07637,B,No
C07638,A,No
C07639,B,No
C07640,B,No
C07641,A,No
C07642,A,No
C07643,A,Yes
C07644,A,No
C07645,A,No
C07646,B,No
C07647,A,No
C07648,A,No
C07649,B,No
C07650,B,No
C07651,B,No
C07652,A,No
C07653,A,No
C07654,B,No
C07655,B,No
C07656,B,No
C07657,A,No
C07658,A,No
C07659,B,No
C07660,A,No
C07661,B,No
C07662,B,No
C07663,B,No
C07664,B,No
C07665,A,No
C07666,B,No
C07667,B,No
C07668,A,No
C07669,A,No
C07670,A,No
C07671,B,No
C07672,A,No
C07673,B,No
C07674,B,No
C07675,B,No
C07676,B,No
C07677,A,No
C07678,A,No
C07679,A,Yes
C07680,B,No
C07681,A,No
C07682,A,No
C07683,A,Yes
C07684,B,No
C07685,B,No
C07686,A,No
C07687,A,No
C07688,B,No
C07689,A,No
C07690,A,No
C07691,A,No
C07692,B,No
C07693,A,No
C07694,B,No
C07695,B,No
C07696,B,No
C07697,B,No
C07698,B,No
C07699,B,No
C07700,A,No
C07701,A,No
C07702,A,No
C07703,B,No
C07704,A,No
C07705,A,No
C07706,B,No
C07707,A,No
C07708,A,Yes
C07709,B,No
C07710,B,No
C07711,B,No
C07712,B,No
C07713,B,No
C07714,B,No
C07715,A,No
C07716,B,No
C07717,B,No
C07718,B,No
C07719,A,No
C07720,A,No
C07721,A,No
C07722,B,No
C07723,B,No
C07724,A,No
C07725,A,No
C07726,A,No
C07727,A,No
C07728,A,Yes
C07729,A,Yes
C07730,B,No
C07731,B,No
C07732,B,No
C07733,B,No
C07734,B,No
C07735,A,No
C07736,A,No
C07737,A,No
C07738,A,No
C07739,B,No
C07740,B,No
C07741,B,No
C07742,B,No
C07743,B,No
C07744,A,No
C07745,A,No
C07746,B,No
C07747,B,No
C07748,B,No
C07749,A,No
C07750,B,No
C07751,A,No
C07752,B,No
C07753,A,No
C07754,A,No
C07755,B,No
C07756,A,No
C07757,B,No
C07758,A,No
C07759,B,No
C07760,A,No
C07761,B,No
C07762,B,Yes
C07763,A,Yes
C07764,B,No
C07765,A,No
C07766,A,No
C07767,B,No
C07768,A,No
C07769,A,No
C07770,A,No
C07771,A,No
C07772,A,No
C07773,A,No
C07774,B,No
C07775,A,No
C07776,A,No
C07777,A,Yes
C07778,B,No
C07779,A,No
C07780,B,No
C07781,B,No
C07782,A,Yes
C07783,B,No
C07784,A,No
C07785,A,No
C07786,A,No
C07787,B,No
C07788,A,No
C07789,B,No
C07790,B,No
C07791,A,No
C07792,B,No
C07793,A,No
C07794,A,No
C07795,A,No
C07796,A,No
C07797,B,No
C07798,B,No
C07799,B,No
C07800,B,No
C07801,B,No
C07802,A,No
C07803,A,No
C07804,B,No
C07805,A,No
C07806,B,No
C07807,A,No
C07808,A,No
C07809,B,No
C07810,A,No
C07811,A,No
C07812,A,Yes
C07813,A,No
C07814,A,No
C07815,A,No
C07816,A,No
C07817,A,No
C07818,A,No
C07819,B,No
C07820,B,No
C07821,A,Yes
C07822,B,No
C07823,B,No
C07824,A,No
C07825,A,No
C07826,B,No
C07827,A,No
C07828,B,No
C07829,A,No
C07830,B,No
C07831,B,No
C07832,B,No
C07833,A,No
C07834,B,No
C07835,B,No
C07836,A,No
C07837,B,Yes
C07838,A,No
C07839,A,No
C07840,A,No
C07841,B,No
C07842,A,No
C07843,B,No
C07844,B,No
C07845,A,No
C07846,A,Yes
C07847,B,No
C07848,B,No
C07849,A,No
C07850,B,No
C07851,A,No
C07852,B,No
C07853,B,No
C07854,A,No
C07855,A,No
C07856,B,No
C07857,B,Yes
C07858,B,No
C07859,A,No
C07860,A,No
C07861,B,No
C07862,A,No
C07863,A,No
C07864,B,No
C07865,A,No
C07866,A,No
C07867,B,No
C07868,B,No
C07869,B,No
C07870,A,No
C07871,B,No
C07872,B,No
C07873,B,No
C07874,A,No
C07875,B,No
C07876,A,No
C07877,B,No
C07878,B,No
C07879,A,No
C07880,A,No
C07881,B,No
C07882,A,No
C07883,B,No
C07884,B,No
C07885,B,No
C07886,B,No
C07887,B,No
C07888,A,No
C07889,A,No
C07890,A,No
C07891,A,No
C07892,A,No
C07893,B,No
C07894,B,No
C07895,B,No
C07896,A,No
C07897,B,No
C07898,A,No
C07899,A,No
C07900,A,No
C07901,B,No
C07902,A,No
C07903,B,No
C07904,A,Yes
C07905,B,No
C07906,A,No
C07907,A,No
C07908,B,No
C07909,B,No
C07910,A,No
C07911,B,No
C07912,A,No
C07913,A,No
C07914,A,No
C07915,B,No
C07916,B,No
C07917,A,No
C07918,A,No
C07919,B,No
C07920,B,No
C07921,A,No
C07922,B,No
C07923,A,No
C07924,B,Yes
C07925,B,No
C07926,B,No
C07927,B,No
C07928,A,No
C07929,A,No
C07930,B,No
C07931,B,No
C07932,A,No
C07933,B,No
C07934,B,No
C07935,B,No
C07936,A,No
C07937,A,No
C07938,A,No
C07939,B,No
C07940,A,No
C07941,A,No
C07942,A,No
C07943,A,No
C07944,B,No
C07945,A,No
C07946,A,No
C07947,B,No
C07948,B,No
C07949,B,No
C07950,A,No
C07951,A,No
C07952,A,Yes
C07953,B,No
C07954,B,Yes
C07955,B,No
C07956,B,No
C07957,B,No
C07958,A,No
C07959,B,No
C07960,A,No
C07961,B,Yes
C07962,B,No
C07963,B,No
C07964,B,No
C07965,B,No
C07966,A,No
C07967,A,No
C07968,B,No
C07969,A,No
C07970,A,No
C07971,B,No
C07972,B,No
C07973,A,No
C07974,A,No
C07975,A,No
C07976,A,No
C07977,A,No
C07978,B,No
C07979,A,No
C07980,A,No
C07981,B,No
C07982,B,No
C07983,A,No
C07984,B,No
C07985,A,No
C07986,B,No
C07987,B,No
C07988,A,No
C07989,A,No
C07990,A,No
C07991,B,No
C07992,B,Yes
C07993,A,No
C07994,B,No
C07995,A,No
C07996,A,No
C07997,A,No
C07998,B,No
C07999,B,No
C08000,A,No
C08001,A,No
C08002,A,No
C08003,B,No
C08004,A,No
C08005,A,No
C08006,B,No
C08007,A,No
C08008,B,No
C08009,A,No
C08010,B,No
C08011,A,No
C08012,B,No
C08013,A,No
C08014,B,No
C08015,A,Yes
C08016,A,No
C08017,B,Yes
C08018,A,No
C08019,A,No
C08020,A,No
C08021,B,No
C08022,A,Yes
C08023,A,No
C08024,B,No
C08025,B,No
C08026,B,No
C08027,A,No
C08028,A,No
C08029,A,No
C08030,B,No
C08031,B,No
C08032,A,Yes
C08033,A,No
C08034,A,No
C08035,B,No
C08036,B,No
C08037,B,No
C08038,A,No
C08039,B,No
C08040,A,No
C08041,A,No
C08042,B,No
C08043,A,No
C08044,A,No
C08045,B,No
C08046,B,No
C08047,A,No
C08048,B,No
C08049,A,No
C08050,A,No
C08051,A,No
C08052,A,No
C08053,A,No
C08054,B,No
C08055,B,No
C08056,B,Yes
C08057,A,No
C08058,B,No
C08059,A,No
C08060,B,No
C08061,A,No
C08062,B,No
C08063,B,No
C08064,B,No
C08065,B,No
C08066,B,No
C08067,B,No
C08068,B,No
C08069,A,No
C08070,B,Yes
C08071,B,No
C08072,B,No
C08073,B,No
C08074,B,No
C08075,A,No
C08076,A,No
C08077,B,No
C08078,A,No
C08079,A,No
C08080,B,No
C08081,A,No
C08082,B,No
C08083,B,No
C08084,A,No
C08085,B,No
C08086,B,No
C08087,A,No
C08088,B,No
C08089,B,No
C08090,A,No
C08091,B,Yes
C08092,B,No
C08093,B,No
C08094,A,No
C08095,A,No
C08096,A,No
C08097,A,No
C08098,A,No
C08099,A,No
C08100,A,No
C08101,A,No
C08102,A,No
C08103,A,No
C08104,B,No
C08105,A,No
C08106,B,No
C08107,B,No
C08108,B,No
C08109,B,No
C08110,B,No
C08111,A,No
C08112,A,No
C08113,A,No
C08114,B,No
C08115,A,Yes
C08116,A,No
C08117,B,No
C08118,B,No
C08119,A,No
C08120,B,No
C08121,A,No
C08122,B,No
C08123,A,No
C08124,B,No
C08125,B,No
C08126,A,No
C08127,B,No
C08128,B,No
C08129,A,No
C08130,B,No
C08131,B,No
C08132,A,No
C08133,A,No
C08134,B,No
C08135,A,No
C08136,B,No
C08137,A,No
C08138,A,No
C08139,B,No
C08140,A,No
C08141,A,Yes
C08142,B,No
C08143,B,No
C08144,A,No
C08145,B,No
C08146,B,No
C08147,B,No
C08148,B,No
C08149,A,No
C08150,B,No
C08151,B,No
C08152,B,No
C08153,A,No
C08154,B,No
C08155,A,No
C08156,A,No
C08157,B,No
C08158,B,No
C08159,A,No
C08160,B,No
C08161,A,No
C08162,A,No
C08163,B,No
C08164,B,No
C08165,B,No
C08166,B,No
C08167,B,No
C08168,A,No
C08169,B,No
C08170,A,No
C08171,B,Yes
C08172,A,No
C08173,B,No
C08174,A,Yes
C08175,A,No
C08176,B,No
C08177,B,No
C08178,A,No
C08179,A,No
C08180,A,No
C08181,B,No
C08182,A,No
C08183,B,No
C08184,A,No
C08185,A,No
C08186,B,No
C08187,A,No
C08188,B,No
C08189,B,No
C08190,A,No
C08191,A,No
C08192,A,No
C08193,B,No
C08194,B,No
C08195,A,No
C08196,B,No
C08197,A,No
C08198,A,No
C08199,A,No
C08200,B,No
C08201,B,No
C08202,B,Yes
C08203,B,No
C08204,A,No
C08205,B,No
C08206,B,No
C08207,B,No
C08208,A,No
C08209,A,No
C08210,A,No
C08211,B,No
C08212,A,No
C08213,A,No
C08214,B,No
C08215,B,No
C08216,B,No
C08217,A,Yes
C08218,A,No
C08219,B,No
C08220,B,Yes
C08221,A,No
C08222,B,No
C08223,A,No
C08224,A,No
C08225,A,Yes
C08226,A,No
C08227,A,No
C08228,B,No
C08229,A,No
C08230,B,No
C08231,B,No
C08232,B,No
C08233,B,No
C08234,A,No
C08235,A,No
C08236,A,No
C08237,B,No
C08238,B,No
C08239,A,No
C08240,A,No
C08241,B,No
C08242,A,No
C08243,A,Yes
C08244,A,No
C08245,A,No
C08246,A,No
C08247,B,No
C08248,B,No
C08249,A,No
C08250,B,No
C08251,B,No
C08252,A,No
C08253,B,No
C08254,A,No
C08255,B,No
C08256,B,No
C08257,B,No
C08258,A,No
C08259,B,No
C08260,A,No
C08261,B,No
C08262,A,No
C08263,A,No
C08264,A,No
C08265,B,No
C08266,A,No
C08267,A,No
C08268,B,No
C08269,B,No
C08270,A,No
C08271,B,No
C08272,B,No
C08273,B,No
C08274,A,No
C08275,B,No
C08276,B,No
C08277,B,No
C08278,A,No
C08279,B,No
C08280,B,Yes
C08281,A,No
C08282,A,Yes
C08283,B,No
C08284,A,No
C08285,B,No
C08286,B,No
C08287,A,No
C08288,A,No
C08289,B,No
C08290,A,No
C08291,A,No
C08292,A,No
C08293,B,No
C08294,B,No
C08295,B,No
C08296,B,No
C08297,B,No
C08298,A,No
C08299,A,No
C08300,B,No
C08301,A,No
C08302,A,No
C08303,A,No
C08304,B,Yes
C08305,B,No
C08306,B,No
C08307,B,No
C08308,B,No
C08309,B,No
C08310,B,No
C08311,A,No
C08312,B,Yes
C08313,B,No
C08314,A,No
C08315,B,No
C08316,A,No
C08317,B,No
C08318,A,No
C08319,B,No
C08320,B,No
C08321,A,No
C08322,B,No
C08323,B,No
C08324,A,No
C08325,A,No
C08326,B,No
C08327,A,No
C08328,A,No
C08329,B,No
C08330,B,No
C08331,B,No
C08332,B,No
C08333,B,No
C08334,B,No
C08335,B,No
C08336,B,No
C08337,A,No
C08338,B,No
C08339,B,No
C08340,A,No
C08341,B,No
C08342,B,No
C08343,A,No
C08344,A,No
C08345,A,No
C08346,B,No
C08347,A,No
C08348,A,No
C08349,B,No
C08350,B,No
C08351,B,No
C08352,B,No
C08353,A,No
C08354,B,No
C08355,A,No
C08356,B,No
C08357,A,No
C08358,A,No
C08359,A,No
C08360,A,No
C08361,B,No
C08362,B,No
C08363,A,No
C08364,B,No
C08365,B,No
C08366,B,No
C08367,A,No
C08368,A,No
C08369,B,No
C08370,B,No
C08371,A,No
C08372,B,Yes
C08373,B,No
C08374,B,No
C08375,B,No
C08376,A,No
C08377,B,No
C08378,A,No
C08379,A,No
C08380,B,No
C08381,A,No
C08382,B,No
C08383,B,No
C08384,B,No
C08385,A,No
C08386,B,No
C08387,B,No
C08388,B,No
C08389,B,No
C08390,B,No
C08391,A,No
C08392,A,No
C08393,B,No
C08394,A,No
C08395,B,No
C08396,A,No
C08397,B,No
C08398,A,No
C08399,B,No
C08400,A,No
C08401,A,No
C08402,B,No
C08403,A,No
C08404,A,No
C08405,A,No
C08406,B,No
C08407,A,No
C08408,B,No
C08409,B,No
C08410,A,No
C08411,A,No
C08412,A,No
C08413,A,No
C08414,A,No
C08415,B,No
C08416,A,No
C08417,B,No
C08418,B,No
C08419,B,No
C08420,B,No
C08421,A,No
C08422,B,No
C08423,A,No
C08424,A,No
C08425,B,No
C08426,A,No
C08427,B,No
C08428,B,No
C08429,A,No
C08430,B,No
C08431,B,No
C08432,B,Yes
C08433,B,No
C08434,A,Yes
C08435,A,No
C08436,A,No
C08437,B,No
C08438,B,No
C08439,B,No
C08440,A,No
C08441,B,No
C08442,A,Yes
C08443,A,No
C08444,B,No
C08445,B,No
C08446,B,No
C08447,A,No
C08448,B,No
C08449,B,No
C08450,B,No
C08451,B,No
C08452,B,No
C08453,A,No
C08454,B,No
C08455,A,No
C08456,A,No
C08457,B,Yes
C08458,A,No
C08459,B,No
C08460,A,No
C08461,A,No
C08462,B,No
C08463,B,No
C08464,B,No
C08465,B,No
C08466,B,No
C08467,B,No
C08468,B,No
C08469,B,No
C08470,B,No
C08471,A,No
C08472,A,No
C08473,B,No
C08474,B,No
C08475,B,No
C08476,B,No
C08477,B,No
C08478,A,No
C08479,A,Yes
C08480,A,No
C08481,B,No
C08482,B,No
C08483,B,No
C08484,A,No
C08485,A,No
C08486,A,No
C08487,A,No
C08488,B,No
C08489,A,No
C08490,B,No
C08491,B,No
C08492,A,No
C08493,A,No
C08494,B,No
C08495,A,No
C08496,A,No
C08497,A,No
C08498,B,No
C08499,B,No
C08500,A,No
C08501,A,No
C08502,A,No
C08503,B,No
C08504,B,No
C08505,A,No
C08506,B,No
C08507,B,No
C08508,B,No
C08509,B,No
C08510,B,No
C08511,B,No
C08512,B,No
C08513,B,No
C08514,B,No
C08515,A,No
C08516,A,No
C08517,A,No
C08518,B,No
C08519,B,No
C08520,A,No
C08521,A,No
C08522,A,No
C08523,B,No
C08524,B,No
C08525,B,No
C08526,A,No
C08527,A,No
C08528,B,No
C08529,B,No
C08530,B,No
C08531,A,No
C08532,B,No
C08533,A,No
C08534,A,No
C08535,A,No
C08536,A,No
C08537,A,Yes
C08538,A,No
C08539,A,No
C08540,A,No
C08541,B,No
C08542,B,No
C08543,B,No
C08544,B,No
C08545,A,No
C08546,B,No
C08547,B,No
C08548,A,No
C08549,B,No
C08550,A,No
C08551,B,No
C08552,A,No
C08553,A,No
C08554,B,No
C08555,A,No
C08556,B,No
C08557,A,No
C08558,A,No
C08559,B,No
C08560,B,No
C08561,A,No
C08562,B,No
C08563,B,No
C08564,A,No
C08565,B,No
C08566,A,No
C08567,A,No
C08568,B,No
C08569,A,No
C08570,A,No
C08571,B,No
C08572,B,No
C08573,A,No
C08574,B,No
C08575,A,No
C08576,B,No
C08577,B,No
C08578,A,No
C08579,A,No
C08580,A,No
C08581,A,No
C08582,A,No
C08583,B,No
C08584,A,No
C08585,B,No
C08586,A,No
C08587,B,No
C08588,A,No
C08589,A,No
C08590,B,No
C08591,B,No
C08592,B,No
C08593,B,No
C08594,B,No
C08595,B,No
C08596,A,No
C08597,B,No
C08598,A,No
C08599,A,No
C08600,B,No
C08601,A,Yes
C08602,B,No
C08603,A,No
C08604,A,Yes
C08605,B,No
C08606,B,No
C08607,A,No
C08608,B,No
C08609,B,No
C08610,A,No
C08611,B,No
C08612,B,No
C08613,B,No
C08614,A,No
C08615,B,No
C08616,B,No
C08617,A,No
C08618,B,No
C08619,B,No
C08620,A,No
C08621,A,No
C08622,B,No
C08623,A,No
C08624,A,No
C08625,A,No
C08626,A,No
C08627,A,No
C08628,B,No
C08629,B,No
C08630,B,No
C08631,A,No
C08632,B,Yes
C08633,A,No
C08634,B,No
C08635,A,No
C08636,B,No
C08637,B,No
C08638,A,No
C08639,B,No
C08640,A,No
C08641,A,No
C08642,B,Yes
C08643,B,No
C08644,A,No
C08645,A,No
C08646,B,No
C08647,B,No
C08648,A,No
C08649,A,No
C08650,A,No
C08651,A,No
C08652,A,No
C08653,A,No
C08654,A,No
C08655,A,No
C08656,A,No
C08657,B,No
C08658,B,No
C08659,A,No
C08660,B,No
C08661,A,No
C08662,B,No
C08663,A,No
C08664,A,No
C08665,A,No
C08666,A,Yes
C08667,A,No
C08668,B,No
C08669,A,No
C08670,B,No
C08671,B,No
C08672,A,No
C08673,A,No
C08674,A,No
C08675,B,Yes
C08676,A,No
C08677,B,No
C08678,B,No
C08679,B,No
C08680,B,No
C08681,B,No
C08682,B,No
C08683,A,No
C08684,A,No
C08685,A,No
C08686,B,No
C08687,A,No
C08688,B,No
C08689,B,No
C08690,B,No
C08691,A,No
C08692,B,No
C08693,B,No
C08694,A,No
C08695,B,No
C08696,B,No
C08697,B,No
C08698,A,No
C08699,A,No
C08700,A,No
C08701,B,No
C08702,B,No
C08703,B,No
C08704,A,No
C08705,A,No
C08706,B,No
C08707,B,No
C08708,A,No
C08709,A,No
C08710,A,No
C08711,A,No
C08712,B,No
C08713,B,No
C08714,A,No
C08715,B,No
C08716,A,No
C08717,B,No
C08718,A,No
C08719,B,No
C08720,A,No
C08721,A,No
C08722,A,No
C08723,A,No
C08724,B,No
C08725,A,No
C08726,A,No
C08727,A,Yes
C08728,B,No
C08729,B,No
C08730,B,No
C08731,B,No
C08732,A,No
C08733,A,No
C08734,A,No
C08735,B,No
C08736,A,No
C08737,A,No
C08738,A,No
C08739,B,No
C08740,A,No
C08741,B,No
C08742,B,No
C08743,A,No
C08744,A,No
C08745,A,No
C08746,B,No
C08747,B,No
C08748,B,No
C08749,B,No
C08750,A,No
C08751,A,No
C08752,B,No
C08753,A,No
C08754,A,No
C08755,B,No
C08756,A,No
C08757,B,Yes
C08758,B,No
C08759,A,No
C08760,B,No
C08761,A,Yes
C08762,B,No
C08763,A,No
C08764,A,No
C08765,B,No
C08766,B,No
C08767,A,No
C08768,A,No
C08769,A,No
C08770,A,No
C08771,A,No
C08772,B,No
C08773,B,Yes
C08774,B,No
C08775,A,No
C08776,A,No
C08777,B,No
C08778,B,Yes
C08779,A,No
C08780,A,No
C08781,A,No
C08782,A,No
C08783,B,No
C08784,A,No
C08785,A,Yes
C08786,A,No
C08787,B,No
C08788,A,No
C08789,B,No
C08790,B,No
C08791,A,No
C08792,A,No
C08793,A,No
C08794,B,No
C08795,B,No
C08796,A,No
C08797,A,Yes
C08798,B,No
C08799,B,No
C08800,B,No
C08801,A,No
C08802,A,No
C08803,A,No
C08804,B,No
C08805,A,No
C08806,A,No
C08807,B,No
C08808,B,No
C08809,A,No
C08810,B,No
C08811,A,No
C08812,A,No
C08813,A,No
C08814,B,No
C08815,B,No
C08816,B,No
C08817,A,No
C08818,B,Yes
C08819,A,No
C08820,A,No
C08821,A,No
C08822,B,No
C08823,A,No
C08824,A,No
C08825,A,No
C08826,A,No
C08827,A,Yes
C08828,B,No
C08829,B,No
C08830,A,No
C08831,B,No
C08832,B,No
C08833,A,No
C08834,B,No
C08835,B,No
C08836,A,No
C08837,A,Yes
C08838,A,No
C08839,B,No
C08840,A,No
C08841,A,Yes
C08842,B,No
C08843,B,No
C08844,A,No
C08845,A,No
C08846,A,No
C08847,B,No
C08848,A,No
C08849,B,No
C08850,B,No
C08851,B,No
C08852,A,Yes
C08853,A,No
C08854,A,No
C08855,B,No
C08856,B,No
C08857,A,Yes
C08858,A,No
C08859,B,No
C08860,A,No
C08861,A,No
C08862,B,No
C08863,B,No
C08864,B,No
C08865,B,No
C08866,A,No
C08867,B,No
C08868,A,No
C08869,A,Yes
C08870,A,No
C08871,A,No
C08872,B,No
C08873,A,No
C08874,A,No
C08875,B,No
C08876,B,No
C08877,B,No
C08878,B,No
C08879,A,No
C08880,B,No
C08881,A,No
C08882,A,No
C08883,B,No
C08884,A,No
C08885,A,No
C08886,A,No
C08887,B,No
C08888,A,No
C08889,B,No
C08890,B,No
C08891,A,No
C08892,A,No
C08893,B,No
C08894,A,No
C08895,B,No
C08896,B,No
C08897,B,No
C08898,B,No
C08899,B,No
C08900,A,No
C08901,A,No
C08902,A,No
C08903,B,No
C08904,B,No
C08905,B,No
C08906,A,No
C08907,A,No
C08908,B,No
C08909,A,No
C08910,B,No
C08911,B,No
C08912,A,No
C08913,A,No
C08914,B,No
C08915,A,No
C08916,B,Yes
C08917,B,No
C08918,A,No
C08919,A,No
C08920,A,No
C08921,A,No
C08922,A,No
C08923,B,No
C08924,A,No
C08925,B,No
C08926,A,No
C08927,B,No
C08928,A,No
C08929,A,No
C08930,A,No
C08931,B,No
C08932,A,No
C08933,B,No
C08934,B,No
C08935,B,No
C08936,B,No
C08937,B,No
C08938,A,No
C08939,B,No
C08940,A,No
C08941,B,No
C08942,A,No
C08943,B,No
C08944,B,No
C08945,A,No
C08946,A,No
C08947,A,No
C08948,B,No
C08949,B,No
C08950,A,No
C08951,B,Yes
C08952,B,No
C08953,B,No
C08954,B,No
C08955,A,No
C08956,B,No
C08957,A,No
C08958,B,No
C08959,A,No
C08960,B,Yes
C08961,A,No
C08962,A,No
C08963,B,No
C08964,B,No
C08965,A,No
C08966,A,No
C08967,A,Yes
C08968,B,No
C08969,B,No
C08970,B,No
C08971,A,No
C08972,A,No
C08973,A,No
C08974,B,No
C08975,A,No
C08976,A,No
C08977,A,No
C08978,A,No
C08979,A,No
C08980,B,No
C08981,B,No
C08982,B,No
C08983,B,No
C08984,B,No
C08985,B,No
C08986,B,No
C08987,A,No
C08988,B,No
C08989,B,No
C08990,A,Yes
C08991,B,No
C08992,B,No
C08993,A,No
C08994,A,No
C08995,A,No
C08996,B,No
C08997,B,No
C08998,B,Yes
C08999,B,No
C09000,A,No
C09001,B,No
C09002,A,No
C09003,B,No
C09004,B,No
C09005,B,Yes
C09006,A,No
C09007,B,No
C09008,B,No
C09009,B,No
C09010,B,No
C09011,A,No
C09012,A,No
C09013,B,No
C09014,B,No
C09015,A,No
C09016,A,No
C09017,A,No
C09018,B,No
C09019,A,No
C09020,A,No
C09021,B,No
C09022,A,No
C09023,B,No
C09024,B,No
C09025,A,No
C09026,A,No
C09027,A,No
C09028,B,No
C09029,B,No
C09030,B,No
C09031,B,Yes
C09032,A,No
C09033,A,No
C09034,B,No
C09035,B,Yes
C09036,A,No
C09037,B,No
C09038,A,No
C09039,B,Yes
C09040,B,No
C09041,A,No
C09042,B,No
C09043,B,No
C09044,B,No
C09045,B,Yes
C09046,A,No
C09047,B,No
C09048,A,No
C09049,A,No
C09050,B,No
C09051,A,No
C09052,A,No
C09053,B,No
C09054,B,No
C09055,B,No
C09056,A,No
C09057,A,No
C09058,A,No
C09059,A,No
C09060,A,No
C09061,A,No
C09062,A,No
C09063,A,No
C09064,B,No
C09065,A,No
C09066,B,No
C09067,B,No
C09068,A,No
C09069,B,No
C09070,A,Yes
C09071,B,No
C09072,A,No
C09073,A,No
C09074,B,No
C09075,A,No
C09076,B,No
C09077,B,No
C09078,A,No
C09079,B,No
C09080,B,No
C09081,A,No
C09082,B,No
C09083,A,No
C09084,A,Yes
C09085,A,No
C09086,B,No
C09087,B,No
C09088,A,No
C09089,A,No
C09090,A,No
C09091,A,No
C09092,B,No
C09093,A,No
C09094,B,No
C09095,B,No
C09096,B,No
C09097,B,No
C09098,A,No
C09099,A,No
C09100,A,No
C09101,B,No
C09102,A,No
C09103,A,No
C09104,B,No
C09105,A,No
C09106,B,No
C09107,A,No
C09108,B,No
C09109,A,No
C09110,B,No
C09111,A,No
C09112,B,No
C09113,B,No
C09114,B,No
C09115,B,No
C09116,B,No
C09117,B,No
C09118,B,No
C09119,B,No
C09120,B,No
C09121,B,No
C09122,A,No
C09123,A,No
C09124,A,No
C09125,A,No
C09126,A,No
C09127,A,No
C09128,A,No
C09129,A,No
C09130,B,No
C09131,B,Yes
C09132,A,No
C09133,A,No
C09134,A,No
C09135,B,No
C09136,A,No
C09137,A,No
C09138,B,No
C09139,A,No
C09140,A,No
C09141,A,No
C09142,B,No
C09143,A,No
C09144,A,No
C09145,B,No
C09146,A,No
C09147,B,No
C09148,A,No
C09149,B,No
C09150,A,No
C09151,B,No
C09152,B,No
C09153,B,No
C09154,B,No
C09155,B,Yes
C09156,B,No
C09157,A,No
C09158,A,Yes
C09159,A,Yes
C09160,B,No
C09161,A,No
C09162,B,No
C09163,A,No
C09164,B,No
C09165,B,No
C09166,A,No
C09167,A,No
C09168,B,No
C09169,A,No
C09170,B,No
C09171,A,No
C09172,B,No
C09173,B,No
C09174,A,No
C09175,A,No
C09176,A,No
C09177,B,No
C09178,B,No
C09179,A,No
C09180,A,No
C09181,B,No
C09182,B,No
C09183,A,No
C09184,B,No
C09185,A,No
C09186,A,No
C09187,B,No
C09188,B,No
C09189,B,No
C09190,A,No
C09191,A,No
C09192,A,No
C09193,B,No
C09194,B,No
C09195,B,No
C09196,A,Yes
C09197,B,No
C09198,A,No
C09199,B,No
C09200,B,No
C09201,A,No
C09202,B,No
C09203,B,No
C09204,A,No
C09205,B,No
C09206,A,No
C09207,A,No
C09208,A,No
C09209,B,No
C09210,A,No
C09211,B,No
C09212,A,No
C09213,B,No
C09214,A,No
C09215,A,No
C09216,B,No
C09217,B,No
C09218,A,No
C09219,B,No
C09220,A,No
C09221,B,No
C09222,B,No
C09223,B,No
C09224,A,No
C09225,B,No
C09226,A,No
C09227,A,No
C09228,A,No
C09229,A,Yes
C09230,B,No
C09231,A,No
C09232,A,No
C09233,B,No
C09234,A,No
C09235,A,No
C09236,B,No
C09237,A,No
C09238,B,No
C09239,A,No
C09240,A,No
C09241,A,No
C09242,A,No
C09243,B,No
C09244,A,No
C09245,B,No
C09246,A,Yes
C09247,A,No
C09248,B,No
C09249,A,No
C09250,B,No
C09251,B,Yes
C09252,B,No
C09253,A,No
C09254,B,No
C09255,B,No
C09256,A,No
C09257,A,No
C09258,B,No
C09259,A,No
C09260,A,No
C09261,B,No
C09262,B,No
C09263,A,No
C09264,A,No
C09265,A,No
C09266,B,No
C09267,B,No
C09268,B,No
C09269,A,No
C09270,A,No
C09271,A,No
C09272,B,No
C09273,B,No
C09274,A,No
C09275,B,No
C09276,B,No
C09277,A,No
C09278,B,No
C09279,A,Yes
C09280,A,No
C09281,A,No
C09282,A,No
C09283,B,No
C09284,B,No
C09285,B,No
C09286,B,No
C09287,A,No
C09288,A,No
C09289,A,Yes
C09290,B,No
C09291,B,No
C09292,A,No
C09293,A,No
C09294,B,No
C09295,A,No
C09296,A,No
C09297,B,No
C09298,B,No
C09299,B,No
C09300,B,No
C09301,B,No
C09302,B,No
C09303,B,No
C09304,A,No
C09305,A,No
C09306,B,No
C09307,B,No
C09308,A,No
C09309,A,No
C09310,B,No
C09311,B,No
C09312,A,No
C09313,A,No
C09314,B,No
C09315,B,No
C09316,A,No
C09317,B,No
C09318,A,No
C09319,B,No
C09320,A,Yes
C09321,A,No
C09322,B,No
C09323,B,No
C09324,A,No
C09325,A,No
C09326,B,No
C09327,A,No
C09328,A,No
C09329,B,No
C09330,B,No
C09331,A,No
C09332,B,No
C09333,B,No
C09334,B,No
C09335,B,No
C09336,B,No
C09337,B,No
C09338,A,No
C09339,B,No
C09340,B,No
C09341,A,No
C09342,B,No
C09343,A,No
C09344,A,No
C09345,A,No
C09346,A,No
C09347,B,No
C09348,B,No
C09349,B,No
C09350,B,Yes
C09351,B,No
C09352,B,No
C09353,A,No
C09354,B,No
C09355,B,Yes
C09356,B,No
C09357,B,No
C09358,B,No
C09359,B,No
C09360,A,No
C09361,B,No
C09362,B,No
C09363,B,No
C09364,A,No
C09365,A,No
C09366,B,No
C09367,A,No
C09368,B,No
C09369,A,Yes
C09370,A,No
C09371,B,No
C09372,B,No
C09373,B,No
C09374,B,No
C09375,A,No
C09376,A,No
C09377,A,No
C09378,B,No
C09379,A,No
C09380,A,No
C09381,A,No
C09382,B,No
C09383,B,No
C09384,B,No
C09385,B,No
C09386,A,Yes
C09387,A,No
C09388,A,No
C09389,A,No
C09390,B,No
C09391,B,No
C09392,A,No
C09393,B,No
C09394,A,No
C09395,A,No
C09396,B,No
C09397,A,No
C09398,A,No
C09399,A,No
C09400,B,No
C09401,A,No
C09402,B,No
C09403,A,No
C09404,B,No
C09405,A,No
C09406,A,No
C09407,B,No
C09408,A,No
C09409,B,No
C09410,B,No
C09411,A,No
C09412,B,No
C09413,A,No
C09414,A,No
C09415,A,No
C09416,A,No
C09417,A,No
C09418,A,No
C09419,B,Yes
C09420,B,No
C09421,A,No
C09422,B,No
C09423,B,No
C09424,A,No
C09425,B,No
C09426,B,No
C09427,A,No
C09428,A,No
C09429,A,No
C09430,A,No
C09431,A,No
C09432,A,No
C09433,B,No
C09434,B,No
C09435,B,No
C09436,B,Yes
C09437,A,No
C09438,A,No
C09439,A,No
C09440,B,No
C09441,A,No
C09442,A,No
C09443,A,No
C09444,B,No
C09445,A,No
C09446,A,No
C09447,B,No
C09448,A,No
C09449,B,No
C09450,B,No
C09451,A,No
C09452,A,No
C09453,B,No
C09454,B,No
C09455,B,No
C09456,B,No
C09457,B,No
C09458,A,No
C09459,B,No
C09460,B,No
C09461,A,No
C09462,A,No
C09463,A,No
C09464,A,No
C09465,A,No
C09466,A,No
C09467,B,No
C09468,A,No
C09469,B,No
C09470,A,No
C09471,A,No
C09472,B,No
C09473,B,No
C09474,A,No
C09475,B,No
C09476,A,No
C09477,A,No
C09478,B,No
C09479,B,No
C09480,B,No
C09481,A,No
C09482,B,No
C09483,B,No
C09484,B,No
C09485,B,No
C09486,B,No
C09487,B,No
C09488,B,No
C09489,A,Yes
C09490,A,Yes
C09491,B,No
C09492,B,No
C09493,B,Yes
C09494,B,No
C09495,A,No
C09496,B,No
C09497,A,No
C09498,B,No
C09499,B,No
C09500,B,Yes
C09501,A,No
C09502,B,No
C09503,B,No
C09504,B,No
C09505,B,No
C09506,A,Yes
C09507,A,No
C09508,A,No
C09509,A,No
C09510,A,No
C09511,B,No
C09512,B,Yes
C09513,B,No
C09514,A,No
C09515,A,Yes
C09516,A,No
C09517,B,No
C09518,B,No
C09519,B,No
C09520,A,No
C09521,A,No
C09522,A,No
C09523,B,No
C09524,B,No
C09525,A,No
C09526,A,No
C09527,B,No
C09528,B,No
C09529,A,No
C09530,A,No
C09531,A,No
C09532,A,No
C09533,B,No
C09534,B,No
C09535,B,No
C09536,A,No
C09537,A,No
C09538,B,No
C09539,B,Yes
C09540,A,Yes
C09541,A,No
C09542,B,No
C09543,A,No
C09544,A,No
C09545,A,No
C09546,A,No
C09547,A,No
C09548,A,No
C09549,A,Yes
C09550,B,No
C09551,A,No
C09552,B,No
C09553,A,No
C09554,B,No
C09555,A,No
C09556,A,No
C09557,A,No
C09558,A,No
C09559,B,No
C09560,A,No
C09561,A,No
C09562,A,No
C09563,A,No
C09564,A,No
C09565,B,No
C09566,B,No
C09567,B,No
C09568,B,No
C09569,B,No
C09570,A,No
C09571,A,No
C09572,A,No
C09573,A,Yes
C09574,B,No
C09575,A,No
C09576,A,No
C09577,A,No
C09578,A,No
C09579,B,No
C09580,A,No
C09581,B,No
C09582,A,No
C09583,A,No
C09584,A,No
C09585,A,No
C09586,A,No
C09587,B,No
C09588,B,No
C09589,A,Yes
C09590,B,No
C09591,B,No
C09592,A,No
C09593,B,No
C09594,A,No
C09595,A,No
C09596,B,No
C09597,A,No
C09598,A,No
C09599,B,No
C09600,B,No
C09601,A,No
C09602,A,No
C09603,B,No
C09604,B,No
C09605,B,No
C09606,B,No
C09607,B,No
C09608,A,No
C09609,B,No
C09610,B,No
C09611,B,No
C09612,A,No
C09613,A,No
C09614,B,No
C09615,A,No
C09616,B,No
C09617,B,No
C09618,B,No
C09619,B,No
C09620,A,No
C09621,B,No
C09622,A,No
C09623,B,No
C09624,A,No
C09625,A,No
C09626,A,No
C09627,B,No
C09628,A,No
C09629,B,No
C09630,A,No
C09631,A,No
C09632,B,No
C09633,B,No
C09634,B,No
C09635,A,No
C09636,A,No
C09637,A,No
C09638,B,No
C09639,B,No
C09640,B,No
C09641,B,No
C09642,B,No
C09643,B,No
C09644,B,No
C09645,A,No
C09646,B,No
C09647,A,No
C09648,B,No
C09649,B,No
C09650,A,No
C09651,A,No
C09652,A,No
C09653,A,No
C09654,B,No
C09655,B,No
C09656,B,No
C09657,A,No
C09658,A,No
C09659,A,No
C09660,A,No
C09661,A,No
C09662,A,No
C09663,A,No
C09664,A,No
C09665,B,No
C09666,B,No
C09667,A,No
C09668,A,No
C09669,B,No
C09670,A,No
C09671,A,No
C09672,B,No
C09673,A,No
C09674,A,No
C09675,A,No
C09676,A,No
C09677,A,Yes
C09678,B,Yes
C09679,A,No
C09680,A,Yes
C09681,A,No
C09682,A,No
C09683,A,No
C09684,B,No
C09685,B,No
C09686,A,No
C09687,A,No
C09688,A,No
C09689,B,No
C09690,B,No
C09691,A,No
C09692,B,No
C09693,B,No
C09694,B,No
C09695,A,Yes
C09696,A,No
C09697,B,Yes
C09698,B,No
C09699,A,No
C09700,A,No
C09701,A,No
C09702,B,No
C09703,B,No
C09704,B,No
C09705,A,No
C09706,A,No
C09707,A,No
C09708,A,Yes
C09709,B,No
C09710,A,No
C09711,A,No
C09712,B,No
C09713,A,No
C09714,B,No
C09715,A,No
C09716,A,No
C09717,A,No
C09718,B,No
C09719,B,No
C09720,A,No
C09721,B,No
C09722,B,No
C09723,B,No
C09724,A,Yes
C09725,A,No
C09726,A,No
C09727,B,No
C09728,B,No
C09729,A,No
C09730,B,No
C09731,A,Yes
C09732,B,No
C09733,B,No
C09734,A,No
C09735,A,No
C09736,A,No
C09737,A,No
C09738,A,No
C09739,B,No
C09740,A,No
C09741,A,No
C09742,B,No
C09743,A,No
C09744,B,No
C09745,B,No
C09746,B,No
C09747,A,No
C09748,A,No
C09749,A,No
C09750,B,No
C09751,B,No
C09752,A,No
C09753,A,No
C09754,A,No
C09755,B,No
C09756,B,No
C09757,B,No
C09758,A,No
C09759,A,No
C09760,B,No
C09761,A,No
C09762,B,No
C09763,B,No
C09764,A,No
C09765,A,No
C09766,B,Yes
C09767,B,No
C09768,B,No
C09769,B,No
C09770,B,No
C09771,A,No
C09772,B,No
C09773,B,No
C09774,B,No
C09775,B,No
C09776,B,No
C09777,B,No
C09778,B,No
C09779,B,No
C09780,B,No
C09781,B,No
C09782,B,No
C09783,A,No
C09784,A,No
C09785,B,No
C09786,A,No
C09787,B,No
C09788,A,Yes
C09789,A,No
C09790,A,No
C09791,A,No
C09792,A,No
C09793,A,No
C09794,B,No
C09795,B,No
C09796,A,Yes
C09797,A,No
C09798,A,Yes
C09799,A,No
C09800,B,No
C09801,B,No
C09802,A,No
C09803,A,No
C09804,B,No
C09805,B,No
C09806,A,No
C09807,B,No
C09808,B,No
C09809,B,No
C09810,B,No
C09811,B,No
C09812,A,No
C09813,B,No
C09814,A,No
C09815,A,No
C09816,B,No
C09817,B,No
C09818,A,No
C09819,A,No
C09820,B,No
C09821,A,No
C09822,B,No
C09823,A,No
C09824,B,No
C09825,A,No
C09826,A,Yes
C09827,B,No
C09828,B,No
C09829,A,No
C09830,A,No
C09831,A,No
C09832,B,No
C09833,B,No
C09834,A,No
C09835,B,No
C09836,B,Yes
C09837,A,No
C09838,B,No
C09839,A,No
C09840,A,No
C09841,B,No
C09842,A,No
C09843,A,No
C09844,A,No
C09845,B,No
C09846,A,No
C09847,A,No
C09848,A,No
C09849,B,No
C09850,A,No
C09851,A,Yes
C09852,A,No
C09853,A,No
C09854,A,No
C09855,B,No
C09856,B,No
C09857,B,No
C09858,B,No
C09859,A,No
C09860,B,No
C09861,B,No
C09862,B,No
C09863,B,No
C09864,B,No
C09865,A,No
C09866,B,No
C09867,A,No
C09868,A,No
C09869,B,No
C09870,A,No
C09871,B,No
C09872,A,No
C09873,B,No
C09874,B,No
C09875,A,No
C09876,A,No
C09877,A,No
C09878,B,No
C09879,A,No
C09880,B,No
C09881,B,No
C09882,A,No
C09883,B,No
C09884,A,No
C09885,B,No
C09886,B,No
C09887,A,No
C09888,B,No
C09889,B,No
C09890,B,No
C09891,B,No
C09892,B,No
C09893,B,No
C09894,B,No
C09895,B,No
C09896,B,No
C09897,B,No
C09898,B,No
C09899,B,No
C09900,B,No
C09901,A,No
C09902,A,No
C09903,B,No
C09904,B,No
C09905,B,No
C09906,A,No
C09907,B,No
C09908,A,No
C09909,A,No
C09910,B,No
C09911,B,No
C09912,A,No
C09913,A,No
C09914,B,No
C09915,A,No
C09916,B,No
C09917,A,Yes
C09918,A,No
C09919,A,No
C09920,B,No
C09921,B,No
C09922,A,No
C09923,B,Yes
C09924,A,No
C09925,B,No
C09926,A,No
C09927,A,No
C09928,B,No
C09929,A,No
C09930,B,No
C09931,A,No
C09932,A,No
C09933,B,No
C09934,B,No
C09935,A,No
C09936,B,No
C09937,B,No
C09938,B,No
C09939,A,No
C09940,B,No
C09941,B,No
C09942,B,No
C09943,A,No
C09944,B,No
C09945,A,No
C09946,B,No
C09947,B,No
C09948,B,Yes
C09949,A,No
C09950,A,No
C09951,B,No
C09952,A,No
C09953,A,No
C09954,B,No
C09955,B,No
C09956,B,No
C09957,B,No
C09958,B,No
C09959,A,No
C09960,B,No
C09961,A,No
C09962,B,No
C09963,A,No
C09964,B,No
C09965,B,No
C09966,B,No
C09967,A,No
C09968,B,No
C09969,A,No
C09970,A,No
C09971,A,No
C09972,B,No
C09973,B,No
C09974,B,No
C09975,B,No
C09976,B,No
C09977,A,No
C09978,A,No
C09979,B,No
C09980,A,Yes
C09981,B,No
C09982,A,No
C09983,B,No
C09984,A,No
C09985,A,No
C09986,B,No
C09987,A,No
C09988,B,No
C09989,A,No
C09990,A,No
C09991,A,No
C09992,A,No
C09993,A,Yes
C09994,B,No
C09995,A,No
C09996,A,No
C09997,A,No
C09998,A,Yes
C09999,A,No
C10000,A,No
C10001,B,No
C10002,A,No
C10003,A,No
C10004,A,No
C10005,B,No
C10006,B,No
C10007,A,No
C10008,B,No
C10009,B,No
C10010,A,No
C10011,B,No
C10012,A,No
C10013,A,No
C10014,B,No
C10015,B,No
C10016,B,No
C10017,B,No
C10018,B,No
C10019,B,No
C10020,B,No
C10021,A,No
C10022,A,No
C10023,A,No
C10024,A,No
C10025,A,Yes
C10026,B,No
C10027,B,No
C10028,B,No
C10029,B,No
C10030,A,No
C10031,A,No
C10032,B,No
C10033,B,No
C10034,B,No
C10035,B,No
C10036,B,No
C10037,B,No
C10038,B,Yes
C10039,A,No
C10040,B,No
C10041,A,No
C10042,A,No
C10043,B,No
C10044,A,No
C10045,A,No
C10046,A,No
C10047,A,No
C10048,B,No
C10049,A,No
C10050,B,No
C10051,B,No
C10052,A,No
C10053,B,No
C10054,A,No
C10055,B,No
C10056,A,No
C10057,B,No
C10058,B,No
C10059,A,No
C10060,A,No
C10061,B,No
C10062,A,No
C10063,A,No
C10064,A,No
C10065,B,No
C10066,B,No
C10067,A,No
C10068,B,Yes
C10069,A,No
C10070,B,No
C10071,B,No
C10072,B,No
C10073,B,No
C10074,B,No
C10075,A,No
C10076,B,No
C10077,A,No
C10078,A,No
C10079,B,Yes
C10080,B,No
C10081,B,No
C10082,B,No
C10083,B,No
C10084,A,No
C10085,A,No
C10086,B,No
C10087,A,No
C10088,B,No
C10089,B,No
C10090,B,No
C10091,B,No
C10092,A,No
C10093,A,No
C10094,B,Yes
C10095,B,No
C10096,B,No
C10097,B,No
C10098,B,No
C10099,A,No
C10100,B,No
C10101,A,No
C10102,A,No
C10103,B,No
C10104,A,No
C10105,B,No
C10106,A,Yes
C10107,B,No
C10108,A,No
C10109,A,No
C10110,B,No
C10111,B,No
C10112,B,No
C10113,B,Yes
C10114,A,No
C10115,A,No
C10116,B,No
C10117,B,No
C10118,B,No
C10119,B,No
C10120,B,No
C10121,B,No
C10122,B,No
C10123,B,No
C10124,A,Yes
C10125,B,No
C10126,B,Yes
C10127,B,No
C10128,B,No
C10129,A,No
C10130,B,No
C10131,B,No
C10132,A,No
C10133,A,No
C10134,B,Yes
C10135,A,No
C10136,A,No
C10137,B,No
C10138,A,No
C10139,B,No
C10140,A,No
C10141,A,No
C10142,A,No
C10143,B,No
C10144,B,Yes
C10145,B,No
C10146,B,No
C10147,A,No
C10148,B,No
C10149,B,No
C10150,B,No
C10151,B,No
C10152,A,No
C10153,A,No
C10154,B,No
C10155,B,No
C10156,B,Yes
C10157,B,No
C10158,A,Yes
C10159,A,No
C10160,B,No
C10161,A,No
C10162,A,No
C10163,B,No
C10164,A,No
C10165,A,No
C10166,A,No
C10167,A,No
C10168,B,No
C10169,A,No
C10170,A,No
C10171,A,No
C10172,B,No
C10173,B,No
C10174,A,No
C10175,A,No
C10176,B,No
C10177,A,No
C10178,A,No
C10179,A,No
C10180,B,No
C10181,B,No
C10182,A,No
C10183,B,No
C10184,A,No
C10185,B,No
C10186,B,No
C10187,A,No
C10188,A,No
C10189,B,No
C10190,A,No
C10191,A,No
C10192,B,No
C10193,B,No
C10194,A,No
C10195,A,No
C10196,A,No
C10197,A,No
C10198,B,No
C10199,A,No
C10200,B,No
C10201,B,No
C10202,A,No
C10203,B,No
C10204,B,No
C10205,A,No
C10206,B,No
C10207,A,No
C10208,A,No
C10209,B,No
C10210,A,No
C10211,B,No
C10212,B,No
C10213,A,No
C10214,A,No
C10215,B,No
C10216,A,No
C10217,B,No
C10218,A,No
C10219,B,No
C10220,A,No
C10221,A,No
C10222,B,No
C10223,A,No
C10224,B,No
C10225,A,No
C10226,B,No
C10227,B,No
C10228,A,No
C10229,B,No
C10230,A,No
C10231,B,No
C10232,A,No
C10233,A,No
C10234,B,No
C10235,B,No
C10236,A,No
C10237,A,No
C10238,A,No
C10239,A,No
C10240,A,No
C10241,B,No
C10242,B,No
C10243,A,No
C10244,A,No
C10245,A,No
C10246,B,No
C10247,B,No
C10248,B,No
C10249,B,Yes
C10250,A,No
C10251,B,No
C10252,A,No
C10253,B,No
C10254,A,No
C10255,B,No
C10256,A,No
C10257,B,No
C10258,B,No
C10259,A,No
C10260,B,Yes
C10261,A,No
C10262,B,No
C10263,B,No
C10264,A,No
C10265,B,No
C10266,A,No
C10267,A,No
C10268,B,No
C10269,B,No
C10270,B,No
C10271,A,No
C10272,A,No
C10273,B,No
C10274,A,No
C10275,A,No
C10276,A,No
C10277,B,No
C10278,A,No
C10279,A,No
C10280,A,No
C10281,B,No
C10282,B,No
C10283,B,No
C10284,A,No
C10285,A,No
C10286,B,No
C10287,A,No
C10288,B,No
C10289,A,No
C10290,B,No
C10291,A,No
C10292,A,No
C10293,B,No
C10294,B,No
C10295,A,No
C10296,B,No
C10297,A,No
C10298,B,Yes
C10299,A,No
C10300,B,No
C10301,A,No
C10302,A,No
C10303,A,No
C10304,A,No
C10305,B,No
C10306,A,No
C10307,B,No
C10308,A,Yes
C10309,B,No
C10310,A,No
C10311,A,No
C10312,A,No
C10313,A,Yes
C10314,A,Yes
C10315,A,No
C10316,B,No
C10317,B,No
C10318,A,No
C10319,B,No
C10320,A,No
C10321,A,No
C10322,B,Yes
C10323,B,No
C10324,B,No
C10325,B,No
C10326,B,No
C10327,A,No
C10328,B,No
C10329,A,Yes
C10330,B,No
C10331,A,No
C10332,B,No
C10333,A,No
C10334,A,No
C10335,A,No
C10336,B,No
C10337,A,No
C10338,A,No
C10339,B,No
C10340,A,No
C10341,A,No
C10342,A,No
C10343,A,No
C10344,B,No
C10345,B,No
C10346,A,No
C10347,A,No
C10348,B,No
C10349,B,No
C10350,B,Yes
C10351,B,No
C10352,A,No
C10353,A,No
C10354,A,No
C10355,B,No
C10356,A,No
C10357,A,No
C10358,B,No
C10359,A,No
C10360,A,No
C10361,B,No
C10362,A,No
C10363,B,No
C10364,B,No
C10365,B,No
C10366,A,No
C10367,B,No
C10368,B,No
C10369,A,No
C10370,B,No
C10371,B,No
C10372,B,No
C10373,A,No
C10374,B,No
C10375,A,No
C10376,B,No
C10377,B,No
C10378,B,No
C10379,A,No
C10380,A,Yes
C10381,B,No
C10382,A,No
C10383,B,No
C10384,B,No
C10385,B,No
C10386,B,No
C10387,B,No
C10388,B,No
C10389,A,No
C10390,B,No
C10391,A,No
C10392,B,No
C10393,A,No
C10394,B,No
C10395,B,No
C10396,B,No
C10397,A,No
C10398,B,Yes
C10399,B,No
C10400,B,No
C10401,A,Yes
C10402,B,No
C10403,B,No
C10404,A,No
C10405,B,No
C10406,B,No
C10407,A,No
C10408,A,No
C10409,B,No
C10410,A,No
C10411,B,No
C10412,B,No
C10413,A,No
C10414,B,No
C10415,A,No
C10416,A,No
C10417,B,No
C10418,A,No
C10419,B,No
C10420,A,No
C10421,A,No
C10422,A,No
C10423,B,No
C10424,A,No
C10425,B,No
C10426,B,No
C10427,A,No
C10428,A,No
C10429,B,No
C10430,A,No
C10431,B,No
C10432,A,No
C10433,A,No
C10434,B,No
C10435,A,No
C10436,B,No
C10437,A,No
C10438,A,No
C10439,A,No
C10440,B,No
C10441,B,No
C10442,A,No
C10443,B,No
C10444,A,No
C10445,B,No
C10446,B,No
C10447,A,Yes
C10448,A,No
C10449,B,No
C10450,A,No
C10451,A,No
C10452,B,No
C10453,B,No
C10454,A,No
C10455,A,No
C10456,A,No
C10457,A,No
C10458,A,No
C10459,B,No
C10460,A,No
C10461,A,No
C10462,B,Yes
C10463,B,No
C10464,B,No
C10465,B,No
C10466,A,Yes
C10467,A,No
C10468,A,No
C10469,A,No
C10470,A,No
C10471,A,No
C10472,A,No
C10473,B,No
C10474,A,No
C10475,B,No
C10476,B,No
C10477,A,No
C10478,A,No
C10479,A,No
C10480,B,No
C10481,B,No
C10482,A,No
C10483,A,No
C10484,A,No
C10485,B,No
C10486,A,No
C10487,A,No
C10488,A,No
C10489,B,No
C10490,A,No
C10491,B,No
C10492,A,No
C10493,B,No
C10494,B,No
C10495,A,No
C10496,A,No
C10497,B,No
C10498,A,No
C10499,B,No
C10500,A,Yes
C10501,B,No
C10502,A,No
C10503,B,No
C10504,A,No
C10505,B,No
C10506,A,No
C10507,A,No
C10508,A,No
C10509,A,No
C10510,B,No
C10511,A,No
C10512,A,No
C10513,A,No
C10514,B,No
C10515,B,No
C10516,A,No
C10517,A,No
C10518,B,No
C10519,B,No
C10520,A,No
C10521,B,No
C10522,A,No
C10523,A,No
C10524,A,No
C10525,B,No
C10526,A,No
C10527,A,No
C10528,B,No
C10529,B,No
C10530,B,No
C10531,A,No
C10532,A,No
C10533,A,No
C10534,B,No
C10535,A,No
C10536,B,No
C10537,B,No
C10538,B,No
C10539,A,No
C10540,A,No
C10541,B,No
C10542,B,No
C10543,A,No
C10544,A,No
C10545,B,No
C10546,A,No
C10547,B,No
C10548,B,No
C10549,B,No
C10550,A,No
C10551,A,No
C10552,B,No
C10553,A,No
C10554,A,No
C10555,A,No
C10556,A,No
C10557,B,No
C10558,B,No
C10559,B,No
C10560,A,No
C10561,A,No
C10562,B,No
C10563,B,No
C10564,B,No
C10565,A,No
C10566,B,No
C10567,B,No
C10568,B,No
C10569,A,No
C10570,A,No
C10571,B,No
C10572,A,No
C10573,A,No
C10574,B,No
C10575,B,No
C10576,A,No
C10577,A,No
C10578,A,No
C10579,A,Yes
C10580,A,No
C10581,A,No
C10582,A,No
C10583,A,No
C10584,A,No
C10585,A,No
C10586,B,No
C10587,B,No
C10588,B,No
C10589,A,No
C10590,B,No
C10591,B,No
C10592,A,No
C10593,A,No
C10594,B,No
C10595,A,No
C10596,A,No
C10597,A,No
C10598,A,No
C10599,A,Yes
C10600,A,No
C10601,A,No
C10602,A,Yes
C10603,B,No
C10604,B,Yes
C10605,A,No
C10606,B,No
C10607,B,No
C10608,B,No
C10609,B,No
C10610,B,No
C10611,B,No
C10612,A,No
C10613,A,No
C10614,A,No
C10615,B,No
C10616,B,No
C10617,B,No
C10618,B,No
C10619,B,No
C10620,B,No
C10621,B,No
C10622,B,No
C10623,A,No
C10624,B,No
C10625,A,No
C10626,B,No
C10627,B,No
C10628,A,No
C10629,A,No
C10630,B,No
C10631,A,No
C10632,B,No
C10633,A,No
C10634,A,No
C10635,B,No
C10636,B,No
C10637,A,No
C10638,A,No
C10639,A,No
C10640,B,No
C10641,A,No
C10642,B,No
C10643,B,No
C10644,B,No
C10645,A,No
C10646,B,No
C10647,B,No
C10648,B,No
C10649,A,Yes
C10650,A,No
C10651,A,No
C10652,B,No
C10653,B,No
C10654,A,No
C10655,B,No
C10656,A,No
C10657,B,No
C10658,B,No
C10659,A,No
C10660,B,No
C10661,A,No
C10662,B,No
C10663,A,No
C10664,B,No
C10665,A,No
C10666,B,No
C10667,B,No
C10668,A,No
C10669,A,No
C10670,A,No
C10671,A,No
C10672,B,No
C10673,B,No
C10674,A,No
C10675,B,No
C10676,A,No
C10677,B,No
C10678,A,No
C10679,B,No
C10680,A,No
C10681,A,No
C10682,B,No
C10683,A,No
C10684,B,No
C10685,A,No
C10686,A,No
C10687,B,No
C10688,A,No
C10689,B,No
C10690,B,No
C10691,B,No
C10692,B,No
C10693,A,No
C10694,A,No
C10695,A,No
C10696,B,No
C10697,B,No
C10698,B,No
C10699,A,No
C10700,A,No
C10701,A,Yes
C10702,A,No
C10703,B,No
C10704,A,Yes
C10705,A,No
C10706,A,No
C10707,A,No
C10708,B,No
C10709,A,No
C10710,A,No
C10711,B,No
C10712,A,No
C10713,B,No
C10714,A,No
C10715,B,No
C10716,A,No
C10717,A,No
C10718,A,No
C10719,B,No
C10720,A,No
C10721,A,No
C10722,A,No
C10723,B,No
C10724,B,No
C10725,B,Yes
C10726,A,No
C10727,B,No
C10728,A,No
C10729,A,No
C10730,B,No
C10731,B,No
C10732,A,No
C10733,B,No
C10734,B,No
C10735,A,No
C10736,A,No
C10737,A,No
C10738,B,No
C10739,B,No
C10740,A,No
C10741,B,No
C10742,A,No
C10743,A,No
C10744,A,No
C10745,A,No
C10746,B,Yes
C10747,B,No
C10748,B,No
C10749,B,No
C10750,A,No
C10751,B,No
C10752,A,No
C10753,B,No
C10754,A,No
C10755,A,No
C10756,A,No
C10757,B,Yes
C10758,A,No
C10759,B,No
C10760,A,No
C10761,B,No
C10762,B,No
C10763,A,No
C10764,B,No
C10765,B,No
C10766,B,No
C10767,B,No
C10768,A,Yes
C10769,A,No
C10770,A,No
C10771,A,No
C10772,B,No
C10773,A,No
C10774,B,No
C10775,B,No
C10776,A,No
C10777,B,No
C10778,A,Yes
C10779,B,No
C10780,A,No
C10781,B,No
C10782,A,No
C10783,B,No
C10784,A,No
C10785,B,No
C10786,A,No
C10787,B,No
C10788,B,No
C10789,B,No
C10790,B,No
C10791,A,No
C10792,B,No
C10793,B,No
C10794,B,No
C10795,B,No
C10796,A,No
C10797,B,No
C10798,A,No
C10799,B,No
C10800,A,No
C10801,B,No
C10802,A,No
C10803,B,No
C10804,B,No
C10805,A,Yes
C10806,A,No
C10807,B,No
C10808,A,No
C10809,A,No
C10810,A,Yes
C10811,B,No
C10812,B,No
C10813,A,No
C10814,A,Yes
C10815,B,No
C10816,A,No
C10817,B,No
C10818,A,No
C10819,B,No
C10820,B,No
C10821,A,No
C10822,A,No
C10823,A,No
C10824,B,No
C10825,A,No
C10826,A,No
C10827,A,No
C10828,B,No
C10829,B,No
C10830,B,No
C10831,B,No
C10832,A,No
C10833,A,No
C10834,B,No
C10835,A,No
C10836,A,Yes
C10837,A,No
C10838,A,No
C10839,B,No
C10840,B,No
C10841,B,No
C10842,B,No
C10843,A,No
C10844,B,No
C10845,A,No
C10846,A,No
C10847,A,No
C10848,A,No
C10849,A,Yes
C10850,B,No
C10851,B,No
C10852,A,No
C10853,A,No
C10854,A,No
C10855,B,No
C10856,A,No
C10857,B,No
C10858,B,No
C10859,A,No
C10860,A,Yes
C10861,A,No
C10862,B,No
C10863,A,No
C10864,B,No
C10865,A,Yes
C10866,A,No
C10867,A,No
C10868,B,Yes
C10869,B,Yes
C10870,A,No
C10871,B,Yes
C10872,B,Yes
C10873,A,No
C10874,A,No
C10875,A,No
C10876,A,No
C10877,A,No
C10878,B,No
C10879,B,No
C10880,B,No
C10881,A,No
C10882,A,No
C10883,B,No
C10884,A,No
C10885,B,No
C10886,A,No
C10887,B,No
C10888,B,No
C10889,A,No
C10890,A,No
C10891,A,No
C10892,A,No
C10893,B,No
C10894,B,No
C10895,A,No
C10896,A,No
C10897,A,No
C10898,B,No
C10899,A,No
C10900,B,No
C10901,A,No
C10902,B,No
C10903,A,No
C10904,A,No
C10905,A,No
C10906,A,No
C10907,B,No
C10908,A,No
C10909,B,Yes
C10910,A,No
C10911,B,No
C10912,B,No
C10913,B,No
C10914,A,No
C10915,B,No
C10916,B,No
C10917,A,No
C10918,A,No
C10919,B,No
C10920,B,No
C10921,B,No
C10922,A,No
C10923,B,No
C10924,A,No
C10925,B,Yes
C10926,B,No
C10927,B,No
C10928,B,No
C10929,B,No
C10930,B,No
C10931,B,No
C10932,B,No
C10933,B,No
C10934,B,No
C10935,A,No
C10936,A,No
C10937,B,No
C10938,B,No
C10939,A,No
C10940,A,No
C10941,A,No
C10942,B,No
C10943,A,Yes
C10944,B,No
C10945,A,No
C10946,B,No
C10947,B,No
C10948,A,No
C10949,A,No
C10950,A,No
C10951,B,Yes
C10952,A,No
C10953,A,No
C10954,B,No
C10955,B,No
C10956,B,No
C10957,B,No
C10958,B,Yes
C10959,B,No
C10960,A,No
C10961,B,No
C10962,B,No
C10963,B,No
C10964,B,No
C10965,B,No
C10966,B,No
C10967,B,No
C10968,B,No
C10969,B,No
C10970,B,No
C10971,A,No
C10972,A,No
C10973,B,No
C10974,B,No
C10975,B,No
C10976,A,No
C10977,B,No
C10978,A,No
C10979,A,No
C10980,B,Yes
C10981,A,No
C10982,A,No
C10983,B,No
C10984,B,No
C10985,A,No
C10986,A,Yes
C10987,B,No
C10988,B,Yes
C10989,A,No
C10990,A,No
C10991,B,Yes
C10992,B,No
C10993,B,No
C10994,A,No
C10995,A,No
C10996,A,No
C10997,B,No
C10998,B,No
C10999,A,No
C11000,A,No
C11001,B,No
C11002,B,No
C11003,A,No
C11004,B,No
C11005,B,No
C11006,A,Yes
C11007,A,Yes
C11008,B,No
C11009,A,No
C11010,B,No
C11011,B,No
C11012,A,No
C11013,A,No
C11014,B,No
C11015,A,No
C11016,B,Yes
C11017,A,No
C11018,B,No
C11019,B,No
C11020,A,No
C11021,B,No
C11022,B,No
C11023,A,No
C11024,A,No
C11025,A,No
C11026,A,No
C11027,B,No
C11028,B,No
C11029,B,No
C11030,B,No
C11031,A,No
C11032,B,Yes
C11033,B,No
C11034,B,No
C11035,A,No
C11036,A,No
C11037,B,No
C11038,A,No
C11039,A,No
C11040,B,No
C11041,B,No
C11042,A,Yes
C11043,A,No
C11044,A,No
C11045,A,No
C11046,B,No
C11047,B,No
C11048,A,No
C11049,B,No
C11050,A,Yes
C11051,A,No
C11052,A,No
C11053,A,No
C11054,A,No
C11055,B,No
C11056,A,No
C11057,A,No
C11058,A,No
C11059,A,No
C11060,A,No
C11061,A,Yes
C11062,A,No
C11063,A,No
C11064,B,No
C11065,A,No
C11066,A,No
C11067,B,No
C11068,B,No
C11069,B,No
C11070,A,No
C11071,B,No
C11072,A,No
C11073,B,No
C11074,A,Yes
C11075,A,No
C11076,B,No
C11077,A,No
C11078,A,No
C11079,B,No
C11080,A,No
C11081,B,No
C11082,B,No
C11083,A,No
C11084,B,No
C11085,B,No
C11086,A,No
C11087,A,No
C11088,A,No
C11089,B,No
C11090,A,No
C11091,A,No
C11092,B,No
C11093,A,Yes
C11094,B,No
C11095,B,No
C11096,B,No
C11097,A,No
C11098,B,No
C11099,A,No
C11100,B,No
C11101,B,No
C11102,B,No
C11103,A,No
C11104,A,No
C11105,A,No
C11106,B,No
C11107,B,No
C11108,B,No
C11109,A,No
C11110,B,No
C11111,B,No
C11112,B,No
C11113,B,No
C11114,A,No
C11115,B,Yes
C11116,A,No
C11117,A,No
C11118,A,No
C11119,A,No
C11120,A,No
C11121,B,No
C11122,A,No
C11123,A,No
C11124,B,Yes
C11125,B,No
C11126,B,No
C11127,B,No
C11128,A,No
C11129,B,No
C11130,B,No
C11131,B,No
C11132,A,No
C11133,B,No
C11134,A,No
C11135,B,No
C11136,A,No
C11137,B,No
C11138,B,No
C11139,B,No
C11140,A,Yes
C11141,B,No
C11142,A,No
C11143,B,No
C11144,B,No
C11145,A,No
C11146,B,No
C11147,B,No
C11148,A,No
C11149,B,No
C11150,B,No
C11151,A,No
C11152,A,No
C11153,B,No
C11154,A,No
C11155,A,No
C11156,A,Yes
C11157,A,No
C11158,B,No
C11159,A,Yes
C11160,B,No
C11161,A,No
C11162,A,No
C11163,B,No
C11164,B,No
C11165,B,No
C11166,A,No
C11167,A,No
C11168,B,No
C11169,B,No
C11170,A,No
C11171,B,No
C11172,B,No
C11173,A,No
C11174,B,No
C11175,B,No
C11176,B,No
C11177,A,No
C11178,A,No
C11179,A,No
C11180,A,No
C11181,A,No
C11182,B,No
C11183,B,No
C11184,B,No
C11185,B,No
C11186,A,No
C11187,B,No
C11188,B,No
C11189,B,No
C11190,B,No
C11191,A,No
C11192,A,No
C11193,B,No
C11194,A,No
C11195,A,No
C11196,B,No
C11197,B,No
C11198,A,No
C11199,A,No
C11200,A,No
C11201,B,No
C11202,B,No
C11203,A,No
C11204,A,No
C11205,B,No
C11206,B,No
C11207,A,No
C11208,B,No
C11209,A,No
C11210,B,No
C11211,A,No
C11212,A,No
C11213,B,No
C11214,B,No
C11215,A,No
C11216,B,No
C11217,B,No
C11218,A,No
C11219,A,No
C11220,A,No
C11221,A,No
C11222,A,No
C11223,B,No
C11224,A,No
C11225,B,No
C11226,B,Yes
C11227,B,No
C11228,A,No
C11229,A,No
C11230,B,No
C11231,B,No
C11232,B,No
C11233,B,No
C11234,A,No
C11235,B,No
C11236,A,No
C11237,B,No
C11238,A,No
C11239,B,No
C11240,A,No
C11241,B,No
C11242,A,No
C11243,B,No
C11244,B,No
C11245,B,No
C11246,B,No
C11247,A,No
C11248,B,Yes
C11249,A,No
C11250,B,No
C11251,B,No
C11252,B,No
C11253,B,No
C11254,B,No
C11255,B,No
C11256,B,No
C11257,B,No
C11258,A,No
C11259,A,No
C11260,B,No
C11261,A,Yes
C11262,A,No
C11263,A,No
C11264,B,No
C11265,A,No
C11266,B,No
C11267,B,No
C11268,A,No
C11269,A,No
C11270,B,No
C11271,A,No
C11272,A,No
C11273,B,No
C11274,A,No
C11275,A,No
C11276,A,No
C11277,A,No
C11278,B,No
C11279,A,No
C11280,B,No
C11281,A,No
C11282,A,No
C11283,B,No
C11284,B,No
C11285,B,No
C11286,A,No
C11287,B,No
C11288,B,No
C11289,A,No
C11290,B,No
C11291,B,No
C11292,A,No
C11293,B,No
C11294,B,No
C11295,A,No
C11296,B,No
C11297,B,No
C11298,A,No
C11299,A,No
C11300,B,No
C11301,B,No
C11302,B,No
C11303,A,No
C11304,B,No
C11305,A,No
C11306,B,No
C11307,B,No
C11308,A,No
C11309,B,No
C11310,B,No
C11311,A,No
C11312,B,No
C11313,B,No
C11314,A,No
C11315,A,No
C11316,A,No
C11317,A,No
C11318,B,No
C11319,B,No
C11320,B,No
C11321,A,No
C11322,B,No
C11323,A,No
C11324,A,No
C11325,B,No
C11326,A,No
C11327,B,No
C11328,A,Yes
C11329,A,No
C11330,A,No
C11331,B,No
C11332,A,No
C11333,B,No
C11334,B,No
C11335,B,No
C11336,B,No
C11337,A,No
C11338,A,No
C11339,B,No
C11340,B,No
C11341,B,No
C11342,A,No
C11343,B,No
C11344,B,No
C11345,A,No
C11346,A,No
C11347,A,No
C11348,B,No
C11349,A,No
C11350,A,No
C11351,A,No
C11352,B,No
C11353,B,No
C11354,A,No
C11355,A,Yes
C11356,A,No
C11357,A,No
C11358,A,No
C11359,A,No
C11360,B,No
C11361,A,No
C11362,B,No
C11363,B,No
C11364,B,No
C11365,B,No
C11366,A,No
C11367,A,No
C11368,A,Yes
C11369,B,No
C11370,A,Yes
C11371,A,No
C11372,A,No
C11373,B,No
C11374,B,No
C11375,B,No
C11376,B,No
C11377,A,No
C11378,A,No
C11379,B,No
C11380,A,No
C11381,B,No
C11382,B,No
C11383,B,No
C11384,B,No
C11385,A,No
C11386,B,Yes
C11387,B,No
C11388,B,No
C11389,A,No
C11390,A,No
C11391,B,No
C11392,A,No
C11393,B,No
C11394,B,No
C11395,B,No
C11396,A,No
C11397,B,No
C11398,A,No
C11399,A,No
C11400,B,No
C11401,B,No
C11402,A,No
C11403,A,No
C11404,A,No
C11405,A,No
C11406,B,No
C11407,B,No
C11408,B,No
C11409,A,No
C11410,A,No
C11411,A,No
C11412,B,No
C11413,A,No
C11414,A,No
C11415,B,Yes
C11416,A,No
C11417,A,No
C11418,A,No
C11419,B,No
C11420,A,No
C11421,B,No
C11422,B,No
C11423,B,No
C11424,B,No
C11425,A,No
C11426,A,No
C11427,A,No
C11428,A,No
C11429,B,No
C11430,A,Yes
C11431,B,No
C11432,A,No
C11433,B,No
C11434,A,No
C11435,A,No
C11436,A,No
C11437,A,No
C11438,A,No
C11439,A,No
C11440,B,No
C11441,B,No
C11442,B,No
C11443,B,No
C11444,A,Yes
C11445,B,No
C11446,B,No
C11447,B,No
C11448,A,No
C11449,A,No
C11450,B,No
C11451,A,No
C11452,B,No
C11453,B,Yes
C11454,A,No
C11455,A,Yes
C11456,B,No
C11457,B,No
C11458,B,No
C11459,B,No
C11460,B,No
C11461,B,No
C11462,B,No
C11463,A,No
C11464,B,No
C11465,A,No
C11466,B,No
C11467,B,Yes
C11468,B,No
C11469,B,No
C11470,B,No
C11471,A,No
C11472,A,No
C11473,B,No
C11474,B,No
C11475,B,No
C11476,B,No
C11477,A,No
C11478,B,No
C11479,B,No
C11480,B,No
C11481,B,No
C11482,A,No
C11483,A,No
C11484,B,No
C11485,B,No
C11486,A,No
C11487,A,No
C11488,A,No
C11489,B,No
C11490,B,No
C11491,B,No
C11492,B,No
C11493,B,No
C11494,B,No
C11495,B,No
C11496,A,No
C11497,B,No
C11498,A,No
C11499,A,No
C11500,A,No
C11501,A,No
C11502,B,No
C11503,B,No
C11504,A,No
C11505,A,No
C11506,A,No
C11507,A,No
C11508,A,No
C11509,A,Yes
C11510,B,No
C11511,A,No
C11512,B,Yes
C11513,B,No
C11514,B,No
C11515,B,No
C11516,A,No
C11517,A,No
C11518,B,No
C11519,B,No
C11520,B,No
C11521,A,No
C11522,B,No
C11523,A,No
C11524,B,No
C11525,A,No
C11526,B,No
C11527,B,Yes
C11528,A,No
C11529,B,No
C11530,B,No
C11531,B,No
C11532,A,No
C11533,B,No
C11534,A,No
C11535,A,No
C11536,B,No
C11537,B,No
C11538,A,No
C11539,B,No
C11540,A,No
C11541,B,No
C11542,A,No
C11543,A,No
C11544,B,No
C11545,A,No
C11546,B,No
C11547,A,No
C11548,A,No
C11549,B,No
C11550,B,No
C11551,B,No
C11552,A,No
C11553,A,No
C11554,B,No
C11555,B,No
C11556,B,No
C11557,A,No
C11558,B,No
C11559,A,No
C11560,B,No
C11561,A,No
C11562,A,No
C11563,A,No
C11564,A,No
C11565,A,No
C11566,A,No
C11567,B,No
C11568,B,No
C11569,B,No
C11570,B,No
C11571,A,Yes
C11572,B,No
C11573,A,No
C11574,A,No
C11575,B,No
C11576,A,No
C11577,B,No
C11578,A,No
C11579,B,Yes
C11580,B,No
C11581,A,No
C11582,B,No
C11583,A,No
C11584,B,No
C11585,B,No
C11586,B,No
C11587,B,No
C11588,A,No
C11589,B,No
C11590,B,No
C11591,A,No
C11592,A,No
C11593,B,No
C11594,A,No
C11595,B,No
C11596,B,No
C11597,B,No
C11598,B,No
C11599,A,No
C11600,B,No
C11601,B,No
C11602,B,No
C11603,A,No
C11604,A,No
C11605,B,No
C11606,B,No
C11607,B,No
C11608,A,No
C11609,A,No
C11610,B,No
C11611,B,No
C11612,A,No
C11613,A,No
C11614,A,No
C11615,A,No
C11616,B,No
C11617,B,No
C11618,B,No
C11619,B,No
C11620,B,Yes
C11621,B,No
C11622,A,No
C11623,B,No
C11624,B,No
C11625,B,No
C11626,A,No
C11627,A,No
C11628,B,No
C11629,B,No
C11630,B,No
C11631,B,No
C11632,A,No
C11633,A,No
C11634,A,No
C11635,B,No
C11636,A,No
C11637,B,No
C11638,A,No
C11639,A,No
C11640,A,No
C11641,B,No
C11642,B,No
C11643,B,No
C11644,B,No
C11645,A,No
C11646,A,No
C11647,B,No
C11648,A,No
C11649,A,No
C11650,B,No
C11651,A,No
C11652,B,No
C11653,A,No
C11654,A,No
C11655,A,No
C11656,A,No
C11657,A,No
C11658,A,No
C11659,B,No
C11660,B,No
C11661,A,No
C11662,B,No
C11663,A,No
C11664,B,No
C11665,B,No
C11666,A,No
C11667,A,No
C11668,A,No
C11669,B,No
C11670,A,No
C11671,B,No
C11672,A,No
C11673,B,No
C11674,B,Yes
C11675,B,No
C11676,B,No
C11677,A,No
C11678,A,No
C11679,B,No
C11680,A,No
C11681,A,No
C11682,B,No
C11683,A,No
C11684,A,No
C11685,B,No
C11686,A,No
C11687,B,No
C11688,A,No
C11689,A,No
C11690,B,No
C11691,B,No
C11692,A,No
C11693,A,No
C11694,A,No
C11695,A,No
C11696,B,No
C11697,B,No
C11698,B,No
C11699,B,No
C11700,B,No
C11701,B,No
C11702,B,Yes
C11703,A,No
C11704,A,No
C11705,B,No
C11706,B,No
C11707,B,No
C11708,B,No
C11709,B,No
C11710,A,No
C11711,A,No
C11712,A,No
C11713,A,No
C11714,B,No
C11715,B,No
C11716,A,No
C11717,B,No
C11718,A,No
C11719,B,No
C11720,A,No
C11721,A,No
C11722,B,No
C11723,A,No
C11724,A,No
C11725,A,No
C11726,B,No
C11727,B,No
C11728,A,No
C11729,B,No
C11730,A,No
C11731,A,No
C11732,A,Yes
C11733,B,No
C11734,A,No
C11735,B,No
C11736,B,No
C11737,A,No
C11738,A,No
C11739,A,No
C11740,A,No
C11741,A,No
C11742,B,No
C11743,B,No
C11744,B,Yes
C11745,A,No
C11746,A,No
C11747,B,No
C11748,A,No
C11749,A,No
C11750,A,No
C11751,A,No
C11752,B,No
C11753,A,No
C11754,A,No
C11755,B,No
C11756,B,No
C11757,B,No
C11758,A,No
C11759,B,No
C11760,B,No
C11761,A,No
C11762,B,No
C11763,A,No
C11764,B,No
C11765,B,No
C11766,B,No
C11767,B,No
C11768,A,No
C11769,A,No
C11770,B,No
C11771,A,No
C11772,A,No
C11773,B,No
C11774,A,No
C11775,B,No
C11776,B,Yes
C11777,A,No
C11778,A,No
C11779,B,No
C11780,B,No
C11781,B,No
C11782,A,No
C11783,B,No
C11784,A,No
C11785,B,No
C11786,A,No
C11787,B,No
C11788,A,Yes
C11789,B,No
C11790,A,No
C11791,A,No
C11792,B,No
C11793,B,No
C11794,A,No
C11795,B,No
C11796,B,No
C11797,B,No
C11798,A,No
C11799,B,No
C11800,A,Yes
C11801,B,No
C11802,A,No
C11803,B,No
C11804,B,No
C11805,A,Yes
C11806,B,No
C11807,B,No
C11808,B,No
C11809,A,No
C11810,A,No
C11811,B,Yes
C11812,A,No
C11813,A,No
C11814,B,No
C11815,B,No
C11816,A,No
C11817,A,No
C11818,A,No
C11819,A,No
C11820,B,No
C11821,B,No
C11822,A,No
C11823,A,No
C11824,B,No
C11825,A,No
C11826,B,No
C11827,B,Yes
C11828,B,No
C11829,B,No
C11830,A,No
C11831,B,No
C11832,A,No
C11833,B,No
C11834,A,No
C11835,B,No
C11836,A,No
C11837,A,No
C11838,B,No
C11839,A,No
C11840,A,No
C11841,A,No
C11842,A,No
C11843,A,No
C11844,A,No
C11845,A,No
C11846,B,No
C11847,A,No
C11848,B,No
C11849,B,No
C11850,A,No
C11851,A,No
C11852,A,No
C11853,B,No
C11854,A,No
C11855,A,No
C11856,A,No
C11857,B,No
C11858,A,No
C11859,A,No
C11860,A,No
C11861,A,No
C11862,B,No
C11863,B,No
C11864,B,No
C11865,B,No
C11866,B,No
C11867,B,No
C11868,A,No
C11869,A,No
C11870,B,No
C11871,A,Yes
C11872,A,No
C11873,B,No
C11874,B,No
C11875,B,No
C11876,A,No
C11877,B,No
C11878,A,No
C11879,B,No
C11880,A,No
C11881,B,No
C11882,B,No
C11883,B,No
C11884,A,No
C11885,A,No
C11886,A,No
C11887,A,No
C11888,B,No
C11889,B,No
C11890,B,No
C11891,B,No
C11892,A,Yes
C11893,B,No
C11894,B,No
C11895,A,No
C11896,A,No
C11897,B,No
C11898,A,No
C11899,B,No
C11900,A,No
C11901,A,No
C11902,A,No
C11903,B,No
C11904,B,No
C11905,A,Yes
C11906,A,No
C11907,B,No
C11908,A,No
C11909,A,No
C11910,A,No
C11911,B,No
C11912,A,No
C11913,A,Yes
C11914,A,No
C11915,B,No
C11916,A,No
C11917,A,No
C11918,B,No
C11919,A,No
C11920,A,No
C11921,B,No
C11922,B,No
C11923,B,No
C11924,A,No
C11925,A,No
C11926,B,No
C11927,B,No
C11928,B,No
C11929,A,No
C11930,B,No
C11931,A,No
C11932,A,No
C11933,B,No
C11934,A,Yes
C11935,B,No
C11936,A,No
C11937,B,No
C11938,A,No
C11939,B,No
C11940,B,No
C11941,A,No
C11942,A,No
C11943,B,No
C11944,B,No
C11945,A,No
C11946,B,No
C11947,A,No
C11948,B,No
C11949,A,No
C11950,A,No
C11951,A,Yes
C11952,A,No
C11953,B,No
C11954,A,No
C11955,B,No
C11956,B,No
C11957,B,No
C11958,B,No
C11959,B,Yes
C11960,A,No
C11961,B,No
C11962,B,No
C11963,A,No
C11964,B,No
C11965,A,No
C11966,A,No
C11967,B,No
C11968,B,No
C11969,A,No
C11970,A,No
C11971,B,No
C11972,A,No
C11973,B,No
C11974,A,No
C11975,A,No
C11976,A,No
C11977,B,No
C11978,B,No
C11979,B,No
C11980,B,No
C11981,B,No
C11982,B,No
C11983,A,No
C11984,B,No
C11985,A,No
C11986,B,No
C11987,B,No
C11988,A,No
C11989,B,No
C11990,B,No
C11991,B,No
C11992,A,No
C11993,B,No
C11994,B,No
C11995,B,No
C11996,A,No
C11997,B,No
C11998,B,Yes
C11999,A,No
C12000,B,No
C12001,A,No
C12002,A,No
C12003,A,No
C12004,B,No
C12005,A,No
C12006,A,No
C12007,B,No
C12008,A,No
C12009,A,No
C12010,A,No
C12011,B,No
C12012,A,No
C12013,B,No
C12014,B,No
C12015,B,Yes
C12016,B,No
C12017,A,No
C12018,B,No
C12019,B,No
C12020,A,No
C12021,A,Yes
C12022,B,No
C12023,B,No
C12024,B,No
C12025,B,No
C12026,B,No
C12027,A,No
C12028,A,No
C12029,A,No
C12030,B,No
C12031,B,No
C12032,A,No
C12033,B,No
C12034,B,Yes
C12035,A,No
C12036,A,No
C12037,A,No
C12038,B,No
C12039,A,No
C12040,B,No
C12041,A,No
C12042,A,No
C12043,A,No
C12044,A,No
C12045,A,No
C12046,B,No
C12047,B,Yes
C12048,A,No
C12049,B,No
C12050,B,No
C12051,A,No
C12052,A,No
C12053,A,No
C12054,B,No
C12055,A,Yes
C12056,A,No
C12057,B,No
C12058,B,No
C12059,A,No
C12060,A,No
C12061,A,No
C12062,A,No
C12063,A,No
C12064,A,No
C12065,A,No
C12066,B,No
C12067,A,No
C12068,A,No
C12069,B,No
C12070,B,No
C12071,A,No
C12072,B,No
C12073,B,Yes
C12074,A,No
C12075,A,No
C12076,B,No
C12077,B,No
C12078,B,No
C12079,B,No
C12080,A,No
C12081,A,No
C12082,A,No
C12083,A,No
C12084,A,No
C12085,A,No
C12086,A,No
C12087,B,No
C12088,A,No
C12089,B,No
C12090,B,No
C12091,A,No
C12092,A,No
C12093,B,No
C12094,A,No
C12095,A,No
C12096,B,No
C12097,B,No
C12098,A,No
C12099,A,No
C12100,A,No
C12101,A,No
C12102,A,Yes
C12103,A,No
C12104,B,No
C12105,A,No
C12106,A,No
C12107,B,No
C12108,A,No
C12109,B,No
C12110,B,No
C12111,B,No
C12112,B,No
C12113,A,Yes
C12114,A,No
C12115,B,No
C12116,A,No
C12117,A,No
C12118,A,No
C12119,B,No
C12120,A,No
C12121,B,No
C12122,B,No
C12123,A,Yes
C12124,B,No
C12125,A,No
C12126,B,No
C12127,B,No
C12128,B,No
C12129,B,No
C12130,A,No
C12131,B,No
C12132,B,No
C12133,B,No
C12134,A,No
C12135,B,No
C12136,B,No
C12137,B,No
C12138,B,No
C12139,B,No
C12140,B,No
C12141,B,No
C12142,B,No
C12143,A,No
C12144,A,No
C12145,B,No
C12146,A,No
C12147,B,No
C12148,B,Yes
C12149,A,No
C12150,A,No
C12151,A,No
C12152,B,No
C12153,B,Yes
C12154,B,No
C12155,B,No
C12156,A,No
C12157,B,No
C12158,A,No
C12159,B,No
C12160,B,No
C12161,A,No
C12162,A,No
C12163,A,No
C12164,B,No
C12165,A,No
C12166,A,No
C12167,B,No
C12168,A,No
C12169,A,No
C12170,B,No
C12171,A,No
C12172,B,No
C12173,B,No
C12174,B,No
C12175,B,No
C12176,B,No
C12177,A,No
C12178,A,No
C12179,A,No
C12180,A,No
C12181,B,No
C12182,B,No
C12183,B,Yes
C12184,B,No
C12185,B,No
C12186,B,No
C12187,B,No
C12188,B,No
C12189,B,No
C12190,B,No
C12191,B,No
C12192,B,No
C12193,A,No
C12194,B,No
C12195,A,No
C12196,B,No
C12197,A,No
C12198,A,No
C12199,A,No
C12200,B,No
C12201,B,No
C12202,B,No
C12203,B,No
C12204,B,No
C12205,A,No
C12206,B,No
C12207,B,No
C12208,A,No
C12209,B,No
C12210,A,No
C12211,A,No
C12212,A,No
C12213,A,No
C12214,B,No
C12215,A,No
C12216,B,No
C12217,A,No
C12218,B,No
C12219,B,No
C12220,B,No
C12221,B,No
C12222,A,No
C12223,B,No
C12224,A,No
C12225,B,No
C12226,A,Yes
C12227,A,No
C12228,A,No
C12229,A,No
C12230,B,No
C12231,A,No
C12232,B,No
C12233,A,No
C12234,A,No
C12235,A,No
C12236,A,Yes
C12237,A,No
C12238,A,No
C12239,B,No
C12240,B,No
C12241,B,No
C12242,A,No
C12243,A,No
C12244,B,No
C12245,B,No
C12246,A,No
C12247,B,No
C12248,B,No
C12249,B,No
C12250,B,No
C12251,A,No
C12252,B,No
C12253,B,No
C12254,A,No
C12255,B,No
C12256,B,No
C12257,A,No
C12258,B,No
C12259,B,No
C12260,B,No
C12261,B,No
C12262,B,No
C12263,A,No
C12264,A,No
C12265,B,No
C12266,A,No
C12267,B,No
C12268,A,No
C12269,B,No
C12270,A,No
C12271,A,No
C12272,B,No
C12273,A,No
C12274,A,No
C12275,A,No
C12276,B,No
C12277,A,No
C12278,B,No
C12279,A,No
C12280,A,No
C12281,B,No
C12282,A,No
C12283,B,No
C12284,A,No
C12285,B,No
C12286,A,No
C12287,B,No
C12288,A,No
C12289,A,No
C12290,B,Yes
C12291,B,No
C12292,A,No
C12293,A,No
C12294,B,No
C12295,B,No
C12296,A,No
C12297,B,No
C12298,A,No
C12299,A,No
C12300,B,No
C12301,B,No
C12302,A,No
C12303,A,No
C12304,B,No
C12305,A,Yes
C12306,A,No
C12307,B,No
C12308,A,No
C12309,B,No
C12310,A,No
C12311,B,No
C12312,A,No
C12313,A,No
C12314,B,No
C12315,B,No
C12316,A,No
C12317,B,No
C12318,B,No
C12319,B,No
C12320,B,No
C12321,A,Yes
C12322,B,No
C12323,B,No
C12324,A,No
C12325,A,No
C12326,B,No
C12327,B,Yes
C12328,A,No
C12329,A,No
C12330,B,No
C12331,A,No
C12332,A,No
C12333,A,No
C12334,A,No
C12335,B,No
C12336,B,No
C12337,A,Yes
C12338,A,No
C12339,B,No
C12340,B,No
C12341,A,No
C12342,B,No
C12343,A,No
C12344,A,No
C12345,B,No
C12346,A,No
C12347,A,No
C12348,B,No
C12349,B,No
C12350,A,No
C12351,A,No
C12352,B,No
C12353,B,No
C12354,B,No
C12355,A,No
C12356,A,No
C12357,B,Yes
C12358,B,No
C12359,B,No
C12360,B,No
C12361,A,No
C12362,B,No
C12363,A,No
C12364,A,No
C12365,A,No
C12366,B,No
C12367,A,No
C12368,B,No
C12369,A,No
C12370,A,Yes
C12371,B,No
C12372,B,No
C12373,B,No
C12374,A,No
C12375,B,No
C12376,A,No
C12377,B,No
C12378,A,No
C12379,B,No
C12380,A,No
C12381,B,No
C12382,B,No
C12383,B,No
C12384,B,No
C12385,A,No
C12386,A,No
C12387,A,No
C12388,B,No
C12389,B,No
C12390,A,No
C12391,B,No
C12392,B,No
C12393,A,No
C12394,A,No
C12395,A,No
C12396,A,No
C12397,B,No
C12398,A,No
C12399,B,No
C12400,A,No
C12401,B,No
C12402,B,No
C12403,B,No
C12404,A,No
C12405,B,No
C12406,A,No
C12407,A,No
C12408,A,No
C12409,A,No
C12410,B,Yes
C12411,A,No
C12412,A,No
C12413,B,Yes
C12414,B,No
C12415,A,No
C12416,A,No
C12417,B,No
C12418,B,Yes
C12419,A,No
C12420,A,No
C12421,A,No
C12422,B,No
C12423,A,No
C12424,B,No
C12425,B,No
C12426,A,No
C12427,B,No
C12428,A,No
C12429,B,No
C12430,A,No
C12431,A,No
C12432,A,No
C12433,B,No
C12434,B,No
C12435,A,Yes
C12436,A,No
C12437,A,No
C12438,B,No
C12439,A,Yes
C12440,A,No
C12441,B,No
C12442,B,No
C12443,A,No
C12444,A,No
C12445,B,No
C12446,A,No
C12447,A,No
C12448,B,No
C12449,A,No
C12450,A,Yes
C12451,A,No
C12452,A,No
C12453,A,No
C12454,B,Yes
C12455,B,No
C12456,B,No
C12457,B,No
C12458,A,No
C12459,B,No
C12460,B,No
C12461,A,No
C12462,A,Yes
C12463,B,No
C12464,B,No
C12465,A,No
C12466,A,No
C12467,B,No
C12468,B,No
C12469,A,No
C12470,B,Yes
C12471,A,No
C12472,B,No
C12473,A,No
C12474,A,No
C12475,A,No
C12476,B,No
C12477,B,No
C12478,A,No
C12479,A,No
C12480,B,No
C12481,B,No
C12482,A,No
C12483,A,No
C12484,B,No
C12485,B,No
C12486,B,No
C12487,B,No
C12488,A,No
C12489,A,No
C12490,B,No
C12491,B,Yes
C12492,B,No
C12493,B,No
C12494,B,Yes
C12495,A,No
C12496,A,Yes
C12497,A,No
C12498,B,No
C12499,A,No
C12500,B,No
C12501,A,No
C12502,B,No
C12503,A,No
C12504,A,No
C12505,B,No
C12506,A,No
C12507,A,No
C12508,A,No
C12509,A,Yes
C12510,A,No
C12511,A,No
C12512,B,No
C12513,A,No
C12514,B,No
C12515,B,No
C12516,B,No
C12517,A,No
C12518,B,No
C12519,B,No
C12520,B,No
C12521,A,No
C12522,B,No
C12523,B,Yes
C12524,B,No
C12525,B,No
C12526,B,No
C12527,A,No
C12528,B,No
C12529,A,No
C12530,A,No
C12531,A,No
C12532,B,No
C12533,B,No
C12534,A,No
C12535,A,No
C12536,B,No
C12537,A,No
C12538,B,No
C12539,A,No
C12540,B,No
C12541,B,No
C12542,B,No
C12543,A,No
C12544,A,No
C12545,B,No
C12546,A,No
C12547,A,No
C12548,B,No
C12549,B,No
C12550,B,No
C12551,A,No
C12552,B,No
C12553,A,Yes
C12554,B,No
C12555,B,No
C12556,B,No
C12557,A,No
C12558,B,No
C12559,B,No
C12560,B,No
C12561,B,No
C12562,A,No
C12563,A,No
C12564,A,No
C12565,A,No
C12566,B,No
C12567,A,No
C12568,A,No
C12569,A,No
C12570,B,No
C12571,A,No
C12572,A,No
C12573,B,No
C12574,B,No
C12575,B,No
C12576,B,No
C12577,B,No
C12578,A,No
C12579,A,No
C12580,A,No
C12581,B,No
C12582,B,No
C12583,A,No
C12584,B,No
C12585,A,No
C12586,A,No
C12587,A,No
C12588,B,No
C12589,B,Yes
C12590,B,No
C12591,A,No
C12592,A,No
C12593,A,No
C12594,A,No
C12595,B,No
C12596,A,No
C12597,B,Yes
C12598,A,Yes
C12599,A,No
C12600,B,No
C12601,B,No
C12602,B,No
C12603,A,No
C12604,A,No
C12605,B,No
C12606,A,No
C12607,B,No
C12608,B,No
C12609,A,No
C12610,B,No
C12611,A,No
C12612,B,Yes
C12613,A,No
C12614,B,No
C12615,B,No
C12616,A,No
C12617,A,No
C12618,B,No
C12619,B,No
C12620,B,No
C12621,B,Yes
C12622,B,No
C12623,B,No
C12624,B,No
C12625,A,No
C12626,B,No
C12627,B,No
C12628,A,No
C12629,A,No
C12630,B,No
C12631,B,No
C12632,B,No
C12633,B,No
C12634,A,No
C12635,B,No
C12636,B,No
C12637,B,No
C12638,B,No
C12639,B,No
C12640,B,No
C12641,A,No
C12642,A,No
C12643,A,No
C12644,B,No
C12645,B,No
C12646,B,No
C12647,A,No
C12648,B,No
C12649,A,No
C12650,B,No
C12651,A,No
C12652,A,Yes
C12653,B,No
C12654,A,No
C12655,B,No
C12656,A,No
C12657,B,No
C12658,B,No
C12659,A,No
C12660,B,No
C12661,A,No
C12662,A,No
C12663,A,No
C12664,B,No
C12665,B,No
C12666,A,No
C12667,B,No
C12668,A,No
C12669,B,No
C12670,A,No
C12671,A,No
C12672,B,No
C12673,B,No
C12674,A,Yes
C12675,B,No
C12676,B,No
C12677,B,No
C12678,B,No
C12679,A,No
C12680,A,No
C12681,A,No
C12682,A,No
C12683,B,No
C12684,B,No
C12685,B,No
C12686,B,No
C12687,A,No
C12688,B,No
C12689,A,Yes
C12690,A,Yes
C12691,A,No
C12692,B,No
C12693,B,No
C12694,B,Yes
C12695,B,No
C12696,A,No
C12697,B,No
C12698,B,No
C12699,A,No
C12700,A,No
C12701,A,No
C12702,B,Yes
C12703,B,No
C12704,B,No
C12705,B,No
C12706,B,No
C12707,A,No
C12708,A,No
C12709,A,No
C12710,B,No
C12711,A,No
C12712,A,No
C12713,B,No
C12714,B,Yes
C12715,A,No
C12716,A,No
C12717,A,No
C12718,A,No
C12719,A,No
C12720,A,No
C12721,B,No
C12722,B,No
C12723,B,No
C12724,A,No
C12725,A,No
C12726,A,No
C12727,B,No
C12728,A,No
C12729,B,No
C12730,A,No
C12731,A,No
C12732,A,No
C12733,B,No
C12734,A,No
C12735,B,No
C12736,A,No
C12737,B,No
C12738,A,No
C12739,B,No
C12740,A,No
C12741,B,Yes
C12742,A,No
C12743,A,No
C12744,B,No
C12745,B,No
C12746,B,No
C12747,A,No
C12748,A,No
C12749,B,No
C12750,B,No
C12751,A,No
C12752,A,No
C12753,B,No
C12754,A,No
C12755,B,No
C12756,A,No
C12757,B,No
C12758,B,No
C12759,B,No
C12760,A,No
C12761,A,No
C12762,B,No
C12763,A,No
C12764,B,No
C12765,A,No
C12766,A,No
C12767,B,No
C12768,A,No
C12769,A,No
C12770,B,No
C12771,B,No
C12772,A,No
C12773,B,No
C12774,B,No
C12775,B,No
C12776,A,No
C12777,B,No
C12778,B,No
C12779,A,No
C12780,B,No
C12781,B,No
C12782,A,No
C12783,B,No
C12784,A,No
C12785,A,No
C12786,A,No
C12787,B,No
C12788,A,No
C12789,A,No
C12790,B,No
C12791,B,No
C12792,B,No
C12793,B,No
C12794,B,No
C12795,B,No
C12796,B,No
C12797,B,Yes
C12798,B,No
C12799,A,No
C12800,A,No
C12801,A,No
C12802,B,No
C12803,B,No
C12804,B,No
C12805,A,No
C12806,A,No
C12807,B,No
C12808,A,No
C12809,A,No
C12810,B,Yes
C12811,B,No
C12812,A,No
C12813,B,No
C12814,A,No
C12815,A,No
C12816,B,No
C12817,B,No
C12818,B,No
C12819,B,No
C12820,B,No
C12821,B,No
C12822,A,No
C12823,B,No
C12824,A,No
C12825,B,No
C12826,B,No
C12827,A,No
C12828,B,No
C12829,A,No
C12830,A,No
C12831,A,No
C12832,B,No
C12833,A,No
C12834,B,No
C12835,A,No
C12836,B,No
C12837,A,No
C12838,B,No
C12839,A,No
C12840,B,No
C12841,B,No
C12842,B,No
C12843,A,No
C12844,A,No
C12845,A,No
C12846,A,No
C12847,A,No
C12848,B,No
C12849,A,No
C12850,B,No
C12851,B,No
C12852,B,No
C12853,B,No
C12854,B,No
C12855,A,Yes
C12856,B,No
C12857,A,Yes
C12858,B,No
C12859,A,No
C12860,A,No
C12861,B,No
C12862,A,No
C12863,A,No
C12864,B,No
C12865,B,No
C12866,A,No
C12867,A,No
C12868,B,No
C12869,A,No
C12870,B,No
C12871,A,No
C12872,A,No
C12873,A,No
C12874,A,No
C12875,B,No
C12876,B,No
C12877,A,No
C12878,A,No
C12879,B,No
C12880,B,No
C12881,B,No
C12882,A,No
C12883,B,No
C12884,B,No
C12885,A,No
C12886,B,No
C12887,A,No
C12888,A,No
C12889,A,No
C12890,A,No
C12891,A,No
C12892,B,No
C12893,B,No
C12894,B,No
C12895,B,Yes
C12896,B,No
C12897,A,No
C12898,B,No
C12899,B,No
C12900,B,No
C12901,A,No
C12902,B,No
C12903,B,No
C12904,A,No
C12905,B,No
C12906,A,No
C12907,B,No
C12908,A,No
C12909,B,No
C12910,B,No
C12911,B,No
C12912,B,No
C12913,A,No
C12914,A,Yes
C12915,A,No
C12916,B,No
C12917,B,No
C12918,A,No
C12919,A,No
C12920,A,No
C12921,A,No
C12922,B,No
C12923,A,No
C12924,A,No
C12925,B,No
C12926,B,No
C12927,B,No
C12928,A,No
C12929,B,No
C12930,A,No
C12931,A,No
C12932,B,No
C12933,A,No
C12934,A,No
C12935,B,No
C12936,B,No
C12937,B,No
C12938,A,No
C12939,A,No
C12940,B,No
C12941,A,No
C12942,A,No
C12943,B,No
C12944,B,No
C12945,A,No
C12946,B,No
C12947,B,No
C12948,B,No
C12949,A,No
C12950,B,No
C12951,A,No
C12952,B,No
C12953,B,No
C12954,A,No
C12955,A,No
C12956,B,No
C12957,A,No
C12958,B,Yes
C12959,A,No
C12960,A,No
C12961,B,No
C12962,B,No
C12963,A,No
C12964,B,No
C12965,B,No
C12966,A,No
C12967,A,No
C12968,A,No
C12969,A,No
C12970,B,No
C12971,B,No
C12972,B,No
C12973,B,No
C12974,A,No
C12975,B,No
C12976,B,No
C12977,A,Yes
C12978,A,No
C12979,B,No
C12980,B,No
C12981,B,No
C12982,B,No
C12983,A,No
C12984,B,No
C12985,B,No
C12986,B,No
C12987,A,No
C12988,A,No
C12989,B,No
C12990,A,No
C12991,B,No
C12992,A,Yes
C12993,B,No
C12994,B,No
C12995,B,No
C12996,A,No
C12997,B,No
C12998,A,No
C12999,B,No
C13000,A,No
C13001,A,No
C13002,B,No
C13003,B,No
C13004,B,No
C13005,A,No
C13006,B,No
C13007,B,No
C13008,B,No
C13009,A,No
C13010,A,No
C13011,B,No
C13012,A,No
C13013,B,No
C13014,B,No
C13015,B,No
C13016,B,No
C13017,B,No
C13018,B,No
C13019,A,No
C13020,B,No
C13021,B,No
C13022,B,No
C13023,A,No
C13024,A,No
C13025,A,No
C13026,A,No
C13027,B,No
C13028,A,No
C13029,B,No
C13030,B,No
C13031,A,No
C13032,B,No
C13033,A,No
C13034,A,No
C13035,A,No
C13036,A,Yes
C13037,B,No
C13038,B,No
C13039,B,No
C13040,A,No
C13041,A,No
C13042,B,No
C13043,B,No
C13044,B,No
C13045,B,No
C13046,B,No
C13047,A,No
C13048,B,No
C13049,A,No
C13050,B,No
C13051,B,No
C13052,A,No
C13053,B,No
C13054,B,No
C13055,A,No
C13056,A,No
C13057,A,No
C13058,A,No
C13059,B,No
C13060,B,No
C13061,A,No
C13062,B,No
C13063,B,No
C13064,B,No
C13065,B,No
C13066,B,No
C13067,A,No
C13068,A,No
C13069,B,No
C13070,B,No
C13071,B,No
C13072,A,No
C13073,B,No
C13074,B,No
C13075,A,No
C13076,A,No
C13077,A,No
C13078,B,No
C13079,B,No
C13080,B,No
C13081,B,No
C13082,A,No
C13083,B,No
C13084,A,No
C13085,A,No
C13086,A,No
C13087,B,No
C13088,A,No
C13089,A,No
C13090,B,No
C13091,B,No
C13092,A,No
C13093,A,No
C13094,B,No
C13095,A,No
C13096,A,No
C13097,B,No
C13098,A,No
C13099,A,No
C13100,A,No
C13101,B,No
C13102,A,No
C13103,A,No
C13104,B,No
C13105,A,No
C13106,A,No
C13107,B,No
C13108,B,No
C13109,B,No
C13110,B,No
C13111,A,No
C13112,B,No
C13113,A,No
C13114,B,No
C13115,B,No
C13116,A,No
C13117,A,No
C13118,B,No
C13119,A,No
C13120,A,No
C13121,A,No
C13122,B,No
C13123,A,No
C13124,B,Yes
C13125,B,No
C13126,B,No
C13127,A,No
C13128,A,No
C13129,A,No
C13130,A,No
C13131,B,No
C13132,A,No
C13133,B,No
C13134,B,No
C13135,B,No
C13136,A,No
C13137,A,Yes
C13138,B,No
C13139,A,No
C13140,B,Yes
C13141,A,No
C13142,A,Yes
C13143,A,No
C13144,A,Yes
C13145,A,No
C13146,A,No
C13147,B,No
C13148,B,No
C13149,B,No
C13150,A,No
C13151,B,No
C13152,A,No
C13153,A,No
C13154,A,No
C13155,B,No
C13156,A,No
C13157,B,No
C13158,B,No
C13159,B,No
C13160,A,No
C13161,A,No
C13162,A,No
C13163,B,Yes
C13164,B,No
C13165,B,No
C13166,B,No
C13167,B,No
C13168,A,No
C13169,B,No
C13170,B,No
C13171,A,No
C13172,A,No
C13173,A,No
C13174,B,No
C13175,B,No
C13176,B,No
C13177,A,No
C13178,B,No
C13179,B,No
C13180,B,No
C13181,B,No
C13182,B,No
C13183,B,No
C13184,B,No
C13185,A,No
C13186,A,No
C13187,B,Yes
C13188,A,No
C13189,A,No
C13190,B,No
C13191,B,No
C13192,B,No
C13193,A,No
C13194,B,No
C13195,B,No
C13196,A,No
C13197,B,No
C13198,B,Yes
C13199,A,No
C13200,B,No
C13201,B,No
C13202,A,No
C13203,A,No
C13204,B,No
C13205,A,No
C13206,A,No
C13207,B,No
C13208,A,No
C13209,B,No
C13210,B,No
C13211,A,Yes
C13212,B,No
C13213,B,No
C13214,B,No
C13215,B,No
C13216,B,No
C13217,B,No
C13218,B,No
C13219,B,No
C13220,A,No
C13221,B,No
C13222,A,No
C13223,B,No
C13224,B,No
C13225,A,No
C13226,B,No
C13227,B,No
C13228,A,No
C13229,B,No
C13230,B,No
C13231,B,No
C13232,B,No
C13233,A,No
C13234,B,No
C13235,A,No
C13236,A,No
C13237,B,No
C13238,A,No
C13239,A,No
C13240,B,No
C13241,B,No
C13242,B,No
C13243,A,No
C13244,A,No
C13245,B,No
C13246,B,Yes
C13247,B,No
C13248,A,No
C13249,A,No
C13250,A,No
C13251,B,No
C13252,B,No
C13253,A,No
C13254,A,Yes
C13255,B,No
C13256,B,No
C13257,A,No
C13258,B,No
C13259,B,No
C13260,A,No
C13261,A,No
C13262,A,No
C13263,A,No
C13264,A,No
C13265,B,No
C13266,A,No
C13267,A,No
C13268,B,No
C13269,A,No
C13270,A,No
C13271,A,No
C13272,A,No
C13273,A,No
C13274,B,No
C13275,B,No
C13276,B,No
C13277,A,No
C13278,B,No
C13279,A,Yes
C13280,A,Yes
C13281,B,No
C13282,A,No
C13283,B,No
C13284,B,No
C13285,B,No
C13286,A,No
C13287,B,No
C13288,B,No
C13289,A,No
C13290,A,No
C13291,B,No
C13292,B,No
C13293,B,No
C13294,B,No
C13295,A,No
C13296,A,No
C13297,A,No
C13298,B,No
C13299,B,No
C13300,B,No
C13301,B,No
C13302,B,No
C13303,A,No
C13304,B,No
C13305,A,No
C13306,A,No
C13307,A,No
C13308,B,No
C13309,B,No
C13310,B,No
C13311,B,No
C13312,A,No
C13313,B,No
C13314,A,No
C13315,A,No
C13316,A,No
C13317,A,No
C13318,B,No
C13319,A,No
C13320,A,No
C13321,A,Yes
C13322,A,No
C13323,B,No
C13324,B,No
C13325,B,Yes
C13326,A,No
C13327,B,No
C13328,B,No
C13329,B,No
C13330,B,No
C13331,B,No
C13332,A,No
C13333,B,No
C13334,A,No
C13335,B,No
C13336,A,No
C13337,B,No
C13338,B,No
C13339,A,No
C13340,B,No
C13341,A,No
C13342,B,No
C13343,B,No
C13344,B,No
C13345,B,No
C13346,B,No
C13347,B,No
C13348,A,No
C13349,B,No
C13350,B,No
C13351,B,No
C13352,B,No
C13353,B,No
C13354,B,No
C13355,A,No
C13356,A,No
C13357,A,No
C13358,A,No
C13359,B,No
C13360,A,No
C13361,A,No
C13362,A,Yes
C13363,A,No
C13364,A,No
C13365,A,Yes
C13366,A,No
C13367,A,No
C13368,B,No
C13369,B,No
C13370,B,No
C13371,A,No
C13372,B,No
C13373,A,No
C13374,B,No
C13375,A,No
C13376,A,No
C13377,B,No
C13378,B,No
C13379,B,No
C13380,A,No
C13381,A,No
C13382,B,No
C13383,A,Yes
C13384,B,No
C13385,B,No
C13386,B,No
C13387,A,No
C13388,A,No
C13389,B,No
C13390,B,No
C13391,B,No
C13392,B,No
C13393,B,No
C13394,A,No
C13395,B,No
C13396,B,No
C13397,A,No
C13398,B,No
C13399,A,No
C13400,A,No
C13401,B,No
C13402,A,No
C13403,B,No
C13404,B,No
C13405,B,No
C13406,A,No
C13407,B,No
C13408,B,No
C13409,B,No
C13410,A,No
C13411,B,No
C13412,A,No
C13413,B,No
C13414,B,No
C13415,B,No
C13416,A,Yes
C13417,A,No
C13418,B,No
C13419,A,No
C13420,A,No
C13421,B,No
C13422,B,Yes
C13423,B,No
C13424,B,No
C13425,B,No
C13426,A,No
C13427,A,No
C13428,A,No
C13429,A,No
C13430,B,No
C13431,A,No
C13432,B,Yes
C13433,B,No
C13434,A,No
C13435,A,No
C13436,A,No
C13437,B,No
C13438,A,Yes
C13439,A,No
C13440,A,No
C13441,A,No
C13442,A,No
C13443,B,No
C13444,B,No
C13445,B,No
C13446,B,No
C13447,B,No
C13448,B,Yes
C13449,A,No
C13450,A,No
C13451,A,No
C13452,B,No
C13453,B,No
C13454,A,No
C13455,A,No
C13456,B,No
C13457,A,No
C13458,B,No
C13459,B,No
C13460,B,Yes
C13461,B,No
C13462,B,No
C13463,B,No
C13464,A,No
C13465,A,No
C13466,A,No
C13467,A,No
C13468,A,No
C13469,A,No
C13470,B,No
C13471,B,No
C13472,B,No
C13473,A,Yes
C13474,A,No
C13475,A,No
C13476,B,No
C13477,B,No
C13478,B,No
C13479,B,No
C13480,A,No
C13481,A,No
C13482,B,No
C13483,B,No
C13484,A,No
C13485,B,No
C13486,A,No
C13487,B,No
C13488,A,No
C13489,B,No
C13490,B,No
C13491,A,No
C13492,A,Yes
C13493,A,No
C13494,B,No
C13495,A,No
C13496,A,No
C13497,B,No
C13498,A,No
C13499,B,No
C13500,B,No
C13501,A,No
C13502,A,No
C13503,B,No
C13504,B,No
C13505,A,No
C13506,A,No
C13507,A,Yes
C13508,B,Yes
C13509,A,Yes
C13510,B,No
C13511,A,No
C13512,A,No
C13513,B,No
C13514,A,No
C13515,B,No
C13516,A,No
C13517,A,Yes
C13518,B,No
C13519,B,No
C13520,B,No
C13521,B,No
C13522,A,No
C13523,A,No
C13524,A,Yes
C13525,B,No
C13526,B,No
C13527,B,No
C13528,B,No
C13529,A,No
C13530,A,No
C13531,A,No
C13532,A,No
C13533,A,No
C13534,B,No
C13535,B,Yes
C13536,B,No
C13537,B,No
C13538,A,No
C13539,B,No
C13540,B,No
C13541,B,No
C13542,A,No
C13543,A,No
C13544,B,No
C13545,B,No
C13546,B,No
C13547,B,No
C13548,A,No
C13549,B,No
C13550,B,No
C13551,B,No
C13552,B,No
C13553,B,No
C13554,B,No
C13555,B,No
C13556,A,No
C13557,B,No
C13558,B,No
C13559,B,No
C13560,B,No
C13561,B,No
C13562,B,No
C13563,B,No
C13564,A,No
C13565,A,No
C13566,B,No
C13567,A,No
C13568,B,No
C13569,B,No
C13570,B,No
C13571,B,No
C13572,B,No
C13573,A,No
C13574,A,No
C13575,A,No
C13576,B,No
C13577,A,No
C13578,B,No
C13579,B,No
C13580,A,No
C13581,A,Yes
C13582,B,No
C13583,A,No
C13584,A,No
C13585,B,No
C13586,B,No
C13587,B,No
C13588,A,No
C13589,B,No
C13590,A,No
C13591,B,No
C13592,B,Yes
C13593,B,No
C13594,B,No
C13595,B,No
C13596,B,No
C13597,B,No
C13598,B,No
C13599,A,No
C13600,A,No
C13601,B,No
C13602,A,No
C13603,B,No
C13604,A,No
C13605,B,No
C13606,B,No
C13607,A,No
C13608,B,No
C13609,B,No
C13610,B,No
C13611,B,No
C13612,B,No
C13613,B,No
C13614,A,No
C13615,A,No
C13616,B,No
C13617,B,Yes
C13618,B,No
C13619,B,No
C13620,B,No
C13621,B,No
C13622,B,No
C13623,A,No
C13624,B,No
C13625,A,No
C13626,A,No
C13627,A,No
C13628,A,No
C13629,B,No
C13630,A,No
C13631,B,No
C13632,B,No
C13633,A,No
C13634,A,No
C13635,B,No
C13636,B,No
C13637,B,No
C13638,A,No
C13639,B,No
C13640,A,No
C13641,B,No
C13642,B,No
C13643,B,No
C13644,B,No
C13645,B,No
C13646,A,No
C13647,A,No
C13648,B,No
C13649,B,Yes
C13650,A,No
C13651,B,No
C13652,A,No
C13653,A,No
C13654,B,No
C13655,A,No
C13656,A,No
C13657,B,No
C13658,A,No
C13659,B,No
C13660,A,No
C13661,B,Yes
C13662,A,No
C13663,B,No
C13664,B,No
C13665,A,Yes
C13666,A,Yes
C13667,B,No
C13668,B,No
C13669,B,No
C13670,B,No
C13671,B,No
C13672,A,No
C13673,A,No
C13674,A,No
C13675,A,Yes
C13676,B,No
C13677,A,No
C13678,B,No
C13679,A,No
C13680,B,No
C13681,B,No
C13682,A,No
C13683,A,No
C13684,A,No
C13685,B,No
C13686,A,No
C13687,B,No
C13688,A,Yes
C13689,B,No
C13690,A,No
C13691,B,No
C13692,A,Yes
C13693,B,No
C13694,B,No
C13695,A,No
C13696,A,No
C13697,A,No
C13698,B,No
C13699,B,No
C13700,B,No
C13701,B,No
C13702,A,No
C13703,B,No
C13704,A,No
C13705,A,Yes
C13706,A,No
C13707,B,No
C13708,B,No
C13709,B,No
C13710,A,No
C13711,A,No
C13712,A,Yes
C13713,A,No
C13714,A,No
C13715,A,No
C13716,A,Yes
C13717,A,No
C13718,B,No
C13719,A,No
C13720,B,No
C13721,A,No
C13722,B,Yes
C13723,A,No
C13724,B,No
C13725,A,No
C13726,B,No
C13727,A,No
C13728,B,No
C13729,B,No
C13730,B,No
C13731,A,No
C13732,A,No
C13733,B,No
C13734,B,No
C13735,B,No
C13736,A,No
C13737,B,No
C13738,A,No
C13739,B,No
C13740,A,No
C13741,B,Yes
C13742,B,No
C13743,A,No
C13744,A,No
C13745,B,No
C13746,A,No
C13747,A,No
C13748,A,No
C13749,A,No
C13750,A,No
C13751,B,No
C13752,B,No
C13753,A,No
C13754,B,No
C13755,B,No
C13756,B,No
C13757,B,Yes
C13758,A,No
C13759,A,No
C13760,A,No
C13761,A,No
C13762,A,No
C13763,B,Yes
C13764,A,No
C13765,A,No
C13766,B,No
C13767,B,No
C13768,B,No
C13769,B,No
C13770,A,Yes
C13771,B,No
C13772,B,No
C13773,B,No
C13774,A,No
C13775,B,No
C13776,B,No
C13777,A,No
C13778,A,No
C13779,B,No
C13780,B,No
C13781,A,No
C13782,A,No
C13783,B,No
C13784,A,No
C13785,B,No
C13786,A,No
C13787,A,No
C13788,B,No
C13789,A,No
C13790,A,No
C13791,A,No
C13792,A,No
C13793,B,No
C13794,B,No
C13795,A,No
C13796,B,No
C13797,A,No
C13798,B,No
C13799,A,No
C13800,A,No
C13801,B,No
C13802,B,No
C13803,A,No
C13804,B,No
C13805,B,No
C13806,A,No
C13807,A,No
C13808,A,No
C13809,A,No
C13810,A,Yes
C13811,B,No
C13812,A,No
C13813,A,No
C13814,B,No
C13815,B,No
C13816,B,No
C13817,B,No
C13818,A,No
C13819,B,No
C13820,A,No
C13821,B,No
C13822,A,No
C13823,A,No
C13824,A,No
C13825,B,No
C13826,B,No
C13827,B,No
C13828,A,No
C13829,A,No
C13830,A,No
C13831,B,No
C13832,B,No
C13833,B,No
C13834,B,No
C13835,A,No
C13836,B,No
C13837,B,No
C13838,B,No
C13839,A,No
C13840,A,No
C13841,B,No
C13842,B,No
C13843,A,No
C13844,B,No
C13845,B,No
C13846,A,No
C13847,B,No
C13848,B,No
C13849,A,No
C13850,A,No
C13851,A,No
C13852,A,No
C13853,B,No
C13854,B,No
C13855,B,No
C13856,A,No
C13857,B,No
C13858,A,No
C13859,A,No
C13860,B,No
C13861,A,No
C13862,B,No
C13863,B,Yes
C13864,A,No
C13865,A,No
C13866,A,No
C13867,B,No
C13868,B,No
C13869,A,No
C13870,A,Yes
C13871,B,No
C13872,A,No
C13873,B,No
C13874,A,No
C13875,B,Yes
C13876,A,No
C13877,B,No
C13878,A,No
C13879,A,No
C13880,A,No
C13881,B,No
C13882,B,No
C13883,B,No
C13884,A,No
C13885,B,No
C13886,B,No
C13887,A,No
C13888,A,No
C13889,A,No
C13890,B,Yes
C13891,B,No
C13892,B,No
C13893,B,No
C13894,A,No
C13895,B,No
C13896,A,No
C13897,A,No
C13898,B,No
C13899,A,No
C13900,A,No
C13901,A,No
C13902,B,No
C13903,A,No
C13904,B,No
C13905,B,No
C13906,A,No
C13907,B,Yes
C13908,B,No
C13909,A,No
C13910,A,No
C13911,B,No
C13912,B,No
C13913,B,No
C13914,B,No
C13915,B,No
C13916,B,No
C13917,A,No
C13918,B,No
C13919,B,No
C13920,A,No
C13921,A,No
C13922,A,No
C13923,B,No
C13924,B,Yes
C13925,A,No
C13926,B,No
C13927,B,No
C13928,B,No
C13929,A,No
C13930,A,No
C13931,A,No
C13932,A,No
C13933,B,No
C13934,A,No
C13935,B,No
C13936,B,No
C13937,B,No
C13938,B,No
C13939,B,No
C13940,B,No
C13941,A,No
C13942,B,No
C13943,A,No
C13944,A,No
C13945,A,No
C13946,A,No
C13947,B,No
C13948,B,No
C13949,B,No
C13950,B,No
C13951,A,No
C13952,B,No
C13953,A,No
C13954,B,No
C13955,B,No
C13956,B,No
C13957,B,No
C13958,B,No
C13959,B,No
C13960,A,No
C13961,A,No
C13962,A,No
C13963,B,No
C13964,B,No
C13965,A,No
C13966,B,No
C13967,B,No
C13968,A,No
C13969,A,No
C13970,A,Yes
C13971,B,No
C13972,B,No
C13973,B,Yes
C13974,B,No
C13975,A,No
C13976,A,No
C13977,A,No
C13978,B,No
C13979,A,No
C13980,A,No
C13981,A,No
C13982,A,No
C13983,B,No
C13984,A,No
C13985,A,No
C13986,B,No
C13987,A,No
C13988,A,No
C13989,A,No
C13990,B,No
C13991,B,No
C13992,B,No
C13993,A,No
C13994,A,No
C13995,B,No
C13996,B,No
C13997,A,No
C13998,A,No
C13999,B,No
C14000,B,No
C14001,B,No
C14002,B,No
C14003,A,No
C14004,A,No
C14005,B,No
C14006,A,No
C14007,B,No
C14008,A,Yes
C14009,B,No
C14010,B,No
C14011,A,Yes
C14012,B,No
C14013,B,No
C14014,A,No
C14015,A,No
C14016,A,No
C14017,B,No
C14018,A,No
C14019,B,No
C14020,A,No
C14021,A,No
C14022,A,No
C14023,B,No
C14024,A,No
C14025,A,No
C14026,B,No
C14027,B,No
C14028,A,No
C14029,B,No
C14030,B,No
C14031,A,No
C14032,A,No
C14033,B,No
C14034,B,No
C14035,B,No
C14036,B,No
C14037,B,No
C14038,A,No
C14039,B,No
C14040,A,No
C14041,A,No
C14042,A,No
C14043,A,Yes
C14044,A,No
C14045,A,No
C14046,A,No
C14047,A,No
C14048,A,No
C14049,A,No
C14050,A,No
C14051,A,No
C14052,A,No
C14053,A,No
C14054,B,No
C14055,A,No
C14056,B,No
C14057,A,No
C14058,B,No
C14059,A,No
C14060,B,No
C14061,B,No
C14062,A,No
C14063,A,No
C14064,A,No
C14065,B,No
C14066,A,No
C14067,A,No
C14068,A,No
C14069,B,No
C14070,B,No
C14071,B,No
C14072,B,No
C14073,B,No
C14074,A,No
C14075,A,No
C14076,A,No
C14077,B,No
C14078,B,No
C14079,A,No
C14080,A,No
C14081,B,No
C14082,B,No
C14083,A,No
C14084,B,No
C14085,B,No
C14086,A,No
C14087,A,No
C14088,B,Yes
C14089,B,No
C14090,B,No
C14091,B,No
C14092,A,No
C14093,B,No
C14094,B,No
C14095,A,No
C14096,A,No
C14097,A,No
C14098,A,No
C14099,A,No
C14100,A,No
C14101,A,No
C14102,B,No
C14103,B,No
C14104,A,No
C14105,B,No
C14106,B,No
C14107,A,No
C14108,A,No
C14109,B,No
C14110,B,No
C14111,A,No
C14112,A,No
C14113,B,No
C14114,A,No
C14115,A,No
C14116,A,No
C14117,B,No
C14118,A,No
C14119,B,No
C14120,A,No
C14121,B,No
C14122,B,No
C14123,A,No
C14124,B,No
C14125,A,No
C14126,A,No
C14127,B,No
C14128,A,No
C14129,B,No
C14130,A,No
C14131,A,No
C14132,B,No
C14133,A,No
C14134,B,No
C14135,A,No
C14136,A,No
C14137,B,No
C14138,B,No
C14139,A,No
C14140,B,No
C14141,A,No
C14142,A,No
C14143,A,No
C14144,A,No
C14145,B,No
C14146,B,No
C14147,B,No
C14148,A,No
C14149,A,No
C14150,A,No
C14151,B,No
C14152,A,No
C14153,A,No
C14154,A,No
C14155,B,No
C14156,A,No
C14157,B,No
C14158,B,No
C14159,A,No
C14160,B,No
C14161,A,No
C14162,A,No
C14163,B,No
C14164,A,No
C14165,A,No
C14166,B,No
C14167,B,No
C14168,A,No
C14169,A,No
C14170,B,No
C14171,A,No
C14172,B,No
C14173,A,No
C14174,A,No
C14175,A,No
C14176,A,No
C14177,A,No
C14178,A,No
C14179,A,No
C14180,B,No
C14181,A,No
C14182,A,No
C14183,A,No
C14184,B,No
C14185,A,No
C14186,B,No
C14187,A,Yes
C14188,A,No
C14189,B,No
C14190,A,No
C14191,A,Yes
C14192,B,No
C14193,B,No
C14194,B,No
C14195,B,No
C14196,A,No
C14197,B,No
C14198,A,No
C14199,A,No
C14200,B,No
C14201,B,No
C14202,A,No
C14203,A,No
C14204,B,No
C14205,A,No
C14206,A,No
C14207,A,No
C14208,A,No
C14209,A,No
C14210,A,No
C14211,B,No
C14212,B,No
C14213,A,No
C14214,A,No
C14215,B,No
C14216,A,No
C14217,B,No
C14218,A,No
C14219,A,No
C14220,A,No
C14221,A,No
C14222,A,No
C14223,B,No
C14224,B,No
C14225,A,No
C14226,A,No
C14227,A,No
C14228,B,No
C14229,B,No
C14230,B,No
C14231,A,No
C14232,A,No
C14233,B,No
C14234,A,No
C14235,B,No
C14236,B,No
C14237,A,No
C14238,A,No
C14239,B,No
C14240,B,No
C14241,B,No
C14242,B,No
C14243,B,No
C14244,A,No
C14245,A,No
C14246,B,No
C14247,A,Yes
C14248,B,No
C14249,B,No
C14250,A,No
C14251,A,No
C14252,A,No
C14253,A,No
C14254,B,No
C14255,A,No
C14256,A,Yes
C14257,A,No
C14258,B,No
C14259,A,No
C14260,A,No
C14261,A,No
C14262,B,No
C14263,A,No
C14264,B,No
C14265,B,No
C14266,B,No
C14267,A,No
C14268,A,No
C14269,B,No
C14270,B,No
C14271,B,No
C14272,B,No
C14273,B,No
C14274,A,No
C14275,A,Yes
C14276,A,No
C14277,B,No
C14278,B,No
C14279,A,No
C14280,B,No
C14281,A,No
C14282,A,No
C14283,B,No
C14284,A,No
C14285,A,No
C14286,B,No
C14287,A,No
C14288,B,No
C14289,A,No
C14290,B,No
C14291,B,No
C14292,A,No
C14293,A,No
C14294,B,No
C14295,A,No
C14296,B,No
C14297,A,No
C14298,B,No
C14299,B,Yes
C14300,A,No
C14301,B,No
C14302,A,No
C14303,B,No
C14304,B,No
C14305,B,No
C14306,A,No
C14307,A,Yes
C14308,A,No
C14309,A,No
C14310,A,No
C14311,A,No
C14312,A,No
C14313,B,No
C14314,A,No
C14315,A,No
C14316,A,No
C14317,A,No
C14318,B,No
C14319,A,No
C14320,B,No
C14321,A,No
C14322,A,Yes
C14323,A,No
C14324,A,No
C14325,A,No
C14326,B,No
C14327,A,No
C14328,A,No
C14329,B,No
C14330,B,No
C14331,A,No
C14332,B,No
C14333,A,No
C14334,A,No
C14335,A,No
C14336,B,No
C14337,A,No
C14338,A,No
C14339,B,No
C14340,A,No
C14341,A,No
C14342,A,No
C14343,A,Yes
C14344,B,No
C14345,B,No
C14346,A,No
C14347,A,No
C14348,A,No
C14349,A,No
C14350,B,No
C14351,A,No
C14352,B,No
C14353,B,Yes
C14354,A,No
C14355,B,No
C14356,B,Yes
C14357,A,No
C14358,B,Yes
C14359,B,No
C14360,B,No
C14361,A,No
C14362,B,No
C14363,A,No
C14364,B,No
C14365,A,No
C14366,B,No
C14367,B,No
C14368,A,No
C14369,B,No
C14370,B,No
C14371,A,No
C14372,A,No
C14373,B,No
C14374,A,No
C14375,A,No
C14376,A,No
C14377,B,No
C14378,B,No
C14379,B,No
C14380,A,No
C14381,B,No
C14382,A,No
C14383,A,No
C14384,B,No
C14385,A,No
C14386,A,No
C14387,A,No
C14388,A,No
C14389,A,No
C14390,B,No
C14391,A,No
C14392,B,No
C14393,B,No
C14394,A,No
C14395,A,No
C14396,B,No
C14397,B,No
C14398,B,No
C14399,B,No
C14400,A,No
C14401,A,No
C14402,A,No
C14403,A,No
C14404,B,No
C14405,A,No
C14406,B,No
C14407,B,Yes
C14408,B,No
C14409,B,No
C14410,B,No
C14411,A,No
C14412,B,No
C14413,A,No
C14414,B,Yes
C14415,B,No
C14416,A,No
C14417,A,No
C14418,B,No
C14419,A,Yes
C14420,B,No
C14421,B,No
C14422,A,No
C14423,A,No
C14424,B,No
C14425,A,No
C14426,A,No
C14427,B,No
C14428,A,No
C14429,B,No
C14430,A,No
C14431,A,No
C14432,B,No
C14433,B,No
C14434,A,Yes
C14435,A,No
C14436,B,No
C14437,B,No
C14438,B,No
C14439,B,No
C14440,B,No
C14441,B,No
C14442,B,No
C14443,B,No
C14444,A,No
C14445,A,No
C14446,A,No
C14447,A,Yes
C14448,B,Yes
C14449,B,No
C14450,B,No
C14451,A,No
C14452,B,No
C14453,B,No
C14454,A,No
C14455,A,No
C14456,A,Yes
C14457,B,No
C14458,A,No
C14459,A,No
C14460,B,No
C14461,B,No
C14462,A,No
C14463,B,No
C14464,B,No
C14465,B,No
C14466,B,No
C14467,A,No
C14468,A,No
C14469,A,No
C14470,B,No
C14471,A,No
C14472,A,No
C14473,A,No
C14474,A,No
C14475,B,No
C14476,B,No
C14477,A,No
C14478,B,No
C14479,B,No
C14480,B,No
C14481,B,No
C14482,A,No
C14483,A,No
C14484,B,No
C14485,B,Yes
C14486,A,No
C14487,B,No
C14488,B,No
C14489,B,No
C14490,B,No
C14491,B,No
C14492,A,No
C14493,A,No
C14494,B,No
C14495,A,Yes
C14496,A,No
C14497,B,No
C14498,A,No
C14499,A,No
C14500,A,No
C14501,A,No
C14502,B,No
C14503,B,No
C14504,A,No
C14505,B,No
C14506,B,No
C14507,A,No
C14508,A,No
C14509,B,No
C14510,B,No
C14511,B,No
C14512,A,No
C14513,A,No
C14514,B,No
C14515,B,No
C14516,B,No
C14517,A,No
C14518,A,No
C14519,B,No
C14520,B,No
C14521,B,No
C14522,A,No
C14523,A,No
C14524,A,No
C14525,B,No
C14526,A,No
C14527,B,No
C14528,A,No
C14529,A,No
C14530,B,No
C14531,A,No
C14532,B,No
C14533,A,No
C14534,A,No
C14535,B,No
C14536,B,No
C14537,B,No
C14538,A,No
C14539,B,No
C14540,A,No
C14541,A,No
C14542,A,No
C14543,A,No
C14544,B,No
C14545,A,No
C14546,B,No
C14547,A,No
C14548,A,No
C14549,A,No
C14550,A,No
C14551,B,No
C14552,B,No
C14553,B,No
C14554,B,No
C14555,A,No
C14556,A,No
C14557,B,No
C14558,A,No
C14559,B,No
C14560,A,No
C14561,A,No
C14562,B,No
C14563,B,No
C14564,A,No
C14565,A,No
C14566,B,No
C14567,A,No
C14568,A,No
C14569,B,No
C14570,A,No
C14571,B,No
C14572,A,No
C14573,A,No
C14574,B,No
C14575,B,No
C14576,A,No
C14577,A,No
C14578,B,No
C14579,B,No
C14580,B,Yes
C14581,B,No
C14582,B,No
C14583,B,No
C14584,A,No
C14585,A,No
C14586,B,No
C14587,B,No
C14588,B,No
C14589,A,No
C14590,A,No
C14591,A,No
C14592,B,No
C14593,A,No
C14594,B,No
C14595,B,No
C14596,A,No
C14597,A,No
C14598,A,No
C14599,B,No
C14600,A,No
C14601,B,No
C14602,B,No
C14603,B,No
C14604,B,No
C14605,A,No
C14606,A,No
C14607,B,Yes
C14608,A,No
C14609,A,No
C14610,A,No
C14611,A,No
C14612,B,No
C14613,B,No
C14614,B,Yes
C14615,A,No
C14616,A,No
C14617,A,No
C14618,B,No
C14619,A,No
C14620,A,No
C14621,A,No
C14622,A,No
C14623,B,No
C14624,B,No
C14625,B,No
C14626,B,No
C14627,B,No
C14628,A,No
C14629,A,No
C14630,B,Yes
C14631,B,No
C14632,A,No
C14633,B,No
C14634,B,No
C14635,B,No
C14636,A,No
C14637,B,No
C14638,A,No
C14639,A,No
C14640,B,No
C14641,B,No
C14642,B,No
C14643,A,No
C14644,B,No
C14645,A,No
C14646,B,No
C14647,B,No
C14648,B,No
C14649,A,No
C14650,A,No
C14651,A,No
C14652,B,No
C14653,A,No
C14654,B,No
C14655,B,No
C14656,B,No
C14657,B,Yes
C14658,B,No
C14659,B,No
C14660,B,No
C14661,B,No
C14662,A,No
C14663,B,No
C14664,B,No
C14665,A,No
C14666,A,No
C14667,B,No
C14668,A,No
C14669,B,No
C14670,A,No
C14671,B,No
C14672,B,No
C14673,B,No
C14674,A,No
C14675,B,No
C14676,B,No
C14677,B,No
C14678,A,No
C14679,B,No
C14680,B,No
C14681,A,No
C14682,A,Yes
C14683,A,No
C14684,A,No
C14685,B,Yes
C14686,B,No
C14687,A,No
C14688,A,No
C14689,A,No
C14690,A,No
C14691,A,No
C14692,A,No
C14693,B,No
C14694,B,No
C14695,B,No
C14696,A,No
C14697,B,No
C14698,B,No
C14699,B,No
C14700,A,No
C14701,A,No
C14702,A,No
C14703,A,No
C14704,B,No
C14705,B,No
C14706,A,No
C14707,B,No
C14708,A,No
C14709,B,No
C14710,B,No
C14711,B,No
C14712,A,No
C14713,A,No
C14714,B,No
C14715,B,No
C14716,B,No
C14717,A,No
C14718,B,No
C14719,B,No
C14720,A,No
C14721,B,No
C14722,B,No
C14723,B,No
C14724,A,No
C14725,B,No
C14726,B,No
C14727,B,No
C14728,A,No
C14729,A,No
C14730,A,No
C14731,B,No
C14732,A,No
C14733,B,No
C14734,A,Yes
C14735,B,No
C14736,B,No
C14737,B,No
C14738,B,No
C14739,A,No
C14740,A,No
C14741,A,No
C14742,A,No
C14743,A,No
C14744,A,No
C14745,B,No
C14746,A,No
C14747,B,No
C14748,A,No
C14749,A,No
C14750,B,No
C14751,B,No
C14752,A,No
C14753,B,No
C14754,B,No
C14755,A,No
C14756,B,No
C14757,A,No
C14758,B,No
C14759,A,No
C14760,B,No
C14761,A,No
C14762,A,No
C14763,A,No
C14764,A,No
C14765,A,No
C14766,B,No
C14767,B,No
C14768,A,No
C14769,A,No
C14770,A,No
C14771,B,No
C14772,B,No
C14773,B,No
C14774,A,No
C14775,A,No
C14776,B,No
C14777,B,Yes
C14778,A,No
C14779,B,No
C14780,A,No
C14781,B,No
C14782,B,No
C14783,A,No
C14784,B,No
C14785,A,No
C14786,B,No
C14787,B,No
C14788,A,No
C14789,B,Yes
C14790,A,No
C14791,A,No
C14792,B,No
C14793,A,No
C14794,B,No
C14795,B,No
C14796,B,No
C14797,B,No
C14798,A,No
C14799,A,No
C14800,B,No
C14801,A,No
C14802,A,No
C14803,B,No
C14804,B,No
C14805,A,No
C14806,A,No
C14807,A,No
C14808,B,No
C14809,B,No
C14810,B,No
C14811,A,No
C14812,B,No
C14813,A,No
C14814,B,No
C14815,A,No
C14816,A,No
C14817,A,No
C14818,B,No
C14819,A,No
C14820,B,No
C14821,B,No
C14822,B,No
C14823,B,No
C14824,B,No
C14825,B,No
C14826,A,No
C14827,B,No
C14828,B,No
C14829,A,No
C14830,B,No
C14831,B,No
C14832,A,No
C14833,A,No
C14834,A,No
C14835,A,No
C14836,B,No
C14837,B,No
C14838,B,No
C14839,B,No
C14840,A,No
C14841,A,No
C14842,A,No
C14843,B,No
C14844,B,No
C14845,A,No
C14846,A,No
C14847,B,No
C14848,B,No
C14849,A,No
C14850,A,No
C14851,A,No
C14852,A,No
C14853,A,No
C14854,A,No
C14855,A,No
C14856,A,No
C14857,A,No
C14858,A,No
C14859,A,No
C14860,B,No
C14861,A,No
C14862,B,No
C14863,B,No
C14864,A,No
C14865,B,No
C14866,A,No
C14867,A,No
C14868,A,No
C14869,A,No
C14870,A,No
C14871,B,No
C14872,B,No
C14873,A,No
C14874,B,No
C14875,A,No
C14876,A,No
C14877,A,No
C14878,A,No
C14879,B,Yes
C14880,A,No
C14881,A,No
C14882,A,No
C14883,A,No
C14884,A,No
C14885,A,No
C14886,A,No
C14887,A,No
C14888,B,No
C14889,B,No
C14890,A,No
C14891,A,No
C14892,B,No
C14893,B,No
C14894,A,No
C14895,B,No
C14896,B,No
C14897,A,No
C14898,B,No
C14899,A,No
C14900,B,No
C14901,A,No
C14902,B,No
C14903,B,No
C14904,B,No
C14905,B,No
C14906,B,No
C14907,B,No
C14908,A,No
C14909,A,No
C14910,A,No
C14911,A,Yes
C14912,A,Yes
C14913,A,No
C14914,A,No
C14915,A,No
C14916,A,No
C14917,A,No
C14918,B,No
C14919,A,Yes
C14920,A,No
C14921,A,No
C14922,B,No
C14923,B,No
C14924,B,No
C14925,A,No
C14926,B,No
C14927,B,No
C14928,A,No
C14929,A,No
C14930,A,No
C14931,B,Yes
C14932,B,No
C14933,A,No
C14934,A,No
C14935,A,No
C14936,B,No
C14937,B,No
C14938,A,No
C14939,B,No
C14940,B,No
C14941,A,No
C14942,B,No
C14943,B,No
C14944,A,No
C14945,A,No
C14946,A,No
C14947,A,No
C14948,B,No
C14949,B,No
C14950,B,No
C14951,B,No
C14952,B,No
C14953,A,No
C14954,B,No
C14955,A,No
C14956,B,No
C14957,A,No
C14958,B,No
C14959,B,No
C14960,B,No
C14961,B,No
C14962,A,No
C14963,B,No
C14964,B,No
C14965,B,No
C14966,A,No
C14967,A,No
C14968,A,No
C14969,B,No
C14970,A,No
C14971,A,No
C14972,A,No
C14973,B,No
C14974,B,No
C14975,B,No
C14976,A,No
C14977,A,No
C14978,A,No
C14979,A,Yes
C14980,A,No
C14981,A,No
C14982,A,No
C14983,A,No
C14984,A,No
C14985,B,No
C14986,B,No
C14987,B,Yes
C14988,A,No
C14989,B,No
C14990,A,No
C14991,B,No
C14992,B,No
C14993,B,No
C14994,B,No
C14995,B,No
C14996,A,No
C14997,B,No
C14998,A,No
C14999,A,No
C15000,A,No
C15001,B,No
C15002,B,No
C15003,B,No
C15004,B,Yes
C15005,A,No
C15006,A,No
C15007,A,No
C15008,A,No
C15009,B,No
C15010,B,No
C15011,B,No
C15012,A,No
C15013,B,No
C15014,B,No
C15015,B,No
C15016,B,No
C15017,B,No
C15018,A,No
C15019,A,No
C15020,B,No
C15021,B,No
C15022,B,No
C15023,A,No
C15024,A,No
C15025,A,No
C15026,B,No
C15027,B,No
C15028,B,No
C15029,A,No
C15030,B,No
C15031,B,No
C15032,B,No
C15033,A,No
C15034,B,No
C15035,B,No
C15036,B,No
C15037,B,No
C15038,B,No
C15039,B,No
C15040,B,No
C15041,B,No
C15042,A,No
C15043,A,No
C15044,A,No
C15045,A,No
C15046,A,No
C15047,A,No
C15048,B,No
C15049,B,No
C15050,B,No
C15051,B,No
C15052,B,No
C15053,A,No
C15054,A,No
C15055,A,No
C15056,B,No
C15057,B,No
C15058,B,No
C15059,B,No
C15060,A,No
C15061,A,No
C15062,A,No
C15063,B,No
C15064,B,No
C15065,B,No
C15066,A,No
C15067,B,Yes
C15068,A,No
C15069,A,No
C15070,B,No
C15071,B,No
C15072,A,No
C15073,B,No
C15074,A,No
C15075,A,No
C15076,B,Yes
C15077,A,No
C15078,A,No
C15079,A,No
C15080,A,No
C15081,B,No
C15082,A,No
C15083,B,No
C15084,B,No
C15085,A,No
C15086,A,No
C15087,B,No
C15088,A,No
C15089,A,No
C15090,B,Yes
C15091,A,No
C15092,B,No
C15093,B,No
C15094,B,No
C15095,B,Yes
C15096,A,No
C15097,B,No
C15098,B,No
C15099,A,No
C15100,A,No
C15101,A,No
C15102,A,No
C15103,B,Yes
C15104,A,No
C15105,A,No
C15106,A,No
C15107,B,No
C15108,A,No
C15109,A,No
C15110,A,No
C15111,A,No
C15112,B,No
C15113,A,No
C15114,B,No
C15115,A,No
C15116,A,No
C15117,B,No
C15118,A,No
C15119,B,No
C15120,A,No
C15121,A,No
C15122,A,Yes
C15123,B,No
C15124,B,No
C15125,A,No
C15126,B,No
C15127,A,No
C15128,B,Yes
C15129,B,No
C15130,B,No
C15131,B,No
C15132,B,Yes
C15133,B,No
C15134,A,No
C15135,A,No
C15136,B,No
C15137,A,No
C15138,B,No
C15139,A,No
C15140,A,No
C15141,B,Yes
C15142,A,Yes
C15143,B,No
C15144,A,No
C15145,B,Yes
C15146,B,No
C15147,B,No
C15148,B,No
C15149,A,No
C15150,A,No
C15151,A,No
C15152,B,No
C15153,B,No
C15154,B,No
C15155,B,No
C15156,A,No
C15157,B,No
C15158,A,No
C15159,A,No
C15160,A,No
C15161,B,No
C15162,B,No
C15163,B,No
C15164,A,No
C15165,B,No
C15166,A,No
C15167,B,No
C15168,A,No
C15169,A,No
C15170,A,No
C15171,B,No
C15172,B,No
C15173,B,No
C15174,A,No
C15175,B,No
C15176,B,No
C15177,B,No
C15178,B,No
C15179,B,No
C15180,A,No
C15181,B,No
C15182,A,No
C15183,A,No
C15184,A,No
C15185,B,No
C15186,A,No
C15187,B,No
C15188,B,No
C15189,A,No
C15190,A,Yes
C15191,A,No
C15192,B,No
C15193,A,No
C15194,B,No
C15195,B,No
C15196,A,No
C15197,B,No
C15198,A,No
C15199,A,No
C15200,B,No
C15201,A,No
C15202,B,No
C15203,A,Yes
C15204,A,No
C15205,A,No
C15206,A,No
C15207,A,No
C15208,A,Yes
C15209,A,No
C15210,B,No
C15211,B,No
C15212,A,No
C15213,A,No
C15214,A,No
C15215,A,No
C15216,B,No
C15217,B,No
C15218,A,No
C15219,A,No
C15220,A,No
C15221,B,No
C15222,B,No
C15223,A,No
C15224,B,No
C15225,A,No
C15226,A,Yes
C15227,B,No
C15228,A,No
C15229,A,No
C15230,A,No
C15231,B,No
C15232,B,No
C15233,B,No
C15234,A,No
C15235,A,No
C15236,B,No
C15237,A,No
C15238,B,Yes
C15239,A,No
C15240,B,Yes
C15241,A,No
C15242,A,No
C15243,A,No
C15244,A,No
C15245,B,No
C15246,A,No
C15247,A,No
C15248,B,No
C15249,B,No
C15250,B,No
C15251,A,Yes
C15252,A,No
C15253,B,No
C15254,B,No
C15255,B,No
C15256,B,No
C15257,B,No
C15258,A,No
C15259,A,No
C15260,B,No
C15261,A,No
C15262,A,No
C15263,B,No
C15264,B,No
C15265,B,No
C15266,A,No
C15267,A,No
C15268,B,No
C15269,A,No
C15270,B,No
C15271,B,No
C15272,A,No
C15273,A,Yes
C15274,B,No
C15275,A,No
C15276,B,No
C15277,B,No
C15278,A,No
C15279,A,No
C15280,B,No
C15281,B,No
C15282,A,No
C15283,A,No
C15284,B,No
C15285,B,No
C15286,A,No
C15287,A,No
C15288,B,No
C15289,B,No
C15290,B,No
C15291,A,No
C15292,A,No
C15293,A,No
C15294,A,Yes
C15295,A,No
C15296,B,No
C15297,B,No
C15298,A,No
C15299,B,No
C15300,A,No
C15301,A,No
C15302,B,No
C15303,B,No
C15304,A,No
C15305,B,No
C15306,A,No
C15307,B,No
C15308,A,No
C15309,A,No
C15310,A,No
C15311,A,No
C15312,A,Yes
C15313,B,No
C15314,A,Yes
C15315,B,No
C15316,A,No
C15317,A,No
C15318,B,No
C15319,B,No
C15320,B,No
C15321,B,No
C15322,A,No
C15323,A,No
C15324,A,No
C15325,A,No
C15326,A,No
C15327,A,No
C15328,B,No
C15329,B,No
C15330,A,No
C15331,A,No
C15332,B,No
C15333,A,No
C15334,A,No
C15335,A,No
C15336,B,No
C15337,A,No
C15338,B,No
C15339,B,No
C15340,A,No
C15341,A,No
C15342,A,Yes
C15343,B,No
C15344,A,No
C15345,B,No
C15346,B,No
C15347,B,No
C15348,A,No
C15349,B,Yes
C15350,A,No
C15351,B,No
C15352,A,No
C15353,B,No
C15354,A,No
C15355,B,No
C15356,A,No
C15357,B,No
C15358,B,No
C15359,A,No
C15360,A,Yes
C15361,B,No
C15362,A,No
C15363,A,No
C15364,A,No
C15365,B,No
C15366,B,No
C15367,A,No
C15368,B,No
C15369,B,Yes
C15370,B,No
C15371,B,No
C15372,A,No
C15373,B,No
C15374,A,No
C15375,B,No
C15376,A,No
C15377,B,No
C15378,A,No
C15379,B,No
C15380,B,No
C15381,B,No
C15382,B,No
C15383,B,No
C15384,B,No
C15385,B,No
C15386,B,No
C15387,A,No
C15388,A,No
C15389,A,No
C15390,A,No
C15391,B,No
C15392,B,No
C15393,B,No
C15394,B,No
C15395,A,No
C15396,B,No
C15397,B,No
C15398,A,No
C15399,A,No
C15400,A,No
C15401,A,No
C15402,B,No
C15403,B,Yes
C15404,B,No
C15405,B,Yes
C15406,B,No
C15407,A,No
C15408,A,No
C15409,A,No
C15410,A,No
C15411,B,No
C15412,A,No
C15413,B,No
C15414,B,No
C15415,B,Yes
C15416,B,No
C15417,B,No
C15418,B,No
C15419,B,No
C15420,B,No
C15421,B,No
C15422,A,No
C15423,A,No
C15424,B,No
C15425,A,No
C15426,B,No
C15427,B,No
C15428,A,No
C15429,A,No
C15430,A,No
C15431,B,No
C15432,B,No
C15433,B,No
C15434,B,No
C15435,A,No
C15436,A,No
C15437,B,No
C15438,B,No
C15439,A,No
C15440,A,No
C15441,A,No
C15442,B,No
C15443,B,Yes
C15444,A,No
C15445,A,No
C15446,B,No
C15447,B,No
C15448,B,No
C15449,A,Yes
C15450,B,No
C15451,A,No
C15452,B,No
C15453,A,No
C15454,B,No
C15455,B,No
C15456,B,No
C15457,A,No
C15458,B,No
C15459,A,No
C15460,B,No
C15461,B,No
C15462,B,No
C15463,A,No
C15464,A,No
C15465,B,No
C15466,A,No
C15467,B,No
C15468,B,No
C15469,B,No
C15470,A,No
C15471,A,No
C15472,A,No
C15473,B,No
C15474,A,No
C15475,B,No
C15476,B,No
C15477,A,No
C15478,A,No
C15479,A,No
C15480,A,No
C15481,B,No
C15482,A,No
C15483,B,No
C15484,A,No
C15485,A,No
C15486,A,No
C15487,B,No
C15488,A,No
C15489,B,No
C15490,B,No
C15491,A,No
C15492,A,No
C15493,A,No
C15494,B,No
C15495,B,No
C15496,A,No
C15497,B,No
C15498,A,No
C15499,B,No
C15500,B,No
C15501,B,No
C15502,B,No
C15503,B,Yes
C15504,A,No
C15505,A,No
C15506,A,No
C15507,B,No
C15508,A,No
C15509,B,No
C15510,B,No
C15511,A,No
C15512,B,No
C15513,A,No
C15514,B,No
C15515,A,No
C15516,A,No
C15517,A,No
C15518,B,No
C15519,A,No
C15520,A,No
C15521,B,No
C15522,B,No
C15523,A,No
C15524,A,No
C15525,B,No
C15526,A,No
C15527,A,No
C15528,B,No
C15529,A,No
C15530,A,No
C15531,A,No
C15532,B,No
C15533,B,No
C15534,B,No
C15535,B,Yes
C15536,B,No
C15537,A,No
C15538,A,No
C15539,A,No
C15540,A,No
C15541,A,No
C15542,B,No
C15543,A,No
C15544,A,No
C15545,A,No
C15546,B,No
C15547,A,No
C15548,A,No
C15549,A,No
C15550,B,No
C15551,A,No
C15552,B,No
C15553,A,No
C15554,B,No
C15555,A,No
C15556,A,No
C15557,B,No
C15558,B,No
C15559,A,No
C15560,B,No
C15561,A,No
C15562,B,No
C15563,B,No
C15564,B,No
C15565,A,No
C15566,B,No
C15567,A,No
C15568,B,No
C15569,A,No
C15570,B,No
C15571,A,No
C15572,A,No
C15573,A,No
C15574,B,No
C15575,A,No
C15576,A,No
C15577,A,No
C15578,B,No
C15579,A,No
C15580,B,No
C15581,A,No
C15582,B,No
C15583,A,No
C15584,B,No
C15585,A,No
C15586,B,No
C15587,A,No
C15588,B,No
C15589,B,No
C15590,B,No
C15591,B,No
C15592,B,No
C15593,A,No
C15594,A,No
C15595,B,No
C15596,A,No
C15597,A,No
C15598,A,No
C15599,B,No
C15600,B,No
C15601,B,No
C15602,B,No
C15603,A,No
C15604,A,No
C15605,A,No
C15606,A,No
C15607,A,No
C15608,B,No
C15609,A,No
C15610,B,No
C15611,B,No
C15612,A,No
C15613,A,No
C15614,A,No
C15615,A,No
C15616,B,Yes
C15617,B,No
C15618,A,No
C15619,B,No
C15620,B,No
C15621,B,No
C15622,A,No
C15623,A,No
C15624,B,No
C15625,B,No
C15626,B,Yes
C15627,B,No
C15628,B,No
C15629,B,No
C15630,B,No
C15631,A,No
C15632,A,No
C15633,A,No
C15634,A,No
C15635,B,No
C15636,B,No
C15637,A,No
C15638,B,No
C15639,A,No
C15640,B,No
C15641,A,No
C15642,A,No
C15643,B,No
C15644,B,No
C15645,B,No
C15646,A,No
C15647,A,No
C15648,A,No
C15649,B,No
C15650,B,No
C15651,A,No
C15652,B,No
C15653,B,No
C15654,A,No
C15655,B,No
C15656,B,No
C15657,B,No
C15658,A,No
C15659,A,No
C15660,A,No
C15661,B,No
C15662,B,No
C15663,B,No
C15664,A,Yes
C15665,B,No
C15666,A,Yes
C15667,B,No
C15668,B,No
C15669,B,No
C15670,B,No
C15671,A,No
C15672,A,No
C15673,B,No
C15674,A,No
C15675,B,No
C15676,B,No
C15677,A,No
C15678,B,No
C15679,B,No
C15680,B,No
C15681,B,No
C15682,B,No
C15683,B,No
C15684,A,No
C15685,B,No
C15686,A,No
C15687,B,No
C15688,A,No
C15689,B,Yes
C15690,B,No
C15691,B,No
C15692,A,No
C15693,B,No
C15694,A,No
C15695,A,Yes
C15696,A,No
C15697,A,No
C15698,A,No
C15699,A,No
C15700,B,No
C15701,B,No
C15702,B,No
C15703,A,Yes
C15704,A,No
C15705,B,No
C15706,B,No
C15707,A,No
C15708,B,No
C15709,A,No
C15710,B,No
C15711,B,Yes
C15712,A,No
C15713,B,No
C15714,B,No
C15715,A,No
C15716,A,No
C15717,B,No
C15718,B,Yes
C15719,A,No
C15720,A,No
C15721,B,No
C15722,A,No
C15723,A,No
C15724,A,Yes
C15725,A,No
C15726,B,No
C15727,B,No
C15728,B,No
C15729,A,No
C15730,B,No
C15731,B,No
C15732,B,No
C15733,A,Yes
C15734,B,No
C15735,B,No
C15736,A,No
C15737,B,No
C15738,B,Yes
C15739,A,No
C15740,A,No
C15741,A,No
C15742,A,No
C15743,B,No
C15744,A,No
C15745,B,No
C15746,B,No
C15747,B,No
C15748,A,No
C15749,A,No
C15750,A,No
C15751,B,No
C15752,A,No
C15753,B,No
C15754,A,No
C15755,A,Yes
C15756,B,No
C15757,A,No
C15758,B,No
C15759,B,No
C15760,A,No
C15761,B,No
C15762,B,No
C15763,A,No
C15764,B,No
C15765,A,No
C15766,B,No
C15767,B,No
C15768,A,No
C15769,A,No
C15770,B,No
C15771,B,No
C15772,B,No
C15773,A,No
C15774,A,No
C15775,B,No
C15776,B,No
C15777,A,No
C15778,B,No
C15779,A,No
C15780,B,No
C15781,A,No
C15782,B,Yes
C15783,B,No
C15784,B,No
C15785,B,No
C15786,B,No
C15787,A,No
C15788,B,No
C15789,B,No
C15790,A,No
C15791,A,No
C15792,A,No
C15793,B,No
C15794,A,No
C15795,A,No
C15796,A,No
C15797,A,No
C15798,A,No
C15799,B,No
C15800,A,No
C15801,A,No
C15802,A,No
C15803,B,No
C15804,B,No
C15805,A,No
C15806,A,No
C15807,A,No
C15808,B,No
C15809,A,No
C15810,B,No
C15811,A,No
C15812,B,No
C15813,B,No
C15814,B,No
C15815,B,No
C15816,B,No
C15817,B,No
C15818,A,No
C15819,A,No
C15820,A,Yes
C15821,A,No
C15822,B,No
C15823,B,No
C15824,B,No
C15825,B,No
C15826,B,Yes
C15827,A,No
C15828,B,No
C15829,A,No
C15830,B,No
C15831,A,Yes
C15832,B,No
C15833,A,No
C15834,B,No
C15835,A,No
C15836,A,No
C15837,B,No
C15838,B,No
C15839,A,No
C15840,A,No
C15841,A,No
C15842,B,No
C15843,B,No
C15844,A,No
C15845,B,No
C15846,B,No
C15847,A,No
C15848,A,No
C15849,B,No
C15850,B,No
C15851,B,No
C15852,A,No
C15853,A,Yes
C15854,B,No
C15855,A,No
C15856,B,No
C15857,A,No
C15858,B,No
C15859,B,No
C15860,A,No
C15861,A,No
C15862,A,No
C15863,A,No
C15864,B,No
C15865,B,No
C15866,A,Yes
C15867,B,No
C15868,B,No
C15869,B,No
C15870,B,No
C15871,B,No
C15872,B,No
C15873,A,No
C15874,B,No
C15875,B,No
C15876,A,No
C15877,B,No
C15878,A,Yes
C15879,A,No
C15880,A,No
C15881,A,No
C15882,A,No
C15883,A,No
C15884,A,No
C15885,A,No
C15886,A,No
C15887,B,Yes
C15888,A,No
C15889,B,No
C15890,B,No
C15891,B,No
C15892,A,No
C15893,A,No
C15894,A,No
C15895,B,No
C15896,B,No
C15897,A,No
C15898,A,No
C15899,A,No
C15900,A,No
C15901,B,No
C15902,B,Yes
C15903,B,No
C15904,B,No
C15905,B,No
C15906,A,No
C15907,A,No
C15908,A,No
C15909,A,Yes
C15910,A,No
C15911,B,No
C15912,B,No
C15913,B,No
C15914,A,No
C15915,B,No
C15916,B,No
C15917,A,No
C15918,B,No
C15919,B,No
C15920,A,No
C15921,B,No
C15922,B,Yes
C15923,B,No
C15924,A,No
C15925,A,No
C15926,B,No
C15927,A,No
C15928,B,No
C15929,A,No
C15930,A,No
C15931,B,No
C15932,A,No
C15933,A,No
C15934,A,No
C15935,A,No
C15936,A,No
C15937,A,No
C15938,B,No
C15939,B,Yes
C15940,B,No
C15941,A,No
C15942,B,No
C15943,B,No
C15944,B,No
C15945,A,No
C15946,B,No
C15947,B,Yes
C15948,B,No
C15949,B,No
C15950,B,No
C15951,B,No
C15952,A,No
C15953,B,No
C15954,B,No
C15955,B,No
C15956,B,No
C15957,A,No
C15958,A,No
C15959,A,No
C15960,A,No
C15961,B,No
C15962,A,Yes
C15963,B,No
C15964,A,No
C15965,B,No
C15966,B,No
C15967,B,No
C15968,B,No
C15969,B,No
C15970,B,No
C15971,A,No
C15972,B,No
C15973,A,No
C15974,B,No
C15975,B,No
C15976,B,No
C15977,A,No
C15978,B,No
C15979,B,No
C15980,A,No
C15981,B,No
C15982,B,No
C15983,A,Yes
C15984,B,No
C15985,A,Yes
C15986,A,No
C15987,A,No
C15988,B,No
C15989,B,No
C15990,A,No
C15991,A,No
C15992,B,No
C15993,B,No
C15994,B,No
C15995,A,Yes
C15996,A,No
C15997,A,No
C15998,A,No
C15999,A,No
C16000,A,No
C16001,A,No
C16002,B,No
C16003,A,No
C16004,A,No
C16005,A,No
C16006,B,No
C16007,B,No
C16008,A,No
C16009,A,No
C16010,A,No
C16011,B,No
C16012,A,No
C16013,A,No
C16014,A,Yes
C16015,A,No
C16016,A,No
C16017,A,No
C16018,A,No
C16019,A,No
C16020,A,No
C16021,B,No
C16022,B,No
C16023,B,No
C16024,B,No
C16025,B,No
C16026,B,No
C16027,B,No
C16028,A,No
C16029,B,No
C16030,A,No
C16031,B,No
C16032,B,No
C16033,A,No
C16034,A,No
C16035,B,Yes
C16036,B,Yes
C16037,A,No
C16038,A,No
C16039,A,No
C16040,A,No
C16041,A,No
C16042,A,No
C16043,B,No
C16044,B,No
C16045,A,No
C16046,B,Yes
C16047,B,No
C16048,A,No
C16049,A,No
C16050,B,No
C16051,A,No
C16052,B,No
C16053,A,No
C16054,A,No
C16055,B,No
C16056,B,No
C16057,A,No
C16058,B,No
C16059,A,No
C16060,A,No
C16061,A,No
C16062,B,No
C16063,A,No
C16064,A,No
C16065,A,No
C16066,A,No
C16067,A,No
C16068,A,No
C16069,A,No
C16070,A,No
C16071,B,No
C16072,B,No
C16073,A,No
C16074,B,No
C16075,B,No
C16076,B,No
C16077,B,No
C16078,A,No
C16079,B,No
C16080,A,Yes
C16081,B,No
C16082,A,No
C16083,B,Yes
C16084,B,No
C16085,A,No
C16086,A,No
C16087,B,No
C16088,A,No
C16089,A,No
C16090,A,No
C16091,B,No
C16092,A,No
C16093,B,No
C16094,B,No
C16095,B,No
C16096,B,No
C16097,B,No
C16098,B,No
C16099,B,No
C16100,A,No
C16101,B,No
C16102,B,No
C16103,B,No
C16104,B,No
C16105,A,No
C16106,B,No
C16107,A,No
C16108,B,No
C16109,A,Yes
C16110,A,No
C16111,B,No
C16112,A,No
C16113,A,No
C16114,A,No
C16115,B,No
C16116,A,No
C16117,B,No
C16118,B,No
C16119,B,No
C16120,A,No
C16121,A,Yes
C16122,A,No
C16123,A,No
C16124,A,No
C16125,B,No
C16126,B,No
C16127,A,No
C16128,B,No
C16129,A,No
C16130,A,No
C16131,B,No
C16132,B,No
C16133,B,No
C16134,A,Yes
C16135,B,No
C16136,B,Yes
C16137,B,No
C16138,B,No
C16139,B,No
C16140,B,No
C16141,B,No
C16142,A,No
C16143,A,No
C16144,A,Yes
C16145,B,No
C16146,B,No
C16147,B,No
C16148,B,No
C16149,B,No
C16150,A,No
C16151,B,No
C16152,B,No
C16153,A,No
C16154,A,No
C16155,A,No
C16156,A,No
C16157,A,No
C16158,A,No
C16159,B,No
C16160,A,No
C16161,A,No
C16162,A,No
C16163,A,No
C16164,B,No
C16165,A,No
C16166,A,No
C16167,A,No
C16168,B,No
C16169,A,No
C16170,B,Yes
C16171,B,No
C16172,A,No
C16173,A,No
C16174,B,No
C16175,A,No
C16176,A,Yes
C16177,B,No
C16178,A,Yes
C16179,B,No
C16180,B,No
C16181,B,No
C16182,A,No
C16183,A,No
C16184,A,Yes
C16185,A,No
C16186,B,No
C16187,A,No
C16188,B,No
C16189,A,No
C16190,A,No
C16191,B,No
C16192,A,No
C16193,B,No
C16194,A,No
C16195,A,No
C16196,A,No
C16197,A,No
C16198,A,No
C16199,A,No
C16200,A,No
C16201,A,No
C16202,A,No
C16203,B,No
C16204,A,No
C16205,A,No
C16206,B,No
C16207,A,No
C16208,A,No
C16209,A,No
C16210,A,No
C16211,A,No
C16212,A,No
C16213,B,No
C16214,B,Yes
C16215,B,No
C16216,B,No
C16217,B,No
C16218,A,No
C16219,A,No
C16220,A,No
C16221,B,No
C16222,B,No
C16223,A,No
C16224,B,No
C16225,A,Yes
C16226,A,No
C16227,A,No
C16228,B,No
C16229,A,No
C16230,A,No
C16231,A,No
C16232,B,No
C16233,A,No
C16234,B,No
C16235,A,No
C16236,B,Yes
C16237,A,No
C16238,A,No
C16239,A,Yes
C16240,A,No
C16241,B,No
C16242,B,No
C16243,B,No
C16244,A,No
C16245,A,No
C16246,A,No
C16247,A,Yes
C16248,B,No
C16249,B,No
C16250,B,No
C16251,B,No
C16252,B,No
C16253,B,No
C16254,B,No
C16255,B,No
C16256,B,No
C16257,A,No
C16258,B,No
C16259,A,No
C16260,B,No
C16261,A,Yes
C16262,B,No
C16263,B,No
C16264,B,No
C16265,B,No
C16266,B,No
C16267,A,No
C16268,A,Yes
C16269,B,No
C16270,B,No
C16271,A,No
C16272,B,No
C16273,A,Yes
C16274,A,No
C16275,A,No
C16276,A,No
C16277,A,No
C16278,B,No
C16279,B,No
C16280,B,No
C16281,A,No
C16282,A,No
C16283,A,No
C16284,A,No
C16285,A,No
C16286,A,No
C16287,A,Yes
C16288,A,No
C16289,B,No
C16290,A,No
C16291,A,No
C16292,A,No
C16293,A,No
C16294,A,No
C16295,A,No
C16296,B,No
C16297,B,No
C16298,A,No
C16299,A,No
C16300,B,No
C16301,B,No
C16302,B,No
C16303,B,No
C16304,B,No
C16305,B,No
C16306,A,No
C16307,A,No
C16308,A,No
C16309,A,No
C16310,B,Yes
C16311,B,No
C16312,B,No
C16313,A,Yes
C16314,B,No
C16315,A,No
C16316,B,No
C16317,A,No
C16318,A,No
C16319,B,No
C16320,A,No
C16321,B,No
C16322,A,No
C16323,B,No
C16324,B,No
C16325,B,No
C16326,A,No
C16327,B,No
C16328,A,No
C16329,B,No
C16330,A,No
C16331,A,No
C16332,B,No
C16333,B,No
C16334,A,No
C16335,B,No
C16336,B,No
C16337,A,No
C16338,B,No
C16339,A,No
C16340,A,No
C16341,A,No
C16342,B,Yes
C16343,B,No
C16344,B,No
C16345,A,No
C16346,B,No
C16347,B,No
C16348,B,No
C16349,B,No
C16350,A,No
C16351,B,No
C16352,B,No
C16353,A,No
C16354,A,No
C16355,B,No
C16356,A,No
C16357,A,No
C16358,A,No
C16359,B,No
C16360,A,No
C16361,B,No
C16362,A,No
C16363,B,No
C16364,A,No
C16365,B,No
C16366,B,No
C16367,A,No
C16368,B,No
C16369,B,No
C16370,B,No
C16371,A,No
C16372,B,No
C16373,B,No
C16374,A,No
C16375,B,No
C16376,A,No
C16377,A,No
C16378,B,No
C16379,A,No
C16380,A,No
C16381,A,No
C16382,A,No
C16383,B,No
C16384,A,No
C16385,B,No
C16386,B,No
C16387,B,No
C16388,B,No
C16389,A,Yes
C16390,B,No
C16391,A,No
C16392,B,No
C16393,A,No
C16394,A,No
C16395,B,No
C16396,B,No
C16397,A,No
C16398,A,No
C16399,B,No
C16400,A,No
C16401,B,No
C16402,B,No
C16403,A,No
C16404,B,No
C16405,A,No
C16406,A,No
C16407,A,No
C16408,A,No
C16409,A,No
C16410,A,No
C16411,B,No
C16412,A,No
C16413,B,No
C16414,A,No
C16415,A,No
C16416,A,No
C16417,B,No
C16418,B,No
C16419,B,No
C16420,A,No
C16421,B,No
C16422,A,No
C16423,A,No
C16424,B,No
C16425,B,No
C16426,B,No
C16427,B,No
C16428,A,No
C16429,A,No
C16430,B,No
C16431,A,No
C16432,B,No
C16433,B,No
C16434,A,No
C16435,B,No
C16436,B,No
C16437,A,No
C16438,B,No
C16439,B,No
C16440,B,No
C16441,B,No
C16442,B,No
C16443,B,No
C16444,B,No
C16445,B,No
C16446,A,No
C16447,B,No
C16448,B,No
C16449,B,No
C16450,B,No
C16451,A,No
C16452,B,No
C16453,A,No
C16454,A,No
C16455,A,No
C16456,A,No
C16457,A,No
C16458,B,No
C16459,B,No
C16460,A,No
C16461,B,No
C16462,A,No
C16463,A,No
C16464,A,No
C16465,A,No
C16466,A,No
C16467,A,No
C16468,A,No
C16469,A,No
C16470,B,No
C16471,B,No
C16472,A,No
C16473,A,No
C16474,B,No
C16475,A,No
C16476,B,No
C16477,B,No
C16478,B,No
C16479,A,No
C16480,A,No
C16481,A,No
C16482,B,No
C16483,B,No
C16484,A,No
C16485,A,No
C16486,B,No
C16487,B,No
C16488,A,No
C16489,A,No
C16490,B,No
C16491,B,No
C16492,B,No
C16493,B,No
C16494,A,No
C16495,B,No
C16496,B,No
C16497,B,No
C16498,A,No
C16499,B,No
C16500,A,No
C16501,B,No
C16502,A,No
C16503,A,No
C16504,A,No
C16505,B,No
C16506,B,No
C16507,B,No
C16508,B,No
C16509,B,No
C16510,A,No
C16511,A,No
C16512,A,No
C16513,A,No
C16514,B,No
C16515,A,No
C16516,B,No
C16517,B,No
C16518,A,No
C16519,A,No
C16520,A,No
C16521,B,Yes
C16522,B,No
C16523,A,No
C16524,A,No
C16525,A,No
C16526,B,No
C16527,A,No
C16528,B,No
C16529,B,No
C16530,A,No
C16531,B,No
C16532,A,No
C16533,B,No
C16534,A,No
C16535,A,No
C16536,A,No
C16537,A,No
C16538,B,No
C16539,A,No
C16540,B,No
C16541,B,No
C16542,A,No
C16543,A,No
C16544,B,No
C16545,A,No
C16546,A,No
C16547,B,No
C16548,A,No
C16549,A,No
C16550,A,No
C16551,B,No
C16552,A,No
C16553,B,No
C16554,A,No
C16555,A,No
C16556,A,No
C16557,A,Yes
C16558,B,No
C16559,A,Yes
C16560,A,No
C16561,B,No
C16562,A,No
C16563,B,No
C16564,A,No
C16565,B,Yes
C16566,B,Yes
C16567,A,No
C16568,A,No
C16569,B,No
C16570,B,No
C16571,A,No
C16572,A,No
C16573,B,No
C16574,A,Yes
C16575,B,No
C16576,B,No
C16577,B,No
C16578,B,No
C16579,B,No
C16580,B,No
C16581,B,No
C16582,A,No
C16583,B,No
C16584,B,No
C16585,B,No
C16586,B,No
C16587,A,No
C16588,B,No
C16589,A,No
C16590,A,No
C16591,A,No
C16592,A,No
C16593,B,No
C16594,A,No
C16595,B,Yes
C16596,A,No
C16597,A,No
C16598,A,No
C16599,A,No
C16600,A,No
C16601,B,No
C16602,B,No
C16603,A,No
C16604,B,No
C16605,B,No
C16606,A,No
C16607,A,No
C16608,B,No
C16609,B,No
C16610,B,No
C16611,A,No
C16612,A,No
C16613,A,No
C16614,B,No
C16615,B,No
C16616,A,No
C16617,A,No
C16618,B,No
C16619,B,No
C16620,B,No
C16621,A,No
C16622,A,No
C16623,A,No
C16624,B,No
C16625,A,No
C16626,A,No
C16627,A,No
C16628,A,No
C16629,B,No
C16630,A,No
C16631,B,No
C16632,A,No
C16633,A,No
C16634,A,No
C16635,A,No
C16636,B,No
C16637,A,No
C16638,B,No
C16639,B,No
C16640,A,No
C16641,A,No
C16642,B,No
C16643,A,No
C16644,B,No
C16645,B,No
C16646,A,No
C16647,A,No
C16648,B,No
C16649,B,No
C16650,B,No
C16651,B,No
C16652,B,No
C16653,B,No
C16654,B,No
C16655,A,No
C16656,A,No
C16657,A,No
C16658,B,No
C16659,B,No
C16660,A,No
C16661,B,No
C16662,A,No
C16663,B,No
C16664,A,No
C16665,B,No
C16666,A,No
C16667,A,No
C16668,A,No
C16669,B,No
C16670,B,No
C16671,B,No
C16672,A,No
C16673,B,No
C16674,B,No
C16675,B,No
C16676,A,No
C16677,B,No
C16678,B,No
C16679,B,No
C16680,A,No
C16681,B,No
C16682,A,No
C16683,A,No
C16684,A,No
C16685,A,No
C16686,A,No
C16687,B,Yes
C16688,A,No
C16689,B,No
C16690,A,No
C16691,A,No
C16692,A,No
C16693,A,No
C16694,B,No
C16695,B,No
C16696,A,No
C16697,A,No
C16698,B,No
C16699,B,No
C16700,A,No
C16701,A,No
C16702,A,No
C16703,B,No
C16704,B,No
C16705,B,No
C16706,A,Yes
C16707,B,No
C16708,A,No
C16709,A,No
C16710,B,No
C16711,B,No
C16712,B,No
C16713,B,No
C16714,A,No
C16715,B,No
C16716,B,No
C16717,B,No
C16718,B,No
C16719,B,No
C16720,A,No
C16721,B,No
C16722,A,No
C16723,A,No
C16724,B,No
C16725,A,No
C16726,A,No
C16727,A,No
C16728,A,No
C16729,B,No
C16730,A,No
C16731,B,No
C16732,B,No
C16733,B,No
C16734,B,No
C16735,A,No
C16736,A,No
C16737,B,Yes
C16738,A,No
C16739,A,No
C16740,A,No
C16741,A,No
C16742,A,No
C16743,A,No
C16744,A,No
C16745,B,No
C16746,B,No
C16747,A,No
C16748,A,No
C16749,A,No
C16750,A,No
C16751,A,No
C16752,A,No
C16753,A,No
C16754,A,No
C16755,A,No
C16756,B,No
C16757,B,No
C16758,B,No
C16759,A,No
C16760,A,No
C16761,B,No
C16762,B,No
C16763,A,No
C16764,A,No
C16765,B,No
C16766,A,No
C16767,B,No
C16768,B,No
C16769,A,No
C16770,B,No
C16771,B,No
C16772,A,No
C16773,B,No
C16774,B,No
C16775,A,No
C16776,A,No
C16777,A,No
C16778,A,No
C16779,B,No
C16780,B,No
C16781,A,No
C16782,B,No
C16783,B,No
C16784,B,No
C16785,A,No
C16786,A,No
C16787,B,No
C16788,A,No
C16789,B,No
C16790,A,No
C16791,A,No
C16792,A,No
C16793,B,No
C16794,A,No
C16795,A,No
C16796,B,No
C16797,A,No
C16798,B,No
C16799,A,No
C16800,B,No
C16801,B,Yes
C16802,B,No
C16803,B,No
C16804,B,No
C16805,A,No
C16806,A,No
C16807,A,No
C16808,A,No
C16809,B,No
C16810,B,No
C16811,B,No
C16812,B,No
C16813,A,No
C16814,B,No
C16815,A,No
C16816,B,No
C16817,B,No
C16818,B,No
C16819,B,No
C16820,B,No
C16821,A,No
C16822,B,No
C16823,A,No
C16824,A,No
C16825,A,No
C16826,A,No
C16827,B,No
C16828,B,No
C16829,B,No
C16830,A,No
C16831,A,No
C16832,A,No
C16833,A,No
C16834,B,No
C16835,B,No
C16836,A,No
C16837,B,No
C16838,A,No
C16839,B,No
C16840,A,No
C16841,B,No
C16842,B,No
C16843,A,No
C16844,B,No
C16845,B,No
C16846,B,No
C16847,B,No
C16848,B,No
C16849,A,Yes
C16850,B,No
C16851,B,No
C16852,B,No
C16853,B,No
C16854,B,No
C16855,B,No
C16856,A,No
C16857,A,No
C16858,A,No
C16859,B,No
C16860,B,No
C16861,A,No
C16862,A,No
C16863,A,No
C16864,B,No
C16865,A,No
C16866,B,No
C16867,B,No
C16868,B,No
C16869,B,No
C16870,B,No
C16871,A,No
C16872,B,No
C16873,A,No
C16874,B,No
C16875,A,Yes
C16876,A,No
C16877,A,No
C16878,B,No
C16879,B,No
C16880,A,No
C16881,B,No
C16882,A,No
C16883,B,No
C16884,A,No
C16885,A,No
C16886,B,No
C16887,A,No
C16888,B,No
C16889,A,No
C16890,A,No
C16891,A,No
C16892,A,No
C16893,A,No
C16894,A,No
C16895,B,No
C16896,A,No
C16897,A,No
C16898,B,Yes
C16899,B,No
C16900,B,No
C16901,B,No
C16902,A,No
C16903,B,No
C16904,B,No
C16905,A,No
C16906,B,No
C16907,B,Yes
C16908,B,No
C16909,A,No
C16910,A,No
C16911,A,No
C16912,A,No
C16913,A,No
C16914,A,No
C16915,B,No
C16916,B,No
C16917,B,No
C16918,B,No
C16919,A,No
C16920,A,No
C16921,A,No
C16922,A,No
C16923,B,No
C16924,B,No
C16925,B,No
C16926,A,No
C16927,A,No
C16928,A,No
C16929,A,No
C16930,B,No
C16931,B,No
C16932,A,No
C16933,B,Yes
C16934,B,No
C16935,A,No
C16936,B,No
C16937,B,No
C16938,B,No
C16939,A,No
C16940,B,No
C16941,B,No
C16942,A,No
C16943,B,No
C16944,A,No
C16945,A,No
C16946,B,No
C16947,A,No
C16948,A,No
C16949,A,No
C16950,A,No
C16951,A,No
C16952,B,No
C16953,B,No
C16954,B,No
C16955,B,No
C16956,A,No
C16957,A,No
C16958,A,Yes
C16959,B,No
C16960,B,No
C16961,B,No
C16962,B,No
C16963,A,No
C16964,B,No
C16965,A,No
C16966,B,No
C16967,A,No
C16968,A,No
C16969,A,No
C16970,A,No
C16971,A,No
C16972,A,No
C16973,A,No
C16974,B,No
C16975,B,No
C16976,A,No
C16977,B,No
C16978,A,Yes
C16979,B,No
C16980,A,No
C16981,A,No
C16982,B,No
C16983,B,No
C16984,A,No
C16985,B,No
C16986,B,No
C16987,A,No
C16988,A,No
C16989,A,No
C16990,B,No
C16991,A,Yes
C16992,B,No
C16993,B,No
C16994,B,No
C16995,A,No
C16996,A,No
C16997,A,No
C16998,A,No
C16999,B,No
C17000,B,No
C17001,B,No
C17002,B,No
C17003,B,No
C17004,A,No
C17005,A,No
C17006,A,Yes
C17007,B,No
C17008,A,No
C17009,B,No
C17010,A,No
C17011,B,No
C17012,B,Yes
C17013,B,No
C17014,A,No
C17015,A,No
C17016,A,No
C17017,B,No
C17018,A,No
C17019,A,No
C17020,A,No
C17021,A,No
C17022,B,No
C17023,A,No
C17024,A,No
C17025,B,No
C17026,A,No
C17027,B,No
C17028,B,No
C17029,B,No
C17030,A,No
C17031,B,No
C17032,A,No
C17033,A,No
C17034,A,No
C17035,A,No
C17036,B,No
C17037,B,Yes
C17038,A,No
C17039,A,No
C17040,B,No
C17041,A,No
C17042,A,No
C17043,A,No
C17044,B,No
C17045,B,No
C17046,B,No
C17047,B,No
C17048,A,No
C17049,B,No
C17050,B,No
C17051,A,No
C17052,A,No
C17053,A,No
C17054,B,No
C17055,A,No
C17056,A,No
C17057,A,Yes
C17058,B,No
C17059,B,No
C17060,A,No
C17061,B,No
C17062,A,No
C17063,B,No
C17064,A,Yes
C17065,B,No
C17066,B,No
C17067,A,No
C17068,A,No
C17069,B,No
C17070,A,No
C17071,B,No
C17072,B,No
C17073,B,No
C17074,A,No
C17075,A,No
C17076,B,No
C17077,B,No
C17078,B,No
C17079,B,No
C17080,B,No
C17081,B,No
C17082,A,No
C17083,B,No
C17084,A,No
C17085,B,No
C17086,B,No
C17087,A,No
C17088,A,Yes
C17089,A,No
C17090,A,No
C17091,B,No
C17092,A,No
C17093,A,No
C17094,B,No
C17095,A,No
C17096,A,No
C17097,A,No
C17098,A,No
C17099,B,No
C17100,A,Yes
C17101,B,No
C17102,A,No
C17103,B,No
C17104,B,No
C17105,A,No
C17106,A,No
C17107,A,No
C17108,A,No
C17109,A,No
C17110,B,No
C17111,B,No
C17112,B,No
C17113,B,No
C17114,B,No
C17115,A,No
C17116,B,No
C17117,B,No
C17118,A,No
C17119,B,No
C17120,A,No
C17121,A,No
C17122,B,No
C17123,A,No
C17124,A,No
C17125,A,No
C17126,B,No
C17127,A,No
C17128,A,No
C17129,B,No
C17130,B,No
C17131,A,No
C17132,B,No
C17133,B,No
C17134,A,No
C17135,A,No
C17136,B,No
C17137,B,No
C17138,B,No
C17139,B,No
C17140,B,No
C17141,B,No
C17142,B,No
C17143,A,No
C17144,A,No
C17145,B,No
C17146,B,No
C17147,B,No
C17148,A,No
C17149,A,Yes
C17150,B,No
C17151,A,No
C17152,A,No
C17153,B,No
C17154,A,No
C17155,A,No
C17156,A,No
C17157,B,No
C17158,A,No
C17159,A,No
C17160,B,No
C17161,B,No
C17162,B,No
C17163,A,No
C17164,A,No
C17165,B,No
C17166,B,No
C17167,B,No
C17168,A,No
C17169,B,No
C17170,B,No
C17171,A,No
C17172,A,No
C17173,B,No
C17174,B,Yes
C17175,B,No
C17176,B,No
C17177,A,No
C17178,B,No
C17179,B,No
C17180,A,No
C17181,B,No
C17182,B,No
C17183,B,No
C17184,B,No
C17185,A,No
C17186,A,No
C17187,A,No
C17188,B,Yes
C17189,B,No
C17190,B,No
C17191,B,No
C17192,B,No
C17193,B,No
C17194,A,No
C17195,B,No
C17196,A,No
C17197,B,No
C17198,B,No
C17199,A,No
C17200,A,No
C17201,A,No
C17202,A,No
C17203,A,No
C17204,B,Yes
C17205,A,No
C17206,A,No
C17207,A,No
C17208,A,No
C17209,B,No
C17210,A,No
C17211,B,No
C17212,B,No
C17213,B,No
C17214,B,No
C17215,A,No
C17216,B,No
C17217,B,No
C17218,B,No
C17219,B,No
C17220,B,No
C17221,B,No
C17222,B,No
C17223,B,No
C17224,B,No
C17225,B,No
C17226,B,No
C17227,B,No
C17228,B,No
C17229,A,No
C17230,A,No
C17231,B,No
C17232,A,No
C17233,B,No
C17234,B,No
C17235,A,Yes
C17236,A,No
C17237,A,No
C17238,A,No
C17239,B,No
C17240,A,No
C17241,A,No
C17242,A,No
C17243,B,No
C17244,B,No
C17245,B,No
C17246,B,No
C17247,B,No
C17248,B,No
C17249,B,No
C17250,B,No
C17251,A,No
C17252,A,No
C17253,A,No
C17254,A,No
C17255,A,No
C17256,B,No
C17257,A,No
C17258,A,No
C17259,A,Yes
C17260,A,No
C17261,A,No
C17262,B,No
C17263,B,No
C17264,B,No
C17265,A,No
C17266,B,No
C17267,A,No
C17268,B,No
C17269,B,No
C17270,B,No
C17271,B,No
C17272,B,No
C17273,B,No
C17274,A,No
C17275,B,No
C17276,B,No
C17277,B,No
C17278,A,No
C17279,A,No
C17280,A,No
C17281,A,No
C17282,B,Yes
C17283,A,No
C17284,B,No
C17285,B,Yes
C17286,A,No
C17287,A,No
C17288,B,No
C17289,B,No
C17290,B,No
C17291,B,No
C17292,B,No
C17293,B,No
C17294,A,No
C17295,B,No
C17296,B,No
C17297,A,No
C17298,A,No
C17299,A,No
C17300,A,No
C17301,B,No
C17302,B,No
C17303,A,No
C17304,A,No
C17305,A,No
C17306,B,No
C17307,B,No
C17308,A,No
C17309,B,No
C17310,A,No
C17311,A,No
C17312,A,No
C17313,B,No
C17314,A,No
C17315,B,No
C17316,A,Yes
C17317,B,No
C17318,A,No
C17319,A,No
C17320,A,Yes
C17321,B,No
C17322,B,No
C17323,B,No
C17324,B,No
C17325,B,No
C17326,A,No
C17327,B,No
C17328,B,No
C17329,B,No
C17330,A,No
C17331,B,No
C17332,A,No
C17333,B,No
C17334,B,No
C17335,A,No
C17336,B,No
C17337,B,No
C17338,B,No
C17339,B,No
C17340,B,No
C17341,A,No
C17342,B,No
C17343,B,No
C17344,B,No
C17345,A,No
C17346,A,No
C17347,A,Yes
C17348,A,No
C17349,B,No
C17350,B,No
C17351,B,No
C17352,A,No
C17353,A,No
C17354,A,No
C17355,A,No
C17356,B,No
C17357,B,No
C17358,B,No
C17359,B,No
C17360,B,No
C17361,A,No
C17362,B,No
C17363,B,No
C17364,A,No
C17365,B,No
C17366,A,No
C17367,B,No
C17368,A,No
C17369,A,No
C17370,A,No
C17371,B,No
C17372,B,No
C17373,B,No
C17374,B,No
C17375,B,No
C17376,A,No
C17377,A,No
C17378,B,No
C17379,A,No
C17380,A,No
C17381,A,No
C17382,B,No
C17383,B,Yes
C17384,A,No
C17385,A,No
C17386,A,No
C17387,B,No
C17388,B,No
C17389,A,No
C17390,A,No
C17391,B,No
C17392,A,No
C17393,B,No
C17394,B,No
C17395,A,Yes
C17396,B,No
C17397,B,No
C17398,A,Yes
C17399,B,No
C17400,B,No
C17401,B,No
C17402,A,No
C17403,B,No
C17404,B,No
C17405,B,No
C17406,A,No
C17407,A,No
C17408,B,No
C17409,B,No
C17410,B,No
C17411,A,No
C17412,A,No
C17413,A,No
C17414,A,No
C17415,A,No
C17416,A,No
C17417,A,No
C17418,B,No
C17419,A,No
C17420,B,No
C17421,B,No
C17422,A,No
C17423,A,No
C17424,B,No
C17425,B,No
C17426,A,No
C17427,B,No
C17428,B,No
C17429,B,No
C17430,B,No
C17431,B,Yes
C17432,B,No
C17433,B,No
C17434,A,No
C17435,A,No
C17436,B,No
C17437,A,No
C17438,B,No
C17439,A,No
C17440,B,No
C17441,B,No
C17442,B,No
C17443,A,No
C17444,B,No
C17445,A,No
C17446,B,No
C17447,B,No
C17448,B,No
C17449,B,No
C17450,A,No
C17451,B,No
C17452,A,No
C17453,A,No
C17454,A,No
C17455,B,No
C17456,A,No
C17457,A,No
C17458,A,No
C17459,B,No
C17460,B,No
C17461,B,Yes
C17462,B,No
C17463,B,No
C17464,B,No
C17465,A,No
C17466,A,No
C17467,B,No
C17468,B,No
C17469,A,No
C17470,B,No
C17471,B,No
C17472,B,No
C17473,B,No
C17474,A,No
C17475,A,No
C17476,A,No
C17477,A,No
C17478,A,Yes
C17479,A,No
C17480,B,No
C17481,A,No
C17482,A,No
C17483,A,No
C17484,B,No
C17485,B,No
C17486,A,No
C17487,B,No
C17488,B,No
C17489,B,No
C17490,B,No
C17491,A,No
C17492,B,No
C17493,A,No
C17494,B,No
C17495,A,No
C17496,B,No
C17497,B,No
C17498,A,No
C17499,A,No
C17500,A,No
C17501,B,No
C17502,A,No
C17503,B,No
C17504,B,No
C17505,A,No
C17506,A,No
C17507,B,No
C17508,A,No
C17509,B,No
C17510,B,Yes
C17511,B,No
C17512,B,No
C17513,B,No
C17514,B,No
C17515,A,No
C17516,B,No
C17517,A,No
C17518,B,No
C17519,B,No
C17520,B,No
C17521,B,No
C17522,A,No
C17523,A,No
C17524,B,No
C17525,B,No
C17526,A,No
C17527,A,No
C17528,B,No
C17529,B,No
C17530,B,No
C17531,A,No
C17532,A,No
C17533,A,No
C17534,B,No
C17535,A,No
C17536,B,No
C17537,A,No
C17538,B,No
C17539,A,No
C17540,B,No
C17541,A,No
C17542,A,No
C17543,A,No
C17544,A,No
C17545,B,No
C17546,B,Yes
C17547,A,No
C17548,A,No
C17549,B,No
C17550,A,No
C17551,A,No
C17552,B,No
C17553,A,No
C17554,B,No
C17555,B,No
C17556,A,No
C17557,B,No
C17558,B,Yes
C17559,B,No
C17560,A,No
C17561,A,No
C17562,B,No
C17563,A,No
C17564,B,No
C17565,B,No
C17566,A,No
C17567,B,No
C17568,B,No
C17569,B,No
C17570,A,No
C17571,A,No
C17572,B,No
C17573,A,No
C17574,B,No
C17575,B,No
C17576,A,No
C17577,A,No
C17578,B,No
C17579,A,No
C17580,A,No
C17581,A,No
C17582,A,No
C17583,B,No
C17584,B,No
C17585,B,No
C17586,A,No
C17587,B,No
C17588,A,No
C17589,B,No
C17590,B,No
C17591,A,No
C17592,A,No
C17593,B,No
C17594,B,No
C17595,B,No
C17596,A,No
C17597,B,No
C17598,B,No
C17599,B,No
C17600,B,No
C17601,B,No
C17602,A,No
C17603,B,No
C17604,A,No
C17605,B,No
C17606,B,No
C17607,A,No
C17608,A,No
C17609,B,Yes
C17610,B,No
C17611,A,No
C17612,A,No
C17613,A,Yes
C17614,A,No
C17615,A,No
C17616,B,No
C17617,B,No
C17618,A,No
C17619,A,No
C17620,B,No
C17621,A,No
C17622,B,No
C17623,A,No
C17624,A,No
C17625,B,No
C17626,A,No
C17627,A,No
C17628,A,No
C17629,B,No
C17630,A,No
C17631,B,No
C17632,B,No
C17633,B,No
C17634,B,No
C17635,B,No
C17636,B,No
C17637,B,No
C17638,B,No
C17639,B,No
C17640,B,No
C17641,B,No
C17642,A,No
C17643,A,No
C17644,B,No
C17645,B,No
C17646,B,No
C17647,B,No
C17648,A,No
C17649,A,No
C17650,A,No
C17651,B,No
C17652,A,No
C17653,B,No
C17654,B,No
C17655,B,No
C17656,B,No
C17657,A,No
C17658,B,No
C17659,A,No
C17660,B,No
C17661,A,No
C17662,A,No
C17663,B,No
C17664,B,No
C17665,B,No
C17666,A,No
C17667,B,No
C17668,B,No
C17669,A,No
C17670,A,No
C17671,A,No
C17672,B,No
C17673,A,No
C17674,A,No
C17675,A,Yes
C17676,A,No
C17677,B,No
C17678,B,No
C17679,A,No
C17680,A,No
C17681,B,No
C17682,B,No
C17683,A,No
C17684,B,No
C17685,B,No
C17686,B,No
C17687,A,No
C17688,B,No
C17689,B,No
C17690,B,No
C17691,A,No
C17692,A,No
C17693,B,No
C17694,A,No
C17695,A,No
C17696,B,No
C17697,A,No
C17698,B,No
C17699,B,No
C17700,A,No
C17701,A,Yes
C17702,A,No
C17703,B,No
C17704,A,No
C17705,A,No
C17706,A,No
C17707,B,No
C17708,B,No
C17709,A,No
C17710,A,No
C17711,A,No
C17712,A,No
C17713,A,No
C17714,B,Yes
C17715,A,No
C17716,A,No
C17717,A,No
C17718,A,No
C17719,B,No
C17720,B,No
C17721,B,No
C17722,B,No
C17723,B,No
C17724,A,No
C17725,A,No
C17726,B,No
C17727,B,No
C17728,B,No
C17729,A,Yes
C17730,B,No
C17731,B,No
C17732,B,No
C17733,A,No
C17734,A,No
C17735,B,No
C17736,A,No
C17737,B,No
C17738,A,No
C17739,A,No
C17740,A,No
C17741,B,No
C17742,B,No
C17743,B,No
C17744,A,No
C17745,A,No
C17746,B,No
C17747,B,No
C17748,A,No
C17749,B,No
C17750,B,No
C17751,B,No
C17752,A,No
C17753,B,No
C17754,B,No
C17755,B,No
C17756,B,No
C17757,A,No
C17758,A,No
C17759,A,No
C17760,A,No
C17761,B,No
C17762,B,No
C17763,B,No
C17764,A,No
C17765,B,No
C17766,B,No
C17767,B,No
C17768,B,Yes
C17769,B,No
C17770,A,No
C17771,A,No
C17772,A,No
C17773,A,No
C17774,B,No
C17775,A,Yes
C17776,B,No
C17777,B,No
C17778,B,No
C17779,A,No
C17780,A,No
C17781,A,No
C17782,A,No
C17783,A,No
C17784,A,No
C17785,A,No
C17786,A,No
C17787,A,No
C17788,B,No
C17789,B,No
C17790,B,Yes
C17791,B,No
C17792,B,No
C17793,A,No
C17794,B,Yes
C17795,A,No
C17796,B,No
C17797,B,No
C17798,A,No
C17799,B,No
C17800,B,No
C17801,B,No
C17802,A,No
C17803,A,No
C17804,B,No
C17805,B,No
C17806,A,No
C17807,B,No
C17808,B,No
C17809,A,No
C17810,B,No
C17811,B,No
C17812,A,No
C17813,B,No
C17814,A,No
C17815,A,No
C17816,B,No
C17817,B,No
C17818,A,No
C17819,A,No
C17820,B,Yes
C17821,A,No
C17822,A,No
C17823,B,No
C17824,A,No
C17825,B,No
C17826,A,No
C17827,A,No
C17828,B,No
C17829,A,No
C17830,A,No
C17831,A,No
C17832,A,No
C17833,B,No
C17834,B,No
C17835,B,No
C17836,B,No
C17837,B,No
C17838,B,No
C17839,A,No
C17840,A,No
C17841,A,No
C17842,B,No
C17843,A,No
C17844,A,No
C17845,B,No
C17846,A,No
C17847,B,Yes
C17848,A,No
C17849,A,No
C17850,A,No
C17851,B,No
C17852,A,No
C17853,A,No
C17854,B,No
C17855,A,No
C17856,B,No
C17857,B,No
C17858,B,No
C17859,A,No
C17860,A,No
C17861,B,No
C17862,A,No
C17863,B,No
C17864,B,No
C17865,B,No
C17866,B,No
C17867,B,No
C17868,B,No
C17869,B,No
C17870,A,No
C17871,B,No
C17872,A,No
C17873,B,No
C17874,B,No
C17875,B,No
C17876,A,No
C17877,A,No
C17878,B,No
C17879,A,No
C17880,A,No
C17881,A,No
C17882,A,No
C17883,A,No
C17884,A,No
C17885,B,No
C17886,A,No
C17887,B,No
C17888,B,No
C17889,B,No
C17890,A,No
C17891,A,No
C17892,A,No
C17893,A,No
C17894,B,No
C17895,A,No
C17896,B,No
C17897,A,No
C17898,A,No
C17899,A,No
C17900,A,No
C17901,A,No
C17902,A,No
C17903,A,No
C17904,B,No
C17905,A,No
C17906,A,No
C17907,A,No
C17908,B,No
C17909,B,No
C17910,A,No
C17911,B,No
C17912,A,No
C17913,A,No
C17914,A,No
C17915,A,No
C17916,A,No
C17917,A,No
C17918,B,No
C17919,B,No
C17920,A,No
C17921,B,No
C17922,A,No
C17923,B,No
C17924,B,No
C17925,A,No
C17926,A,No
C17927,B,No
C17928,A,No
C17929,B,No
C17930,B,No
C17931,A,No
C17932,B,No
C17933,A,No
C17934,A,No
C17935,A,No
C17936,B,No
C17937,B,Yes
C17938,B,No
C17939,A,No
C17940,B,No
C17941,A,No
C17942,A,No
C17943,B,No
C17944,A,Yes
C17945,B,No
C17946,B,No
C17947,B,No
C17948,B,No
C17949,B,No
C17950,A,Yes
C17951,A,No
C17952,A,No
C17953,A,No
C17954,A,No
C17955,A,No
C17956,A,No
C17957,B,No
C17958,B,No
C17959,A,No
C17960,A,No
C17961,A,No
C17962,A,No
C17963,A,No
C17964,A,No
C17965,A,No
C17966,B,No
C17967,B,No
C17968,A,No
C17969,B,No
C17970,B,No
C17971,A,No
C17972,A,No
C17973,B,No
C17974,B,No
C17975,A,No
C17976,A,No
C17977,B,No
C17978,A,No
C17979,B,No
C17980,B,No
C17981,A,No
C17982,A,No
C17983,B,No
C17984,B,No
C17985,B,No
C17986,B,No
C17987,B,No
C17988,A,No
C17989,B,No
C17990,B,No
C17991,B,No
C17992,A,No
C17993,B,No
C17994,B,No
C17995,A,Yes
C17996,A,No
C17997,B,No
C17998,B,No
C17999,A,No
C18000,B,No
C18001,A,No
C18002,A,No
C18003,B,No
C18004,B,No
C18005,B,No
C18006,A,No
C18007,A,No
C18008,B,No
C18009,B,Yes
C18010,B,No
C18011,B,No
C18012,B,No
C18013,A,No
C18014,A,No
C18015,B,No
C18016,A,No
C18017,B,No
C18018,B,No
C18019,B,No
C18020,A,No
C18021,B,No
C18022,B,No
C18023,A,No
C18024,A,No
C18025,B,No
C18026,B,No
C18027,A,No
C18028,A,No
C18029,A,No
C18030,B,No
C18031,A,No
C18032,A,No
C18033,B,No
C18034,B,No
C18035,A,No
C18036,A,No
C18037,B,No
C18038,B,No
C18039,B,No
C18040,B,No
C18041,B,No
C18042,B,No
C18043,B,No
C18044,A,No
C18045,A,No
C18046,A,No
C18047,A,No
C18048,B,No
C18049,B,No
C18050,A,No
C18051,B,No
C18052,A,No
C18053,B,No
C18054,A,Yes
C18055,A,No
C18056,A,No
C18057,B,No
C18058,B,No
C18059,A,No
C18060,B,No
C18061,A,No
C18062,B,No
C18063,B,No
C18064,B,No
C18065,A,No
C18066,B,No
C18067,B,No
C18068,A,No
C18069,A,No
C18070,A,No
C18071,A,No
C18072,B,No
C18073,A,No
C18074,A,No
C18075,B,No
C18076,B,No
C18077,B,No
C18078,B,No
C18079,B,No
C18080,A,No
C18081,B,No
C18082,B,No
C18083,A,No
C18084,A,No
C18085,B,No
C18086,A,No
C18087,B,No
C18088,B,No
C18089,A,No
C18090,A,No
C18091,A,No
C18092,B,No
C18093,B,No
C18094,B,No
C18095,A,No
C18096,A,No
C18097,A,No
C18098,B,No
C18099,A,No
C18100,A,No
C18101,B,No
C18102,B,No
C18103,A,No
C18104,B,No
C18105,A,No
C18106,A,No
C18107,B,No
C18108,B,No
C18109,B,No
C18110,B,No
C18111,A,No
C18112,B,No
C18113,A,No
C18114,A,No
C18115,A,No
C18116,B,No
C18117,B,No
C18118,B,No
C18119,B,No
C18120,A,No
C18121,B,No
C18122,B,No
C18123,B,No
C18124,B,No
C18125,A,No
C18126,B,No
C18127,A,No
C18128,B,No
C18129,A,No
C18130,B,No
C18131,B,No
C18132,B,No
C18133,B,No
C18134,A,No
C18135,B,No
C18136,B,No
C18137,B,No
C18138,A,No
C18139,B,No
C18140,A,No
C18141,B,No
C18142,A,No
C18143,A,Yes
C18144,A,No
C18145,A,No
C18146,A,Yes
C18147,B,No
C18148,B,No
C18149,B,No
C18150,A,No
C18151,B,No
C18152,A,Yes
C18153,B,No
C18154,B,No
C18155,A,No
C18156,A,No
C18157,A,No
C18158,B,No
C18159,A,No
C18160,A,No
C18161,A,Yes
C18162,A,No
C18163,A,No
C18164,B,No
C18165,A,No
C18166,A,No
C18167,A,No
C18168,A,No
C18169,B,No
C18170,B,No
C18171,A,No
C18172,A,No
C18173,B,No
C18174,A,No
C18175,A,No
C18176,B,Yes
C18177,B,No
C18178,B,No
C18179,A,No
C18180,A,No
C18181,A,No
C18182,B,No
C18183,A,No
C18184,A,No
C18185,A,Yes
C18186,A,No
C18187,B,No
C18188,B,No
C18189,A,No
C18190,B,No
C18191,B,No
C18192,B,No
C18193,A,No
C18194,A,No
C18195,B,No
C18196,B,No
C18197,B,No
C18198,A,No
C18199,B,No
C18200,A,No
C18201,A,No
C18202,B,No
C18203,B,No
C18204,B,No
C18205,B,No
C18206,B,No
C18207,B,No
C18208,B,No
C18209,B,No
C18210,B,No
C18211,A,No
C18212,B,No
C18213,A,No
C18214,A,No
C18215,B,No
C18216,A,No
C18217,B,No
C18218,B,No
C18219,A,No
C18220,B,No
C18221,A,No
C18222,B,No
C18223,B,No
C18224,B,Yes
C18225,B,No
C18226,A,No
C18227,B,No
C18228,B,No
C18229,A,No
C18230,A,No
C18231,A,No
C18232,B,No
C18233,B,No
C18234,B,No
C18235,A,Yes
C18236,A,No
C18237,B,No
C18238,B,No
C18239,A,No
C18240,A,No
C18241,B,No
C18242,B,No
C18243,A,No
C18244,A,No
C18245,A,No
C18246,B,Yes
C18247,A,No
C18248,B,No
C18249,B,No
C18250,B,No
C18251,B,No
C18252,A,No
C18253,B,No
C18254,A,No
C18255,B,No
C18256,B,No
C18257,A,No
C18258,B,No
C18259,B,No
C18260,A,No
C18261,A,No
C18262,B,No
C18263,B,No
C18264,B,No
C18265,A,No
C18266,B,No
C18267,B,No
C18268,B,No
C18269,B,No
C18270,A,No
C18271,A,Yes
C18272,B,Yes
C18273,B,No
C18274,A,No
C18275,B,No
C18276,B,No
C18277,B,No
C18278,B,No
C18279,A,No
C18280,A,No
C18281,B,No
C18282,A,No
C18283,A,No
C18284,A,No
C18285,A,No
C18286,B,No
C18287,B,No
C18288,B,No
C18289,A,No
C18290,B,No
C18291,A,No
C18292,A,No
C18293,B,No
C18294,B,No
C18295,A,No
C18296,B,No
C18297,B,No
C18298,A,No
C18299,B,Yes
C18300,A,Yes
C18301,A,No
C18302,A,No
C18303,A,Yes
C18304,B,No
C18305,A,No
C18306,B,No
C18307,B,No
C18308,B,No
C18309,A,No
C18310,B,No
C18311,B,No
C18312,B,No
C18313,A,No
C18314,A,Yes
C18315,B,No
C18316,B,No
C18317,B,No
C18318,B,No
C18319,A,No
C18320,A,No
C18321,A,No
C18322,A,No
C18323,B,No
C18324,A,No
C18325,B,No
C18326,A,No
C18327,A,No
C18328,B,No
C18329,B,No
C18330,B,No
C18331,B,No
C18332,A,No
C18333,B,No
C18334,B,No
C18335,A,No
C18336,A,No
C18337,B,No
C18338,A,No
C18339,A,No
C18340,A,No
C18341,A,No
C18342,B,No
C18343,B,No
C18344,B,No
C18345,A,No
C18346,A,No
C18347,B,No
C18348,A,No
C18349,B,No
C18350,B,No
C18351,B,No
C18352,A,No
C18353,A,No
C18354,A,No
C18355,A,No
C18356,B,No
C18357,B,No
C18358,A,No
C18359,A,No
C18360,B,No
C18361,A,No
C18362,B,No
C18363,A,No
C18364,A,No
C18365,B,No
C18366,A,No
C18367,A,No
C18368,B,No
C18369,A,No
C18370,B,No
C18371,A,No
C18372,A,No
C18373,B,No
C18374,A,No
C18375,A,No
C18376,B,No
C18377,B,No
C18378,B,No
C18379,A,No
C18380,A,No
C18381,A,No
C18382,B,No
C18383,B,No
C18384,A,No
C18385,A,No
C18386,B,No
C18387,A,No
C18388,B,No
C18389,B,No
C18390,B,No
C18391,A,No
C18392,A,No
C18393,B,Yes
C18394,B,No
C18395,B,No
C18396,B,No
C18397,A,No
C18398,B,No
C18399,B,No
C18400,A,No
C18401,B,No
C18402,B,No
C18403,A,No
C18404,B,No
C18405,B,No
C18406,A,No
C18407,B,No
C18408,A,No
C18409,A,No
C18410,B,No
C18411,A,No
C18412,B,No
C18413,A,No
C18414,A,No
C18415,A,No
C18416,B,No
C18417,B,No
C18418,A,No
C18419,B,No
C18420,B,No
C18421,B,No
C18422,A,No
C18423,B,Yes
C18424,A,No
C18425,A,No
C18426,A,No
C18427,A,No
C18428,B,No
C18429,B,No
C18430,A,No
C18431,B,No
C18432,B,No
C18433,B,No
C18434,A,No
C18435,B,No
C18436,B,No
C18437,B,No
C18438,B,No
C18439,B,No
C18440,A,No
C18441,B,No
C18442,B,No
C18443,A,No
C18444,B,No
C18445,B,No
C18446,A,Yes
C18447,A,No
C18448,A,No
C18449,B,No
C18450,A,No
C18451,A,No
C18452,B,No
C18453,A,No
C18454,A,No
C18455,A,No
C18456,B,No
C18457,B,No
C18458,A,No
C18459,A,No
C18460,A,No
C18461,B,No
C18462,B,No
C18463,A,No
C18464,B,No
C18465,A,Yes
C18466,B,No
C18467,B,No
C18468,B,No
C18469,B,No
C18470,A,No
C18471,B,Yes
C18472,A,No
C18473,A,No
C18474,A,No
C18475,B,No
C18476,B,No
C18477,A,No
C18478,B,No
C18479,B,No
C18480,B,No
C18481,A,No
C18482,B,No
C18483,B,No
C18484,A,No
C18485,A,No
C18486,B,No
C18487,B,No
C18488,B,No
C18489,A,No
C18490,B,No
C18491,A,No
C18492,A,No
C18493,A,No
C18494,B,No
C18495,B,No
C18496,A,No
C18497,A,No
C18498,A,No
C18499,A,No
C18500,B,No
C18501,B,No
C18502,A,No
C18503,A,No
C18504,B,No
C18505,B,No
C18506,B,No
C18507,A,No
C18508,A,No
C18509,A,No
C18510,B,No
C18511,A,No
C18512,A,No
C18513,A,No
C18514,B,No
C18515,B,No
C18516,B,No
C18517,B,No
C18518,A,No
C18519,A,No
C18520,A,No
C18521,B,No
C18522,A,No
C18523,A,No
C18524,A,No
C18525,A,No
C18526,B,No
C18527,A,No
C18528,B,No
C18529,B,Yes
C18530,A,No
C18531,B,No
C18532,B,No
C18533,A,No
C18534,A,No
C18535,B,Yes
C18536,A,No
C18537,B,No
C18538,A,No
C18539,B,No
C18540,B,No
C18541,A,No
C18542,A,No
C18543,A,No
C18544,A,No
C18545,B,No
C18546,A,No
C18547,A,No
C18548,A,No
C18549,A,No
C18550,B,No
C18551,A,No
C18552,A,No
C18553,A,No
C18554,A,No
C18555,A,No
C18556,B,No
C18557,A,Yes
C18558,B,No
C18559,A,No
C18560,B,Yes
C18561,A,No
C18562,A,No
C18563,A,No
C18564,A,No
C18565,A,No
C18566,A,Yes
C18567,A,No
C18568,B,No
C18569,A,No
C18570,A,No
C18571,B,No
C18572,B,No
C18573,B,No
C18574,B,No
C18575,B,No
C18576,A,No
C18577,B,No
C18578,A,Yes
C18579,B,No
C18580,B,No
C18581,B,No
C18582,A,No
C18583,B,No
C18584,A,No
C18585,A,No
C18586,A,No
C18587,B,No
C18588,A,No
C18589,B,No
C18590,B,No
C18591,A,No
C18592,B,No
C18593,A,No
C18594,B,No
C18595,A,No
C18596,B,No
C18597,A,No
C18598,B,No
C18599,B,No
C18600,B,No
C18601,B,Yes
C18602,B,No
C18603,B,No
C18604,A,No
C18605,B,No
C18606,A,No
C18607,B,No
C18608,A,No
C18609,B,No
C18610,A,No
C18611,A,No
C18612,B,No
C18613,A,No
C18614,A,No
C18615,A,No
C18616,A,No
C18617,A,No
C18618,A,No
C18619,A,No
C18620,B,No
C18621,B,No
C18622,A,No
C18623,A,Yes
C18624,B,No
C18625,B,No
C18626,A,No
C18627,B,No
C18628,A,No
C18629,A,Yes
C18630,A,No
C18631,B,No
C18632,B,No
C18633,A,Yes
C18634,B,No
C18635,A,No
C18636,A,No
C18637,A,No
C18638,A,No
C18639,A,No
C18640,A,No
C18641,A,No
C18642,A,No
C18643,B,No
C18644,B,No
C18645,A,No
C18646,A,No
C18647,A,No
C18648,A,No
C18649,B,No
C18650,B,No
C18651,B,No
C18652,A,No
C18653,B,No
C18654,B,No
C18655,A,No
C18656,B,No
C18657,B,No
C18658,A,No
C18659,A,No
C18660,B,Yes
C18661,A,No
C18662,B,No
C18663,A,Yes
C18664,A,No
C18665,B,No
C18666,B,No
C18667,A,No
C18668,B,No
C18669,B,No
C18670,A,No
C18671,B,No
C18672,B,No
C18673,B,No
C18674,A,No
C18675,B,No
C18676,A,No
C18677,B,No
C18678,A,No
C18679,B,No
C18680,A,No
C18681,A,No
C18682,A,No
C18683,A,Yes
C18684,A,No
C18685,A,No
C18686,B,No
C18687,A,No
C18688,B,No
C18689,B,No
C18690,A,No
C18691,A,No
C18692,B,No
C18693,B,No
C18694,A,No
C18695,A,No
C18696,A,Yes
C18697,A,No
C18698,B,No
C18699,B,No
C18700,A,No
C18701,A,No
C18702,A,No
C18703,A,No
C18704,A,Yes
C18705,A,No
C18706,B,No
C18707,A,No
C18708,A,No
C18709,A,No
C18710,B,No
C18711,A,No
C18712,A,No
C18713,A,No
C18714,B,No
C18715,B,No
C18716,A,No
C18717,A,No
C18718,A,No
C18719,A,No
C18720,B,No
C18721,B,No
C18722,A,No
C18723,A,No
C18724,A,Yes
C18725,A,No
C18726,A,No
C18727,A,Yes
C18728,A,No
C18729,A,No
C18730,B,No
C18731,B,No
C18732,B,No
C18733,A,No
C18734,A,No
C18735,B,No
C18736,B,No
C18737,A,Yes
C18738,B,No
C18739,A,No
C18740,B,Yes
C18741,B,No
C18742,A,No
C18743,A,No
C18744,B,No
C18745,A,No
C18746,A,No
C18747,B,No
C18748,B,No
C18749,B,No
C18750,A,No
C18751,A,No
C18752,B,No
C18753,A,No
C18754,B,No
C18755,B,No
C18756,B,No
C18757,A,No
C18758,A,No
C18759,B,No
C18760,B,Yes
C18761,B,No
C18762,A,No
C18763,A,Yes
C18764,A,No
C18765,B,Yes
C18766,A,No
C18767,A,No
C18768,A,No
C18769,B,No
C18770,B,No
C18771,B,No
C18772,A,No
C18773,B,No
C18774,B,No
C18775,A,No
C18776,B,No
C18777,B,No
C18778,A,No
C18779,B,No
C18780,A,No
C18781,A,No
C18782,B,No
C18783,B,No
C18784,B,No
C18785,B,No
C18786,B,No
C18787,A,No
C18788,A,No
C18789,A,No
C18790,B,Yes
C18791,A,No
C18792,A,No
C18793,B,No
C18794,A,No
C18795,A,No
C18796,B,No
C18797,A,No
C18798,A,No
C18799,B,No
C18800,A,No
C18801,A,No
C18802,B,No
C18803,B,No
C18804,A,No
C18805,A,No
C18806,B,No
C18807,A,No
C18808,B,No
C18809,B,No
C18810,A,No
C18811,B,No
C18812,A,No
C18813,A,No
C18814,A,No
C18815,A,No
C18816,B,No
C18817,A,No
C18818,A,No
C18819,B,No
C18820,B,No
C18821,A,No
C18822,A,No
C18823,B,No
C18824,A,No
C18825,A,No
C18826,B,No
C18827,A,No
C18828,B,No
C18829,B,No
C18830,A,Yes
C18831,B,No
C18832,A,No
C18833,A,No
C18834,B,No
C18835,B,No
C18836,A,No
C18837,A,No
C18838,A,No
C18839,B,No
C18840,A,No
C18841,B,No
C18842,A,No
C18843,B,No
C18844,A,Yes
C18845,A,Yes
C18846,B,No
C18847,B,No
C18848,B,No
C18849,B,No
C18850,B,No
C18851,A,No
C18852,A,No
C18853,B,No
C18854,A,No
C18855,A,No
C18856,B,No
C18857,A,No
C18858,A,No
C18859,A,No
C18860,A,No
C18861,A,No
C18862,A,No
C18863,B,No
C18864,A,No
C18865,A,No
C18866,B,No
C18867,B,No
C18868,B,No
C18869,A,No
C18870,A,No
C18871,B,No
C18872,B,No
C18873,A,No
C18874,A,No
C18875,A,No
C18876,B,No
C18877,B,No
C18878,B,No
C18879,B,Yes
C18880,B,No
C18881,A,No
C18882,A,No
C18883,A,No
C18884,B,No
C18885,B,No
C18886,A,No
C18887,B,No
C18888,A,No
C18889,A,No
C18890,B,No
C18891,B,No
C18892,B,No
C18893,A,No
C18894,A,No
C18895,B,No
C18896,A,No
C18897,B,No
C18898,A,No
C18899,A,No
C18900,B,No
C18901,A,No
C18902,A,Yes
C18903,B,No
C18904,A,No
C18905,B,No
C18906,A,No
C18907,B,No
C18908,B,No
C18909,A,No
C18910,B,No
C18911,A,No
C18912,B,No
C18913,B,No
C18914,A,No
C18915,B,No
C18916,A,No
C18917,B,No
C18918,B,No
C18919,A,No
C18920,A,No
C18921,B,No
C18922,A,Yes
C18923,B,No
C18924,A,No
C18925,B,No
C18926,A,No
C18927,A,No
C18928,B,No
C18929,B,No
C18930,A,Yes
C18931,A,No
C18932,B,No
C18933,B,No
C18934,B,No
C18935,A,No
C18936,A,No
C18937,B,No
C18938,B,No
C18939,A,No
C18940,B,No
C18941,A,No
C18942,B,No
C18943,B,No
C18944,B,No
C18945,B,No
C18946,A,No
C18947,B,No
C18948,A,No
C18949,A,No
C18950,B,No
C18951,A,No
C18952,A,No
C18953,A,Yes
C18954,B,No
C18955,B,No
C18956,B,Yes
C18957,A,No
C18958,A,No
C18959,A,No
C18960,A,No
C18961,B,No
C18962,A,No
C18963,B,No
C18964,B,No
C18965,B,No
C18966,A,No
C18967,B,No
C18968,B,No
C18969,A,No
C18970,B,No
C18971,B,No
C18972,A,No
C18973,A,No
C18974,B,No
C18975,A,No
C18976,A,No
C18977,B,No
C18978,A,No
C18979,B,No
C18980,A,No
C18981,A,Yes
C18982,B,Yes
C18983,B,No
C18984,A,No
C18985,B,No
C18986,A,No
C18987,A,No
C18988,A,No
C18989,B,No
C18990,B,No
C18991,B,No
C18992,A,No
C18993,B,No
C18994,A,Yes
C18995,A,No
C18996,A,No
C18997,A,No
C18998,B,No
C18999,A,No
C19000,A,No
C19001,B,No
C19002,B,No
C19003,A,No
C19004,B,No
C19005,B,No
C19006,A,No
C19007,B,No
C19008,B,No
C19009,A,No
C19010,B,No
C19011,A,No
C19012,B,No
C19013,A,No
C19014,B,No
C19015,B,No
C19016,A,No
C19017,A,Yes
C19018,B,Yes
C19019,B,No
C19020,A,No
C19021,B,No
C19022,B,No
C19023,A,No
C19024,B,No
C19025,A,No
C19026,A,No
C19027,B,No
C19028,B,No
C19029,B,No
C19030,B,No
C19031,A,No
C19032,A,No
C19033,A,Yes
C19034,A,No
C19035,B,No
C19036,A,No
C19037,B,No
C19038,A,No
C19039,A,No
C19040,B,No
C19041,A,No
C19042,A,No
C19043,B,No
C19044,A,No
C19045,A,No
C19046,B,No
C19047,A,Yes
C19048,A,No
C19049,B,No
C19050,B,No
C19051,B,No
C19052,A,No
C19053,B,No
C19054,A,No
C19055,A,No
C19056,B,No
C19057,B,No
C19058,B,No
C19059,A,No
C19060,B,No
C19061,A,No
C19062,B,No
C19063,A,No
C19064,A,No
C19065,A,No
C19066,A,No
C19067,B,No
C19068,B,No
C19069,A,No
C19070,A,No
C19071,B,No
C19072,B,No
C19073,B,No
C19074,A,No
C19075,A,No
C19076,B,No
C19077,A,No
C19078,B,Yes
C19079,A,No
C19080,B,No
C19081,B,No
C19082,A,No
C19083,A,No
C19084,B,No
C19085,A,No
C19086,A,No
C19087,B,No
C19088,A,No
C19089,A,Yes
C19090,B,No
C19091,A,No
C19092,B,No
C19093,A,No
C19094,B,No
C19095,A,No
C19096,A,No
C19097,B,No
C19098,A,No
C19099,B,No
C19100,B,No
C19101,A,No
C19102,B,No
C19103,B,No
C19104,B,No
C19105,B,No
C19106,A,No
C19107,B,No
C19108,B,No
C19109,B,No
C19110,B,No
C19111,B,No
C19112,B,No
C19113,A,No
C19114,A,No
C19115,B,No
C19116,B,No
C19117,A,No
C19118,B,No
C19119,B,No
C19120,B,No
C19121,B,No
C19122,A,No
C19123,A,No
C19124,A,No
C19125,B,No
C19126,B,No
C19127,B,No
C19128,B,No
C19129,A,No
C19130,A,No
C19131,A,No
C19132,B,No
C19133,B,No
C19134,B,No
C19135,A,No
C19136,A,No
C19137,A,No
C19138,A,No
C19139,A,No
C19140,B,No
C19141,A,No
C19142,B,No
C19143,B,No
C19144,A,No
C19145,B,No
C19146,A,No
C19147,B,Yes
C19148,B,No
C19149,B,No
C19150,A,No
C19151,A,No
C19152,A,No
C19153,B,No
C19154,B,No
C19155,A,No
C19156,B,No
C19157,B,No
C19158,A,No
C19159,A,No
C19160,B,No
C19161,A,No
C19162,A,No
C19163,A,No
C19164,B,No
C19165,A,No
C19166,B,No
C19167,A,No
C19168,A,No
C19169,A,No
C19170,A,No
C19171,A,No
C19172,A,No
C19173,A,No
C19174,A,No
C19175,A,No
C19176,B,No
C19177,B,No
C19178,A,No
C19179,A,No
C19180,A,No
C19181,A,No
C19182,A,No
C19183,B,No
C19184,B,No
C19185,B,No
C19186,B,No
C19187,A,No
C19188,B,No
C19189,B,No
C19190,A,No
C19191,A,No
C19192,A,No
C19193,B,No
C19194,A,No
C19195,B,No
C19196,B,No
C19197,B,No
C19198,A,No
C19199,A,No
C19200,A,No
C19201,A,No
C19202,A,No
C19203,A,No
C19204,B,No
C19205,A,No
C19206,A,No
C19207,A,No
C19208,A,No
C19209,B,No
C19210,B,No
C19211,A,No
C19212,A,No
C19213,A,No
C19214,A,No
C19215,B,No
C19216,B,No
C19217,A,No
C19218,B,No
C19219,B,No
C19220,A,No
C19221,B,No
C19222,A,No
C19223,A,No
C19224,B,No
C19225,A,No
C19226,A,No
C19227,B,No
C19228,A,No
C19229,A,No
C19230,A,No
C19231,A,No
C19232,A,No
C19233,A,No
C19234,A,No
C19235,A,No
C19236,B,No
C19237,B,No
C19238,B,No
C19239,B,No
C19240,B,No
C19241,A,No
C19242,A,No
C19243,B,No
C19244,A,No
C19245,B,No
C19246,B,No
C19247,B,No
C19248,A,No
C19249,B,No
C19250,A,No
C19251,A,No
C19252,B,No
C19253,A,No
C19254,B,No
C19255,A,No
C19256,A,No
C19257,A,No
C19258,A,No
C19259,A,No
C19260,A,No
C19261,B,No
C19262,B,No
C19263,B,No
C19264,B,No
C19265,B,No
C19266,B,No
C19267,A,No
C19268,B,No
C19269,A,No
C19270,B,No
C19271,A,Yes
C19272,B,No
C19273,A,No
C19274,A,No
C19275,B,No
C19276,A,No
C19277,B,No
C19278,B,Yes
C19279,B,No
C19280,B,No
C19281,B,No
C19282,B,No
C19283,A,No
C19284,A,No
C19285,A,No
C19286,A,No
C19287,B,No
C19288,A,No
C19289,A,No
C19290,A,No
C19291,B,No
C19292,A,No
C19293,B,No
C19294,B,No
C19295,A,No
C19296,B,No
C19297,A,No
C19298,B,No
C19299,A,No
C19300,A,No
C19301,B,Yes
C19302,A,No
C19303,B,No
C19304,B,No
C19305,B,No
C19306,A,No
C19307,A,Yes
C19308,A,No
C19309,A,No
C19310,A,No
C19311,A,No
C19312,B,No
C19313,B,Yes
C19314,A,No
C19315,B,No
C19316,A,No
C19317,B,No
C19318,B,No
C19319,A,No
C19320,A,No
C19321,A,No
C19322,B,No
C19323,A,No
C19324,B,No
C19325,B,No
C19326,A,No
C19327,B,No
C19328,B,No
C19329,B,No
C19330,B,No
C19331,B,No
C19332,A,No
C19333,B,No
C19334,B,No
C19335,B,No
C19336,A,No
C19337,B,No
C19338,A,No
C19339,B,No
C19340,A,No
C19341,B,No
C19342,B,No
C19343,A,No
C19344,A,No
C19345,A,No
C19346,B,No
C19347,A,No
C19348,A,No
C19349,A,No
C19350,A,No
C19351,B,Yes
C19352,A,No
C19353,B,No
C19354,B,No
C19355,A,No
C19356,A,No
C19357,A,No
C19358,A,No
C19359,A,No
C19360,A,No
C19361,A,No
C19362,B,No
C19363,B,No
C19364,B,No
C19365,B,No
C19366,A,No
C19367,A,No
C19368,B,No
C19369,B,No
C19370,A,No
C19371,A,No
C19372,A,No
C19373,B,No
C19374,B,No
C19375,A,No
C19376,B,No
C19377,A,No
C19378,B,No
C19379,A,No
C19380,B,No
C19381,B,No
C19382,A,No
C19383,A,No
C19384,B,No
C19385,A,No
C19386,B,No
C19387,B,No
C19388,A,No
C19389,B,No
C19390,B,No
C19391,A,No
C19392,B,No
C19393,A,No
C19394,A,No
C19395,A,Yes
C19396,A,No
C19397,A,No
C19398,A,No
C19399,A,No
C19400,A,No
C19401,A,No
C19402,A,No
C19403,A,No
C19404,A,No
C19405,A,No
C19406,B,No
C19407,B,No
C19408,B,No
C19409,A,No
C19410,B,No
C19411,A,No
C19412,B,No
C19413,A,No
C19414,B,No
C19415,B,No
C19416,A,No
C19417,A,No
C19418,B,No
C19419,A,No
C19420,B,No
C19421,B,No
C19422,A,No
C19423,B,No
C19424,B,No
C19425,B,No
C19426,B,No
C19427,A,No
C19428,A,No
C19429,B,No
C19430,A,Yes
C19431,A,No
C19432,A,No
C19433,B,No
C19434,A,No
C19435,A,No
C19436,B,No
C19437,A,No
C19438,A,No
C19439,A,Yes
C19440,B,No
C19441,A,No
C19442,B,No
C19443,A,No
C19444,B,Yes
C19445,B,No
C19446,A,Yes
C19447,A,Yes
C19448,A,No
C19449,B,No
C19450,B,No
C19451,B,No
C19452,B,No
C19453,A,Yes
C19454,B,Yes
C19455,B,No
C19456,B,No
C19457,B,Yes
C19458,A,No
C19459,B,No
C19460,B,No
C19461,A,No
C19462,B,No
C19463,A,No
C19464,B,No
C19465,A,No
C19466,A,No
C19467,A,Yes
C19468,B,No
C19469,A,No
C19470,A,No
C19471,B,No
C19472,A,No
C19473,A,No
C19474,B,No
C19475,B,No
C19476,A,No
C19477,A,Yes
C19478,A,No
C19479,B,No
C19480,B,No
C19481,A,No
C19482,A,No
C19483,B,No
C19484,B,No
C19485,A,No
C19486,B,No
C19487,B,No
C19488,B,No
C19489,A,No
C19490,B,No
C19491,A,No
C19492,A,No
C19493,B,No
C19494,A,No
C19495,B,No
C19496,B,Yes
C19497,A,No
C19498,A,Yes
C19499,B,No
C19500,B,No
C19501,B,No
C19502,A,No
C19503,B,No
C19504,A,Yes
C19505,B,No
C19506,A,No
C19507,A,No
C19508,A,No
C19509,A,No
C19510,A,No
C19511,B,No
C19512,A,No
C19513,A,No
C19514,B,No
C19515,A,No
C19516,B,No
C19517,A,No
C19518,B,No
C19519,B,No
C19520,A,No
C19521,B,No
C19522,B,No
C19523,B,No
C19524,A,No
C19525,A,No
C19526,B,No
C19527,A,No
C19528,A,No
C19529,B,No
C19530,B,No
C19531,B,No
C19532,A,No
C19533,A,No
C19534,B,No
C19535,B,No
C19536,A,No
C19537,B,No
C19538,B,No
C19539,A,No
C19540,B,No
C19541,B,No
C19542,B,No
C19543,B,Yes
C19544,A,No
C19545,A,No
C19546,B,Yes
C19547,B,No
C19548,A,Yes
C19549,B,No
C19550,A,No
C19551,B,No
C19552,A,No
C19553,B,No
C19554,A,No
C19555,B,No
C19556,A,No
C19557,B,No
C19558,B,No
C19559,A,No
C19560,B,No
C19561,A,No
C19562,A,No
C19563,B,No
C19564,A,No
C19565,A,No
C19566,B,No
C19567,B,No
C19568,A,No
C19569,B,No
C19570,B,No
C19571,B,No
C19572,A,No
C19573,A,No
C19574,A,No
C19575,B,No
C19576,A,No
C19577,A,No
C19578,B,No
C19579,B,Yes
C19580,A,No
C19581,A,No
C19582,B,No
C19583,A,No
C19584,A,No
C19585,B,No
C19586,B,No
C19587,A,No
C19588,B,No
C19589,A,No
C19590,A,No
C19591,A,No
C19592,A,No
C19593,B,No
C19594,B,No
C19595,A,No
C19596,B,No
C19597,B,No
C19598,B,No
C19599,B,No
C19600,B,No
C19601,A,No
C19602,B,No
C19603,A,No
C19604,A,No
C19605,B,No
C19606,A,No
C19607,A,No
C19608,B,No
C19609,A,No
C19610,A,No
C19611,A,No
C19612,B,No
C19613,B,No
C19614,B,No
C19615,B,No
C19616,A,No
C19617,A,No
C19618,A,No
C19619,A,No
C19620,A,No
C19621,A,No
C19622,B,No
C19623,A,No
C19624,A,No
C19625,A,Yes
C19626,B,No
C19627,A,No
C19628,A,No
C19629,A,No
C19630,B,No
C19631,A,No
C19632,A,No
C19633,B,No
C19634,A,No
C19635,A,No
C19636,B,No
C19637,A,No
C19638,A,No
C19639,A,No
C19640,B,No
C19641,A,No
C19642,B,No
C19643,B,Yes
C19644,B,Yes
C19645,B,No
C19646,A,No
C19647,A,No
C19648,A,No
C19649,B,No
C19650,B,No
C19651,A,No
C19652,A,No
C19653,B,No
C19654,A,No
C19655,B,No
C19656,B,No
C19657,B,No
C19658,B,No
C19659,B,No
C19660,B,No
C19661,B,No
C19662,A,No
C19663,A,No
C19664,B,No
C19665,B,No
C19666,A,No
C19667,A,No
C19668,A,No
C19669,A,No
C19670,A,No
C19671,B,No
C19672,B,Yes
C19673,B,No
C19674,A,No
C19675,B,No
C19676,A,No
C19677,B,No
C19678,A,No
C19679,A,No
C19680,B,No
C19681,B,No
C19682,B,No
C19683,B,No
C19684,A,No
C19685,B,No
C19686,B,No
C19687,A,No
C19688,A,No
C19689,B,No
C19690,B,No
C19691,A,No
C19692,A,Yes
C19693,B,No
C19694,B,No
C19695,B,No
C19696,A,No
C19697,A,No
C19698,B,No
C19699,B,No
C19700,B,No
C19701,A,No
C19702,B,No
C19703,B,No
C19704,A,No
C19705,B,No
C19706,A,No
C19707,A,No
C19708,A,No
C19709,B,No
C19710,A,No
C19711,A,No
C19712,A,No
C19713,B,No
C19714,A,No
C19715,A,No
C19716,B,No
C19717,B,No
C19718,A,No
C19719,B,No
C19720,B,No
C19721,B,No
C19722,A,No
C19723,A,No
C19724,A,No
C19725,A,No
C19726,B,Yes
C19727,B,No
C19728,B,No
C19729,B,No
C19730,A,No
C19731,B,No
C19732,B,No
C19733,A,No
C19734,A,No
C19735,B,No
C19736,A,No
C19737,A,No
C19738,B,No
C19739,A,No
C19740,B,No
C19741,B,No
C19742,A,No
C19743,A,No
C19744,B,No
C19745,A,No
C19746,A,No
C19747,A,No
C19748,A,No
C19749,B,No
C19750,A,No
C19751,A,No
C19752,B,No
C19753,A,Yes
C19754,A,No
C19755,B,No
C19756,A,No
C19757,B,No
C19758,A,No
C19759,A,Yes
C19760,B,No
C19761,A,No
C19762,B,No
C19763,A,No
C19764,B,No
C19765,B,No
C19766,B,No
C19767,A,No
C19768,B,No
C19769,A,Yes
C19770,B,No
C19771,A,No
C19772,B,No
C19773,A,No
C19774,A,No
C19775,A,Yes
C19776,B,No
C19777,B,No
C19778,A,No
C19779,A,No
C19780,A,No
C19781,B,No
C19782,A,No
C19783,A,No
C19784,B,No
C19785,B,No
C19786,A,No
C19787,A,No
C19788,B,No
C19789,B,No
C19790,B,No
C19791,A,No
C19792,A,No
C19793,B,No
C19794,A,No
C19795,A,Yes
C19796,A,No
C19797,A,No
C19798,B,No
C19799,B,No
C19800,B,No
C19801,B,No
C19802,B,No
C19803,B,No
C19804,A,No
C19805,B,No
C19806,A,No
C19807,A,No
C19808,B,No
C19809,A,Yes
C19810,B,No
C19811,A,No
C19812,A,No
C19813,B,No
C19814,A,No
C19815,A,No
C19816,A,No
C19817,B,No
C19818,A,No
C19819,B,No
C19820,B,No
C19821,B,No
C19822,A,No
C19823,A,No
C19824,A,No
C19825,B,No
C19826,B,No
C19827,B,No
C19828,A,No
C19829,B,No
C19830,B,No
C19831,A,No
C19832,B,No
C19833,A,Yes
C19834,B,No
C19835,A,No
C19836,A,No
C19837,B,No
C19838,B,No
C19839,B,No
C19840,B,No
C19841,B,No
C19842,B,No
C19843,B,No
C19844,B,No
C19845,A,No
C19846,B,No
C19847,A,No
C19848,A,No
C19849,A,No
C19850,B,No
C19851,B,No
C19852,B,No
C19853,A,No
C19854,B,No
C19855,A,No
C19856,A,No
C19857,A,No
C19858,A,No
C19859,B,No
C19860,A,No
C19861,B,No
C19862,A,No
C19863,A,No
C19864,B,No
C19865,A,No
C19866,B,No
C19867,A,No
C19868,A,No
C19869,A,No
C19870,A,No
C19871,B,No
C19872,A,No
C19873,B,No
C19874,A,No
C19875,B,No
C19876,B,No
C19877,B,No
C19878,B,No
C19879,B,No
C19880,A,No
C19881,A,No
C19882,A,No
C19883,A,No
C19884,A,No
C19885,B,No
C19886,B,No
C19887,B,No
C19888,B,No
C19889,A,No
C19890,A,No
C19891,B,No
C19892,A,Yes
C19893,B,No
C19894,B,No
C19895,B,No
C19896,A,No
C19897,A,No
C19898,A,Yes
C19899,B,Yes
C19900,B,No
C19901,B,No
C19902,B,No
C19903,B,No
C19904,A,No
C19905,B,No
C19906,A,No
C19907,A,No
C19908,A,Yes
C19909,B,No
C19910,B,No
C19911,A,No
C19912,A,Yes
C19913,B,No
C19914,B,No
C19915,B,No
C19916,A,No
C19917,A,No
C19918,A,No
C19919,B,No
C19920,A,No
C19921,B,No
C19922,B,No
C19923,A,No
C19924,A,No
C19925,B,No
C19926,B,No
C19927,B,No
C19928,A,No
C19929,B,No
C19930,A,No
C19931,B,No
C19932,B,No
C19933,A,No
C19934,A,No
C19935,B,No
C19936,A,No
C19937,B,No
C19938,B,No
C19939,B,No
C19940,A,No
C19941,A,No
C19942,A,No
C19943,B,No
C19944,B,No
C19945,A,No
C19946,A,No
C19947,B,No
C19948,A,No
C19949,A,No
C19950,A,No
C19951,B,No
C19952,A,No
C19953,A,No
C19954,A,No
C19955,B,No
C19956,A,No
C19957,B,No
C19958,A,No
C19959,A,No
C19960,A,No
C19961,B,No
C19962,B,No
C19963,B,No
C19964,A,No
C19965,B,No
C19966,A,No
C19967,B,No
C19968,B,No
C19969,B,No
C19970,A,No
C19971,B,No
C19972,B,Yes
C19973,B,No
C19974,A,No
C19975,B,Yes
C19976,B,No
C19977,A,No
C19978,B,No
C19979,A,No
C19980,B,No
C19981,A,No
C19982,B,No
C19983,B,No
C19984,B,No
C19985,B,No
C19986,B,No
C19987,B,No
C19988,A,No
C19989,B,No
C19990,B,No
C19991,B,Yes
C19992,A,No
C19993,A,No
C19994,B,No
C19995,A,No
C19996,A,No
C19997,A,No
C19998,A,No
C19999,A,No
C20000,A,No
